EFSA 12 94.7928 45.0 12 61.9490724 28.9273551 30 61.9370323 28.9629555 11110 125.73300000000017
UUYY 18 103.9368 45.0 18 61.6573971 50.8538726 36 61.6365389 50.836361 11170 201.77000000000407
UUYY 36 103.9368 45.0 36 61.6365389 50.836361 18 61.6573971 50.8538726 10830 21.75999999999999
EFHK 04R 54.559200000000004 60.05 04R 60.3094561 24.9322977 22L 60.3306777 24.9790534 11150 47.49300000000039
EFHK 22L 54.559200000000004 60.05 22L 60.3306777 24.9790534 04R 60.3094561 24.9322977 11030 227.4930000000022
EFHK 04L 54.559200000000004 60.05 04L 60.3129536 24.9038163 22R 60.331563 24.9448194 11190 47.45999999999913
EFHK 22R 54.559200000000004 60.05 22R 60.331563 24.9448194 04L 60.3129536 24.9038163 11070 227.4600000000064
EFHK 15 54.559200000000004 60.0 15 60.330327 24.964506 33 60.3070652 24.9882769 10910 153.09999999999854
ENGM 01L 207.5688 45.11 01L 60.1849967 11.0737462 19R 60.2161546 11.0917004 11030 16.0029999999997
ENGM 19R 207.5688 45.11 19R 60.2161546 11.0917004 01L 60.1849967 11.0737462 11130 196.00299999999697
ENGM 01R 207.5688 45.11 01R 60.1757553 11.1077969 19L 60.2012149 11.1225183 11195 16.02900000000045
ENGM 19L 207.5688 45.11 19L 60.2012149 11.1225183 01R 60.1757553 11.1077969 11055 196.028999999995
USMM 14 14.9352 46.0 14 65.493239 72.6873063 32 65.471281 72.709475 11050 157.28100000000268
USMM 32 14.9352 46.0 32 65.471281 72.709475 14 65.493239 72.6873063 11030 337.2810000000027
BGTL 08T 76.8096 45.72 08T 76.5300396 -68.7617929 26T 76.5324261 -68.6445393 10950 85.02100000000064
EFKE 18 18.8976 47.85 18 65.793017 24.586011 36 65.770761 24.578861 11090 187.50400000000081
EFPO 30 13.1064 60.0 30 61.4557704 21.8171094 12 61.4681094 21.7813344 10810 305.8319999999949
ULMK 11 159.7152 42.0 11 67.4696467 33.5624843 29 67.4557593 33.6083903 11050 128.3269999999975
ESPA 14 19.5072 45.0 14 65.5548112 22.0973638 32 65.5327253 22.1465364 11030 137.362000000001
ESPA 32 19.5072 45.0 32 65.5327253 22.1465364 14 65.5548112 22.0973638 10990 317.3619999999937
EFKS 12 263.9568 45.11 12 65.9948338 29.2197496 30 65.9800405 29.2597675 11030 132.2430000000022
ENDU 28 76.8096 45.11 28 69.0523648 18.5678437 10 69.0595061 18.5098973 10870 287.77099999999336
ENRO 31 626.0592 42.0 31 62.5735399 11.3563639 13 62.5847032 11.3331142 10870 307.25900000000547
BIAR 01 1.2192 45.11 01 65.6458437 -18.0699439 19 65.667303 -18.074 10890 358.212
BIAR 19 1.2192 45.11 19 65.667303 -18.074 01 65.6458437 -18.0699439 11050 172.49899999999616
EKVG 30 85.03920000000001 30.0 30 62.0594457 -7.2606004 12 62.0670266 -7.291106 11030 297.9459999999963
ULAM 24 12.8016 40.0 24 67.641847 53.151117 06 67.6386941 53.0913606 10950 262.13099999999395
ENEV 17 25.2984 45.0 17 68.5038984 16.6767116 35 68.4787421 16.6795587 10890 177.59999999999854
EFKT 34 196.2912 45.0 34 67.6901502 24.8538938 16 67.7118589 24.8397951 11190 346.1290000000008
ULMM 13 81.0768 42.0 13 68.7911083 32.7340112 31 68.772486 32.76845 11030 146.22099999999773
ULMM 31 81.0768 42.0 31 68.772486 32.76845 13 68.7911083 32.7340112 10850 326.221000000005
ESKM 16 191.7192 45.11 16 60.9656435 14.5058641 34 60.9502157 14.5166492 10970 161.25499999999738
EFKU 33 98.4504 60.05 33 62.994928 27.809075 15 63.018081 27.787644 11030 337.221000000005
ENML 07 2.1336 45.11 07 62.742279 7.2467178 25 62.7487565 7.2877866 10975 70.9890000000014
CYRB 35 65.2272 60.06 35 74.7082598 -94.9617457 17 74.7256109 -94.9772849 11030 346.7140000000072
PACV 27 12.4968 45.72 27 60.488283 -145.4588865 9 60.496708 -145.4967884 11070 294.278999999995
PABE 19R 38.1 46.02 19R 60.7878203 -161.829278 1L 60.7717522 -161.8435566 11150 203.4360000000015
EFTP 24 118.872 45.11 24 61.4193688 23.6272159 06 61.4089222 23.5815857 11010 244.44500000000698
ESNQ 21 458.72400000000005 45.11 21 67.831322 20.3532066 03 67.8125958 20.3201561 11030 213.65899999999965
EFUT 25 103.0224 45.0 25 60.8981558 26.9558374 07 60.8945109 26.9203954 11050 258.0390000000043
ESNG 30 312.7248 45.0 30 67.128805 20.832095 12 67.1359925 20.7972096 10810 297.99800000000687
ENNA 34 6.7056000000000004 45.11 34 70.056378 24.976403 16 70.081247 24.970575 10830 355.429999999993
USDA 04 13.411200000000001 46.0 04 71.209581 72.0046074 22 71.219483 72.073247 10890 65.89400000000023
ENAL 24 20.1168 45.11 24 62.5648126 6.1305531 06 62.555931 6.089844 11195 244.63899999999558
ULPB 19 45.415200000000006 48.0 19 61.8954833 34.1641556 01 61.8748303 34.1454716 11070 203.09100000000035
CYHY 32 164.8968 45.72 32 60.8323545 -115.782047 14 60.8472654 -115.7962433 11030 338.2189999999973
ESND 09 359.05440000000004 30.0 09 62.0473234 14.4047842 27 62.048117 14.4372604 10910 87.0580000000009
ESNS 28 44.196000000000005 45.0 28 64.6210815 21.1063376 10 64.6274173 21.0557697 10950 286.29899999999907
USRO 01 135.9408 42.0 01 63.1736068 75.2586042 19 63.1938972 75.2794638 10910 24.882000000000062
USRO 19 135.9408 42.0 19 63.1938972 75.2794638 01 63.1736068 75.2586042 10850 204.8819999999978
ENBR 17 50.5968 45.0 17 60.3066626 5.2136891 35 60.2801164 5.2225813 10990 170.5550000000003
ENBR 35 50.5968 45.0 35 60.2801164 5.2225813 17 60.3066626 5.2136891 11050 350.554999999993
USRK 17 67.056 42.06 17 62.2016626 74.5378348 35 62.1794673 74.529552 10850 189.93699999999808
USRK 35 67.056 42.06 35 62.1794673 74.529552 17 62.2016626 74.5378348 10950 9.937000000005355
EFLP 06 106.3752 60.0 06 61.0401271 28.1230931 24 61.0490113 28.1657649 10990 66.72399999999834
CYQH 09 687.0192000000001 45.72 09 60.1190097 -128.8367795 27 60.1138962 -128.8082671 11030 106.92299999999886
ESNV 28 346.86240000000004 30.0 28 64.577555 16.848782 10 64.5806115 16.8183151 10990 283.1579999999958
ENVA 09 19.2024 45.11 09 63.4576629 10.886347 27 63.4575535 10.9466448 11030 90.25600000000122
ENVA 27 19.2024 45.11 27 63.4575535 10.9466448 09 63.4576629 10.886347 10990 270.25599999999395
USHQ 16 23.7744 44.0 16 63.6975725 66.700614 34 63.6783695 66.6988506 11030 182.3269999999975
BIKF 01 50.5968 60.0 01 63.9644775 -22.6054933 19 63.9918745 -22.6055124 11130 0.018000000000029104
BIKF 19 50.5968 60.0 19 63.9918745 -22.6055124 01 63.9644775 -22.6054933 11030 180.0179999999964
BIKF 10 50.5968 60.0 10 63.9850359 -22.6550894 28 63.9850487 -22.5924478 10950 90.0219999999972
BIKF 28 50.5968 60.0 28 63.9850487 -22.5924478 10 63.9850359 -22.6550894 10850 270.0219999999972
PANC 15 45.110400000000006 58.0 15 61.1997218 -150.0145266 33 61.1710187 -149.9984751 11175 164.90499999999884
EFTU 26 49.0728 60.05 26 60.5151289 22.2854804 08 60.5131081 22.2400988 10950 264.8619999999937
CYFB 34 33.528 60.96 34 63.7481414 -68.5374027 16 63.7649891 -68.5747139 10990 315.60599999999977
ESNU 14 7.315200000000001 45.11 14 63.7985605 20.269293 32 63.7830512 20.300327 10990 138.5179999999964
ESNU 32 7.315200000000001 45.11 32 63.7830512 20.300327 14 63.7985605 20.269293 11070 318.5179999999964
EFMA 21 5.1816 60.0 21 60.1300321 19.9048435 03 60.1143639 19.8913667 10890 203.3469999999943
USDD 04 65.8368 46.0 04 66.5848709 66.5841089 22 66.5965417 66.6380896 11150 61.48400000000038
USDD 22 65.8368 46.0 22 66.5965417 66.6380896 04 66.5848709 66.5841089 11130 241.48399999999674
ESNO 12 107.89920000000001 45.0 12 63.413956 18.971219 30 63.404517 19.005385 11010 121.65400000000227
ESNX 12 379.476 45.0 12 65.5985444 19.2561694 30 65.5846556 19.2987376 10935 128.25800000000163
ESNX 30 379.476 45.0 30 65.5846556 19.2987376 12 65.5985444 19.2561694 11150 308.25800000000163
ESNN 16 5.1816 45.11 16 62.5366528 17.4372231 34 62.5188592 17.4511629 10870 160.16500000000087
ESNN 34 5.1816 45.11 34 62.5188592 17.4511629 16 62.5366528 17.4372231 11030 340.1649999999936
USRR 07 60.96 45.0 07 61.343781 73.376058 25 61.343947 73.428203 11050 89.64700000000084
USRR 25 60.96 45.0 25 61.343947 73.428203 07 61.343781 73.376058 10910 269.6469999999972
BIRK 19 13.411200000000001 45.11 19 64.1359235 -21.9388617 01 64.1219326 -21.936216 10990 175.2719999999972
ESOH 18 144.4752 30.0 18 60.0268365 13.5781086 36 60.0132835 13.5796868 11010 176.69200000000274
ESNL 14 214.88400000000001 45.11 14 64.5567224 18.7014615 32 64.5417656 18.7276929 10870 142.99599999999919
CYEV 06 68.2752 45.72 06 68.3031825 -133.5052736 24 68.304372 -133.461033 11030 85.85299999999916
UNSS 15 50.292 42.0 15 60.7183621 77.6550055 33 60.7011389 77.6655597 10830 163.30399999999645
ESNZ 12 374.904 45.11 12 63.1988259 14.4793615 30 63.1894241 14.5246466 10950 114.73599999999715
ESUP 11 164.8968 45.0 11 67.249571 23.0511309 29 67.2397604 23.0982182 11150 118.25800000000163
USHH 06 42.976800000000004 45.0 06 61.0253472 69.0611002 24 61.0316817 69.1110545 11190 75.35800000000017
USHH 24 42.976800000000004 45.0 24 61.0316817 69.1110545 06 61.0253472 69.0611002 11010 255.3579999999929
BIEG 03 23.1648 45.0 03 65.2759537 -14.4097198 21 65.2909755 -14.39287 10930 25.26800000000003
PAOM 28 12.192 45.72 28 64.5087571 -165.4322327 10 64.5143186 -165.4681381 10870 289.79499999999825
EFOU 12 14.020800000000001 60.0 12 64.9358361 25.3318944 30 64.9242806 25.377225 10950 121.05200000000332
ESUT 33 457.20000000000005 30.0 33 65.7994973 15.0910648 15 65.8110379 15.0764854 11010 332.5829999999987
PANI 11 25.908 46.02 11 61.585838 -159.557781 29 61.577339 -159.528324 10970 121.23200000000361
EFVA 16 5.7912 48.0 16 63.061994 21.7543989 34 63.0405845 21.7687031 10850 163.19600000000355
UOOO 01 181.35600000000002 45.11 01 69.2980649 87.308678 19 69.3194296 87.3468345 10950 32.32999999999993
UOOO 19 181.35600000000002 45.11 19 69.3194296 87.3468345 01 69.2980649 87.308678 11030 212.33000000000175
ENAT 11 1.8288000000000002 45.0 11 69.9827472 23.3396333 29 69.9722823 23.3900161 10890 121.22899999999936
ENBO 07 12.4968 45.11 07 67.2654343 14.3202303 25 67.271895 14.3974296 11030 77.84300000000076
ENBO 25 12.4968 45.11 25 67.271895 14.3974296 07 67.2654343 14.3202303 10870 268.38300000000163
EFMI 11 100.584 45.0 11 61.6897107 27.1867564 29 61.6838235 27.2165465 10950 112.63700000000244
PABI 10 393.4968 45.72 10 63.9997118 -145.7354988 28 63.9902143 -145.7041684 11110 124.62999999999738
ESNK 35 9.7536 45.0 35 63.039725 17.771767 17 63.0574625 17.7659929 10970 351.54499999999825
ENTC 18 0.0 45.0 18 69.6937907 18.9258948 36 69.6723736 18.9116177 10990 193.03599999999278
ENTC 36 0.0 45.0 36 69.6723736 18.9116177 18 69.6937907 18.9258948 11090 13.036000000000058
USHN 34 109.72800000000001 44.0 34 62.099139 65.612806 16 62.121833 65.6148611 11030 2.4250000000029104
EFSI 32 91.44 45.0 32 62.6842005 22.848856 14 62.6970766 22.8219754 11150 316.2390000000014
USMQ 13 32.9184 42.0 13 67.9982959 75.0852381 31 67.9782981 75.1086108 11010 156.34399999999732
USMQ 31 32.9184 42.0 31 67.9782981 75.1086108 13 67.9982959 75.0852381 10810 336.3439999999973
ENKR 23 86.25840000000001 45.11 23 69.7295565 29.9215306 05 69.7220149 29.8646882 11030 249.07600000000093
ULAA 08 18.8976 44.0 08 64.601528 40.690563 26 64.598992 40.7425083 11030 96.51800000000003
ULAA 26 18.8976 44.0 26 64.598992 40.7425083 08 64.601528 40.690563 11170 276.5179999999964
EFRO 21 195.9864 60.05 21 66.575589 25.8510186 03 66.5540718 25.8099376 11170 217.17799999999988
UUYS 13 79.8576 42.0 13 66.0150197 57.35653 31 65.99437 57.37828 10870 156.8139999999985
PAEI 14 166.4208 42.87 14 64.6842042 -147.1179305 32 64.6471515 -147.0850382 11050 159.21399999999994
PAEI 32 166.4208 42.87 32 64.6471515 -147.0850382 14 64.6842042 -147.1179305 10990 339.2140000000072
ESSD 32 152.7048 45.0 32 60.4150664 15.5308875 14 60.4291196 15.4998183 10950 312.4799999999959
EFHA 26 145.9992 64.0 26 61.856842 24.811261 08 61.855256 24.761964 10990 266.11999999999534
PAKU 06 20.1168 50.0 06 70.3289321 -149.623332 24 70.3324908 -149.572006 11190 78.41100000000006
PAKU 24 20.1168 50.0 24 70.3324908 -149.572006 06 70.3289321 -149.623332 11070 258.4109999999928
UOII 12 24.9936 46.02 12 67.4452483 86.6009038 30 67.4295417 86.6425651 11030 134.50400000000081
UHMP 35 3.3528000000000002 40.0 35 69.7723622 170.6043317 17 69.7941818 170.5896387 10830 346.75100000000384
UERL 25L 254.2032 50.0 25L 60.7282651 114.8408526 07R 60.7188489 114.8099323 11030 237.95699999999488
EFIV 22 145.9992 45.0 22 68.614926 27.4277689 04 68.5996018 27.3827014 10990 227.0069999999978
EFKI 07 145.9992 48.0 07 64.283448 27.6668714 25 64.2875149 27.7178487 10990 79.61000000000058
UUYW 08 183.7944 50.0 08 67.4909129 63.9677514 26 67.4868722 64.0182195 10950 101.84400000000096
PAFA 20R 132.2832 45.72 20R 64.8280313 -147.839203 2L 64.802655 -147.885844 11030 218.04899999999907
UEEE 23 99.9744 60.05 23 62.1062192 129.7955796 05 62.0803895 129.7542152 11170 216.86999999999534
EFET 21 306.324 45.0 21 68.3699615 23.4381378 03 68.3552198 23.4105166 11130 214.67600000000675
UOHH 06 29.8704 48.16 06 71.9732203 102.4578309 24 71.9835877 102.5286467 11030 64.66999999999825
ENSG 24 497.1288 30.0 24 61.1583247 7.1452477 06 61.1532401 7.1274676 10810 235.23500000000058
USMU 09 64.31280000000001 46.0 09 66.0734678 76.492615 27 66.066518 76.546342 11095 107.7410000000018
USMU 27 64.31280000000001 46.0 27 66.066518 76.546342 09 66.0734678 76.492615 10950 287.74099999999453
USNN 03 53.644800000000004 60.05 03 60.9391996 76.4631231 21 60.9604742 76.5027719 11050 42.19499999999971
USNN 21 53.644800000000004 60.05 21 60.9604742 76.5027719 03 60.9391996 76.4631231 11190 222.19500000000698
EFJY 30 139.5984 60.0 30 62.3908956 25.697573 12 62.4076073 25.6602691 11090 314.0
CYZF 34 204.5208 45.72 34 62.4527925 -114.4408605 16 62.4732893 -114.4439831 10950 355.9679999999935
CYXY 32L 705.6120000000001 45.72 32L 60.6973409 -135.0579195 14R 60.7217082 -135.0767164 10950 339.35199999999895
PAEN 20R 30.1752 46.02 20R 60.5814713 -151.2359701 2L 60.5630419 -151.2585258 10890 211.02300000000105
EFJO 28 121.3104 52.12 28 62.6567931 29.643456 10 62.6645975 29.5976644 10950 290.3680000000022
EFKK 19 25.2984 60.05 19 63.729886 23.1474407 01 63.707847 23.1380987 10930 190.6339999999982
ENKB 07 62.484 45.0 07 63.1091347 7.8067589 25 63.1159442 7.851684 11010 71.3739999999998
EGUW 23 86.56320000000001 46.02 23 52.134311 0.968531 05 52.1197365 0.9423245 10995 233.0789999999979
EPWR 29 123.1392 45.0 29 51.0989546 16.8979878 11 51.1088107 16.8658049 11030 296.01600000000326
EKAH 10R 24.9936 45.0 10R 56.3055121 10.5975077 28L 56.3011776 10.6404822 11190 100.32600000000093
EKAH 28L 24.9936 45.0 28L 56.3011776 10.6404822 10R 56.3055121 10.5975077 11110 280.32600000000093
EGNJ 20 36.8808 45.11 20 53.5836036 -0.3444182 02 53.5652935 -0.3570861 10875 202.3249999999971
EGAE 08 6.096 45.11 08 55.0401098 -7.176695 26 55.045241 -7.14723 10830 69.70400000000154
EGAE 26 6.096 45.11 26 55.045241 -7.14723 08 55.0401098 -7.176695 10830 253.1079999999929
CYYQ 33 28.651200000000003 48.77 33 58.7233304 -94.0554466 15 58.745664 -94.0777139 11030 332.6530000000057
UWLL 02 136.8552 45.0 02 54.2593139 48.213931 20 54.282892 48.239256 11030 32.10699999999997
UWLL 20 136.8552 45.0 20 54.282892 48.239256 02 54.2593139 48.213931 11130 212.1070000000036
PADQ 26 23.7744 45.72 26 57.7514667 -152.4804528 8 57.7521917 -152.5189917 11090 272.0369999999966
UUOB 29 223.11360000000002 42.06 29 50.6382665 36.6070206 11 50.6485753 36.5756081 11050 297.38700000000244
ETNT 26 7.62 30.0 26 53.5502414 7.6854559 08 53.5455956 7.6493613 10995 257.83000000000175
ESGJ 01 225.85680000000002 45.0 01 57.7482276 14.0629582 19 57.7670264 14.0744385 11150 18.042999999999665
ESGJ 19 225.85680000000002 45.0 19 57.7670264 14.0744385 01 57.7482276 14.0629582 10990 198.04300000000512
EDDK 13L 88.69680000000001 60.0 13L 50.8804768 7.1290587 31R 50.8551645 7.1657414 11090 137.5769999999975
EDDK 31R 88.69680000000001 60.0 31R 50.8551645 7.1657414 13L 50.8804768 7.1290587 11110 317.5770000000048
EDDK 24 88.69680000000001 45.0 24 50.8696643 7.1552909 06 50.8601078 7.1237514 10910 244.35499999999593
ESDF 01 57.302400000000006 45.0 01 56.2569306 15.2625473 19 56.277625 15.2682322 10830 8.673999999999978
ESDF 19 57.302400000000006 45.0 19 56.277625 15.2682322 01 56.2569306 15.2625473 11070 188.67399999999907
PAPB 11 38.1 45.72 11 56.580634 -169.6746685 29 56.57418 -169.6529071 11010 118.33899999999994
PASY 28 29.8704 45.72 28 52.7080674 174.1350706 10 52.7164397 174.0919629 11010 287.7869999999966
PASN 36 20.1168 45.72 36 57.1575474 -170.2253286 18 57.1750906 -170.2198426 10990 9.625
EDHI 05 6.096 45.0 05 53.5249041 9.8134615 23 53.5426715 9.8511233 11070 51.57800000000134
EDHI 23 6.096 45.0 23 53.5426715 9.8511233 05 53.5249041 9.8134615 10850 231.57799999999406
ETMN 08 22.555200000000003 45.11 08 53.765449 8.640389 26 53.769792 8.676666 10855 78.5119999999988
ETMN 26 22.555200000000003 45.11 26 53.769792 8.676666 08 53.765449 8.640389 11175 258.51200000000244
CYXT 33 216.40800000000002 46.02 33 54.4583827 -128.5854913 15 54.4787119 -128.590463 11010 351.9229999999952
UHMM 10 174.95520000000002 60.0 10 59.9117855 150.6895723 28 59.910139 150.751178 11030 93.0789999999979
EGLC 09 5.7912 30.0 09 51.5055634 0.0443769 27 51.5048892 0.0659812 11115 92.91599999999744
EGLC 27 5.7912 30.0 27 51.5048892 0.0659812 09 51.5055634 0.0443769 11115 272.91599999999744
EBFS 08L 274.32 45.11 08L 50.2408436 4.6254562 26R 50.2463795 4.6721647 10835 79.50600000000122
EBFS 26R 274.32 45.11 26R 50.2463795 4.6721647 08L 50.2408436 4.6254562 10835 259.50599999999395
EIWF 21 36.2712 29.87 21 52.1932154 -7.0831831 03 52.1811766 -7.0907164 11090 200.96600000000035
EGTE 08 31.0896 46.02 08 50.7320678 -3.4280222 26 50.736457 -3.400003 10990 76.09800000000178
EGTE 26 31.0896 46.02 26 50.736457 -3.400003 08 50.7320678 -3.4280222 10990 256.09799999999814
EGVO 27 123.1392 45.11 27 51.2338064 -0.9295597 09 51.2345596 -0.9559485 10955 271.0
UMKK 06 12.4968 42.0 06 54.8854481 20.574753 24 54.8978115 20.622464 11030 65.77000000000044
UMKK 24 12.4968 42.0 24 54.8978115 20.622464 06 54.8854481 20.574753 10950 245.77000000000407
ENRY 30 52.7304 45.11 30 59.37385 10.804603 12 59.383736 10.76625 10910 296.85899999999674
EPLL 25 184.404 45.0 25 51.7236689 19.4063064 07 51.716222 19.3721968 11050 250.61000000000058
EGCN 02 16.764 60.05 02 53.4629319 -1.010734 20 53.4876499 -0.9975268 11095 17.622999999999593
EGCN 20 16.764 60.05 20 53.4876499 -0.9975268 02 53.4629319 -1.010734 11095 197.62300000000687
EYKA 08 77.4192 45.0 08 54.962664 24.0595044 26 54.965162 24.1100522 10950 85.09000000000015
EYKA 26 77.4192 45.0 26 54.965162 24.1100522 08 54.962664 24.0595044 10990 265.0899999999965
EGBJ 27 30.7848 36.88 27 51.8947971 -2.1568513 09 51.8934113 -2.1775424 10995 263.75
ESSL 11 54.254400000000004 45.0 11 58.4078853 15.6728419 29 58.4006527 15.7066758 10890 112.23200000000361
ESSL 29 54.254400000000004 45.0 29 58.4006527 15.7066758 11 58.4078853 15.6728419 10810 292.2320000000036
CYYE 04 381.3048 60.96 04 58.8316068 -122.6165419 22 58.8411971 -122.5881149 11030 56.79900000000089
CYYR 08 48.768 63.7 08 53.3041036 -60.447455 26 53.3213337 -60.405973 11030 55.2609999999986
ETNW 08 56.997600000000006 45.11 08 52.456007 9.412564 26 52.4593029 9.4490476 11055 81.59000000000015
ETNW 26 56.997600000000006 45.11 26 52.4593029 9.4490476 08 52.456007 9.412564 10970 261.5819999999949
EDHK 08 30.7848 30.0 08 54.3788016 10.1356821 26 54.3801562 10.1531581 10950 84.82099999999991
EDHK 26 30.7848 30.0 26 54.3801562 10.1531581 08 54.3788016 10.1356821 10950 262.4079999999958
ESIB 01 55.168800000000005 45.11 01 58.418141 12.709654 19 58.438433 12.712756 11115 4.5849999999999795
ESIB 19 55.168800000000005 45.11 19 58.438433 12.712756 01 58.418141 12.709654 10950 184.58499999999913
UKKM 15 157.8864 56.08 15 50.6178399 30.1805966 33 50.5894014 30.2019226 11190 154.5659999999989
UKKM 33 157.8864 56.08 33 50.5894014 30.2019226 15 50.6178399 30.1805966 10870 334.56600000000617
EDDH 05 16.154400000000003 46.0 05 53.6182268 9.9636813 23 53.6369113 10.0014879 11050 50.21299999999974
EDDH 23 16.154400000000003 46.0 23 53.6369113 10.0014879 05 53.6182268 9.9636813 11130 230.21300000000338
EDDH 15 16.154400000000003 46.0 15 53.6544151 9.975215 33 53.6251125 10.0005299 10955 152.8819999999978
EDGS 31 598.6272 30.0 31 50.7037844 8.0907357 13 50.7127362 8.0727088 10890 308.12399999999616
UUBP 34 202.0824 42.06 34 53.2037583 34.1786417 16 53.2251053 34.1731881 10990 351.377999999997
LFQQ 26 45.72 45.0 26 50.568418 3.1219567 08 50.5628806 3.0830167 11075 257.3880000000063
UNBG 20 294.7416 42.0 20 51.9785553 85.8436312 02 51.9598362 85.8292688 10990 205.2569999999978
LKVO 28 279.5016 45.0 28 50.2137995 14.4124402 10 50.2195677 14.3786108 11075 284.92600000000675
EGMD 21 3.9624 32.0 21 50.9618568 0.9449298 03 50.950486 0.933364 10815 207.0500000000029
EPMI 30 150.876 45.0 30 53.388555 16.0983845 12 53.401336 16.067655 11090 304.8600000000006
EGNH 28 10.3632 46.02 28 53.770878 -3.014439 10 53.772239 -3.042686 10815 274.67200000000594
EGXE 16 39.9288 40.0 16 54.3019311 -1.5426022 34 54.2831185 -1.5281696 11030 155.83000000000175
UARR 04 38.7096 45.0 04 51.1442826 51.528163 22 51.1597661 51.5597062 11130 51.96600000000035
UARR 22 38.7096 45.0 22 51.1597661 51.5597062 04 51.1442826 51.528163 10970 231.96600000000035
EGUB 19 68.8848 46.02 19 51.6231773 -1.0940514 01 51.6069741 -1.097641 11095 187.8070000000007
EGVN 07 88.08720000000001 56.08 07 51.7460677 -1.604207 25 51.7538903 -1.5617098 10855 73.47799999999916
EGVN 25 88.08720000000001 56.08 25 51.7538903 -1.5617098 07 51.7460677 -1.604207 10855 253.4780000000028
EGNL 35 13.1064 45.11 35 54.1242992 -3.2655777 17 54.133125 -3.2692941 11015 346.13099999999395
EPMM 26 183.7944 80.0 26 52.1955 21.67416 08 52.1956 21.6376 11130 270.2700000000041
EGAC 04 4.572 45.11 04 54.611362 -5.8805886 22 54.6248512 -5.8644243 10810 34.711999999999534
EGAC 22 4.572 45.11 22 54.6248512 -5.8644243 04 54.611362 -5.8805886 10810 214.71199999999953
CYXS 15 680.3136000000001 46.02 15 53.8995097 -122.6708083 33 53.8685751 -122.6621198 10950 170.59300000000076
CYWK 36 551.0784 45.72 36 52.9149702 -66.860094 18 52.9304628 -66.8692415 11010 340.39599999999336
UWWW 15 145.3896 45.0 15 53.5185862 50.1684427 33 53.4931747 50.183645 11190 160.42799999999988
UWWW 33 145.3896 45.0 33 53.4931747 50.183645 15 53.5185862 50.1684427 11110 340.4279999999999
UUOD 21 108.81360000000001 50.0 21 51.6617556 39.2671694 03 51.6446199 39.2461027 10990 217.35000000000582
UUBC 31 202.9968 45.0 31 54.540533 36.3812639 13 54.556497 36.3612248 11170 323.95100000000093
EDDL 05R 44.196000000000005 45.11 05R 51.2796082 6.7520086 23L 51.2959188 6.7862108 11015 52.70899999999892
EDDL 23L 44.196000000000005 45.11 23L 51.2959188 6.7862108 05R 51.2796082 6.7520086 10990 232.70900000000256
EDDL 05L 44.196000000000005 45.11 05L 51.2836703 6.7486745 23R 51.2983813 6.7795555 11095 52.702000000001135
EDDL 23R 44.196000000000005 45.11 23R 51.2983813 6.7795555 05L 51.2836703 6.7486745 10930 232.70200000000477
ESKN 26 42.672000000000004 45.0 26 58.789763 16.9297603 08 58.7866465 16.8803617 11190 263.1000000000058
LFQT 22 18.288 29.87 22 50.6249528 2.6501556 04 50.6118333 2.63435 10935 217.3990000000049
CYXE 09 503.8344 46.0 09 52.1785544 -106.7181317 27 52.1741836 -106.6817944 10990 101.0580000000009
PAKN 12 19.5072 45.72 12 58.6839312 -156.6647608 30 58.6676847 -156.629956 11030 131.91999999999825
UNBB 24 254.508 50.0 24 53.3681291 83.5594776 06 53.3582698 83.5199305 10870 247.33699999999953
ENHD 13 23.1648 45.11 13 59.3506646 5.1975401 31 59.3373664 5.2241915 10910 134.36499999999796
EGNM 14 207.5688 46.02 14 53.8735247 -1.6722729 32 53.858551 -1.6493161 11090 137.81700000000274
EGNM 32 207.5688 46.02 32 53.858551 -1.6493161 14 53.8735247 -1.6722729 11090 317.81699999999546
EKOD 24 17.0688 45.0 24 55.47983 10.3405 06 55.47078 10.31318 10835 239.71799999999348
EGXW 20 70.4088 60.96 20 53.17756 -0.516331 02 53.154664 -0.531481 11070 204.06900000000314
EGYD 26 66.1416 45.11 26 53.0309226 -0.477363 08 53.0285515 -0.5081387 10850 262.69400000000314
UASS 26 221.89440000000002 45.0 26 50.353289 80.255414 08 50.350228 80.212119 11030 263.6900000000023
EPZG 24 58.52160000000001 60.05 24 52.1433232 15.8150532 06 52.1337037 15.782041 11130 244.61500000000524
EYSA 14L 134.4168 45.11 14L 55.9069113 23.3793735 32R 55.880817 23.410597 10830 146.16199999999662
EYSA 32R 134.4168 45.11 32R 55.880817 23.410597 14L 55.9069113 23.3793735 10870 326.1619999999966
EGNX 09 93.2688 46.02 09 52.8306143 -1.3495515 27 52.8313932 -1.3066554 10935 88.28299999999945
EGNX 27 93.2688 46.02 27 52.8313932 -1.3066554 09 52.8306143 -1.3495515 10935 268.2829999999958
EGMC 05 12.4968 36.88 05 51.5659284 0.6833374 23 51.5757266 0.7051023 11135 54.10699999999997
EGMC 23 12.4968 36.88 23 51.5757266 0.7051023 05 51.5659284 0.6833374 11135 234.1070000000036
EGNO 25 16.764 46.02 25 53.7484442 -2.8665001 07 53.7414334 -2.9011662 10990 251.13700000000244
EPCE 25 153.6192 60.0 25 54.4189254 17.782007 07 54.4134912 17.7443913 11130 256.1530000000057
UWOR 07 277.0632 42.06 07 51.0695169 58.5754744 25 51.0755098 58.6158661 10955 76.70599999999831
UWOR 25 277.0632 42.06 25 51.0755098 58.6158661 07 51.0695169 58.5754744 10810 256.7060000000056
CYYC 17R 1098.4992 60.96 17R 51.1313631 -114.0213445 35L 51.0966419 -114.0213793 10930 180.0350000000035
CYYC 35L 1098.4992 60.96 35L 51.0966419 -114.0213793 17R 51.1313631 -114.0213445 11150 0.03500000000349246
CYYC 11 1098.4992 60.96 11 51.1267333 -114.0364454 29 51.1157352 -114.006267 11055 120.11699999999837
CYYC 29 1098.4992 60.96 29 51.1157352 -114.006267 11 51.1267333 -114.0364454 11090 300.11699999999837
CYYC 17L 1098.4992 60.96 17L 51.148576 -113.9903153 35R 51.1101997 -113.9903749 10915 180.0570000000007
CYYC 35R 1098.4992 60.96 35R 51.1101997 -113.9903749 17L 51.148576 -113.9903153 11075 0.05700000000069849
ULWC 21 114.90960000000001 42.0 21 59.284444 38.033575 03 59.2676357 38.003919 10870 222.0439999999944
UNNT 07 111.25200000000001 57.91 07 55.009911 82.622644 25 55.014953 82.678178 11010 81.02999999999884
UNNT 25 111.25200000000001 57.91 25 55.014953 82.678178 07 55.009911 82.622644 10850 261.02999999999884
UNNT 16 111.25200000000001 45.0 16 55.049194 82.5942855 34 55.017328 82.604064 10970 170.02700000000186
UNNT 34 111.25200000000001 45.0 34 55.017328 82.604064 16 55.049194 82.5942855 11110 350.02700000000186
UUMO 25 170.99280000000002 47.85 25 55.508444 37.520278 07 55.506778 37.487944 10830 264.77300000000105
ETOU 25 140.8176 37.51 25 50.0525968 8.3398451 07 50.0470333 8.3109658 10850 253.3399999999965
UUBW 30 122.8344 70.0 30 55.536508 38.182289 12 55.5639289 38.1277343 11090 311.6649999999936
ULLI 10R 24.0792 60.0 10R 59.7999167 30.218333 28L 59.790325 30.282911 11190 106.47600000000239
ULLI 28L 24.0792 60.0 28L 59.790325 30.282911 10R 59.7999167 30.218333 10890 286.4499999999971
ULLI 10L 24.0792 60.0 10L 59.809744 30.245403 28R 59.8011 30.30345 11050 106.51900000000023
ULLI 28R 24.0792 60.0 28R 59.8011 30.30345 10L 59.809744 30.245403 11130 286.51900000000023
UKKK 08 169.77360000000002 45.0 08 50.4010793 30.4348241 26 50.402474 30.4673484 11170 86.16900000000169
UKKK 26 169.77360000000002 45.0 26 50.402474 30.4673484 08 50.4010793 30.4348241 10830 266.1689999999944
UNWW 19 311.8104 45.0 19 53.8232935 86.8853031 01 53.8006424 86.8714465 11110 199.87300000000687
EDHL 07 16.764 60.0 07 53.8019441 10.7016119 25 53.8077759 10.7319381 10935 71.96600000000035
EDHL 25 16.764 60.0 25 53.8077759 10.7319381 07 53.8019441 10.7016119 11170 251.96600000000035
ETNG 27 89.61120000000001 44.81 27 50.9605717 6.0634915 09 50.9609687 6.0200308 11010 270.94400000000314
UUWW 01 208.788 45.0 01 55.5865639 37.2576083 19 55.6117889 37.2768833 11170 23.354999999999563
UUWW 19 208.788 45.0 19 55.6117889 37.2768833 01 55.5865639 37.2576083 11150 203.35499999999593
UUWW 06 208.788 60.05 06 55.5864528 37.2386639 24 55.59805 37.2902583 10890 68.33099999999831
UUWW 24 208.788 60.05 24 55.59805 37.2902583 06 55.5864528 37.2386639 11110 248.3310000000056
EGAA 25 81.6864 45.11 25 54.66281 -6.1960409 07 54.6522534 -6.235239 10990 245.05299999999988
EGAA 17 81.6864 45.11 17 54.6579222 -6.2286222 35 54.6417622 -6.2195486 11090 162.0
EETU 26 66.7512 31.0 26 58.3076313 26.7022333 08 58.3071858 26.6714328 10850 268.43399999999383
EPLK 10 194.7672 53.37 10 51.5550302 19.1618623 28 51.5470113 19.203045 10870 107.4409999999989
EPLK 28 194.7672 53.37 28 51.5470113 19.203045 10 51.5550302 19.1618623 11090 287.44100000000617
EPMO 08 102.108 45.0 08 52.4495099 20.6336741 26 52.4529341 20.6700676 10830 81.24499999999898
EGLF 06 71.3232 46.02 06 51.2705693 -0.7920007 24 51.2808338 -0.7611279 11155 61.96800000000076
EGLF 24 71.3232 46.02 24 51.2808338 -0.7611279 06 51.2705693 -0.7920007 11155 241.96799999999348
USCC 09 234.3912 60.05 09 55.3091689 61.4789758 27 55.3024132 61.5279127 10990 103.64800000000105
USCC 27 234.3912 60.05 27 55.3024132 61.5279127 09 55.3091689 61.4789758 10870 283.64800000000105
EGXC 25 7.010400000000001 57.0 25 53.0969942 -0.1466321 07 53.0893342 -0.1855838 11115 251.89500000000407
UASP 21 124.968 45.0 21 52.2035926 77.085723 03 52.1870831 77.0609472 11070 222.60499999999593
EPWA 11 108.81360000000001 50.0 11 52.1714828 20.9466847 29 52.1610195 20.9839343 10990 114.60199999999895
EPWA 33 108.81360000000001 60.01 33 52.1493841 20.9814277 15 52.178568 20.9559042 11030 331.8029999999999
EPSN 29 119.7864 60.0 29 53.7862549 15.8461547 11 53.7951431 15.8064211 11155 290.84500000000116
EPSY 01 140.5128 45.0 01 53.47113 20.9316904 19 53.49248 20.9436252 10810 18.43199999999979
EGSC 23 12.8016 48.0 23 52.2107118 0.1860372 05 52.1993413 0.1640573 11130 229.81500000000233
EGHI 20 12.4968 37.0 20 50.9589489 -1.3519495 02 50.9429558 -1.360883 11075 199.3399999999965
UKBB 18R 126.7968 63.09 18R 50.3521415 30.881605 36L 50.3207254 30.8793271 10890 182.6449999999968
UKBB 36L 126.7968 63.09 36L 50.3207254 30.8793271 18R 50.3521415 30.881605 11050 2.6450000000040745
UKBB 18L 126.7968 60.05 18L 50.3605867 30.9064795 36R 50.3245957 30.9038432 11130 182.68299999999726
UKBB 36R 126.7968 60.05 36R 50.3245957 30.9038432 18L 50.3605867 30.9064795 10970 2.68300000000454
CYKA 09 345.03360000000004 45.11 09 50.7055476 -120.4654066 27 50.7005269 -120.4318011 10930 102.92599999999948
ESMK 19 22.86 45.11 19 55.9315321 14.0877309 01 55.911799 14.0833661 10850 187.13899999999558
UWKJ 16 106.0704 45.11 16 56.7159471 47.8927727 34 56.694542 47.897556 10895 173.0089999999982
EKRK 11 44.196000000000005 31.0 11 55.5899805 12.1156392 29 55.5828282 12.1412296 11150 116.32400000000052
EKRK 21 44.196000000000005 32.0 21 55.5899583 12.1360694 03 55.5784028 12.1238472 10870 210.87600000000384
EGGP 09 24.384 46.02 09 53.3328499 -2.8669118 27 53.3344215 -2.8326663 11175 85.61100000000079
EGGP 27 24.384 46.02 27 53.3344215 -2.8326663 09 53.3328499 -2.8669118 11175 265.6110000000044
EGHH 08 11.5824 46.02 08 50.7774816 -1.8580972 26 50.7826705 -1.8268881 11050 75.28700000000026
EGHH 26 11.5824 46.02 26 50.7826705 -1.8268881 08 50.7774816 -1.8580972 11050 255.28699999999662
ENTO 18 87.17280000000001 45.11 18 59.1989092 10.2583139 36 59.1737284 10.2589173 10830 179.3249999999971
ENTO 36 87.17280000000001 45.11 36 59.1737284 10.2589173 18 59.1989092 10.2583139 11095 359.3249999999971
EKEB 08 29.5656 45.0 08 55.52384 8.533489 26 55.5281 8.573953 10910 79.4910000000018
EKEB 26 29.5656 45.0 26 55.5281 8.573953 08 55.52384 8.533489 11015 259.49099999999453
EGPN 09 5.1816 29.87 09 56.4524667 -3.0371806 27 56.4523528 -3.0144722 10810 90.54200000000128
EBCI 24 184.404 45.11 24 50.4665638 4.4759211 06 50.4551808 4.4367277 11090 245.48399999999674
EPKK 25 241.0968 60.0 25 50.0802433 19.8029689 07 50.0753781 19.7680228 11030 257.7719999999972
EDLW 06 126.7968 45.11 06 51.5146777 7.601883 24 51.5235167 7.627014 10915 60.522000000000844
EDLW 24 126.7968 45.11 24 51.5235167 7.627014 06 51.5146777 7.601883 11130 240.5219999999972
UUDD 14R 180.74640000000002 60.0 14R 55.421061 37.872139 32L 55.395117 37.903344 11010 145.68299999999726
UUDD 32L 180.74640000000002 60.0 32L 55.395117 37.903344 14R 55.421061 37.872139 10930 325.68300000000454
ESOW 19 6.096 46.02 19 59.6011986 16.6384618 01 59.5784791 16.6292203 10830 191.6319999999978
EDLV 27 31.6992 45.0 27 51.6020836 6.1597244 09 51.6028549 6.1245181 11070 272.05199999999604
UIBB 30 490.728 60.05 30 56.3646147 101.721665 12 56.3765475 101.6752724 11030 294.93799999999464
ETSH 27 80.772 30.0 27 51.7670737 13.1892948 09 51.7686633 13.1458903 11170 273.3990000000049
EGGD 09 189.5856 45.0 09 51.3821105 -2.733566 27 51.3832382 -2.7046453 11015 86.4419999999991
EGGD 27 189.5856 45.0 27 51.3832382 -2.7046453 09 51.3821105 -2.733566 11015 266.44199999999546
EPDE 30 120.0912 58.7 30 51.5454144 21.9075554 12 51.5568839 21.876513 10910 300.82300000000396
USPP 21 122.5296 49.07 21 57.9244849 56.0407392 03 57.9044879 56.0019186 10990 225.88999999999942
EYVI 01 181.96560000000002 48.0 01 54.6236918 25.2785368 19 54.6446499 25.2930413 11050 21.859999999999673
EYVI 19 181.96560000000002 48.0 19 54.6446499 25.2930413 01 54.6236918 25.2785368 10910 201.86000000000058
EBAW 29 9.7536 45.0 29 51.1877093 4.473208 11 51.1922979 4.4528214 11175 289.80599999999686
UHPP 16R 38.1 60.0 16R 53.183641 158.4407864 34L 53.1553671 158.460362 10990 157.4539999999979
UHPP 34L 38.1 60.0 34L 53.1553671 158.460362 16R 53.183641 158.4407864 10870 337.4539999999979
EBBL 05L 60.96 45.11 05L 51.1596148 5.4530728 23R 51.1774761 5.4869348 10995 50.02100000000064
EBBL 23R 60.96 45.11 23R 51.1774761 5.4869348 05L 51.1596148 5.4530728 10995 230.02099999999336
EEKE 17 4.572 30.0 17 58.2410398 22.5093343 35 58.2230542 22.5095907 10990 179.5749999999971
EBLG 04R 196.596 45.11 04R 50.6271539 5.4278755 22L 50.6505719 5.4650074 10875 45.175999999999476
EBLG 22L 196.596 45.11 22L 50.6505719 5.4650074 04R 50.6271539 5.4278755 10935 225.17600000000675
EBLG 22R 196.596 45.0 22R 50.6460874 5.4536439 04L 50.6312868 5.4301715 10935 225.1640000000043
EPPW 10R 115.51920000000001 60.05 10R 52.383751 17.8279107 28L 52.3743315 17.8770413 10815 107.4429999999993
EPPW 28L 115.51920000000001 60.05 28L 52.3743315 17.8770413 10R 52.383751 17.8279107 11110 287.4429999999993
UMBB 29 142.0368 42.06 29 52.1034487 23.9138288 11 52.1130333 23.8788006 11030 294.02300000000105
LKKB 24 286.2072 49.99 24 50.1255353 14.5560714 06 50.1172088 14.5312596 10835 242.30400000000373
UACK 02 270.9672 44.54 02 53.3193874 69.5845113 20 53.3412254 69.6070664 11030 31.728000000000065
UACK 20 270.9672 44.54 20 53.3412254 69.6070664 02 53.3193874 69.5845113 10950 211.7280000000028
EGGW 07 158.496 46.0 07 51.8720189 -0.3835524 25 51.8772472 -0.3533369 10915 74.36899999999878
EGGW 25 158.496 46.0 25 51.8772472 -0.3533369 07 51.8720189 -0.3835524 10915 254.36900000000605
EDVK 09 261.8232 45.0 09 51.4217617 9.374186 27 51.4198193 9.410129 10810 94.96899999999732
EDVK 27 261.8232 45.0 27 51.4198193 9.410129 09 51.4217617 9.374186 10930 274.9689999999973
EDXW 32 15.5448 45.11 32 54.90385 8.352094 14 54.919347 8.332883 11150 324.53399999999965
UUEE 06L 191.4144 60.0 06L 55.9809694 37.3289361 24R 55.9883917 37.3784639 10875 75.02400000000125
UUEE 24R 191.4144 60.0 24R 55.9883917 37.3784639 06L 55.9809694 37.3289361 10935 255.0240000000049
UUEE 06C 191.4144 60.0 06C 55.9698083 37.3869056 24C 55.9780222 37.4418861 10810 75.07400000000052
UUEE 24C 191.4144 60.0 24C 55.9780222 37.4418861 06C 55.9698083 37.3869056 11130 255.07399999999325
UUEE 06R 191.4144 60.0 06R 55.96715 37.3865417 24L 55.9757028 37.4438028 10910 75.07900000000154
UUEE 24L 191.4144 60.0 24L 55.9757028 37.4438028 06R 55.96715 37.3865417 11050 255.0789999999979
ESCF 01 93.8784 35.05 01 58.3867615 15.5160538 19 58.405655 15.5279672 10835 18.30099999999993
ESCF 19 93.8784 35.05 19 58.405655 15.5279672 01 58.3867615 15.5160538 11010 198.30100000000675
EDAC 22 195.072 45.0 22 50.9911376 12.5185162 04 50.9742369 12.4964746 10870 219.40099999999802
ESOE 01 56.997600000000006 45.0 01 59.2075285 15.0314726 19 59.2363337 15.0430423 10910 11.664999999999964
ESOE 19 56.997600000000006 45.0 19 59.2363337 15.0430423 01 59.2075285 15.0314726 10850 191.6649999999936
UNKY 05 652.8816 50.0 05 51.6617465 94.3846903 23 51.6769814 94.4160009 10910 51.94499999999971
UNEE 23 262.4328 60.0 23 55.2785624 86.1279595 05 55.2614718 86.0874224 10910 233.53800000000047
EGDM 23 124.0536 56.39 23 51.1625368 -1.7334136 05 51.1440951 -1.7686168 10910 230.08699999999953
EGKB 21 182.2704 45.11 21 51.3382375 0.0380562 03 51.3236664 0.0268658 10935 205.653999999995
UHSN 22 38.7096 35.0 22 51.7911333 143.1470694 04 51.776825 143.1365333 10810 204.49499999999534
EGPH 06 41.4528 45.1 06 55.9440104 -3.3901319 24 55.955892 -3.3550793 10890 58.824000000000524
EGPH 24 41.4528 45.1 24 55.955892 -3.3550793 06 55.9440104 -3.3901319 10890 238.82399999999325
EGSS 04 106.0704 46.0 04 51.8750401 0.2198704 22 51.8951583 0.2500444 11050 42.814000000000306
EGSS 22 106.0704 46.0 22 51.8951583 0.2500444 04 51.8750401 0.2198704 11050 222.8139999999985
EGQL 26 11.5824 46.02 26 56.3764625 -2.8391853 08 56.3730395 -2.881721 10855 261.77099999999336
UATT 12 225.85680000000002 46.0 12 50.2564435 57.1895198 30 50.2360058 57.2212478 11170 135.237000000001
UATT 30 225.85680000000002 46.0 30 50.2360058 57.2212478 12 50.2564435 57.1895198 11050 315.2369999999937
EPRZ 27 209.3976 45.0 27 50.1095971 22.0461764 09 50.1101978 22.0014851 11030 271.2020000000048
LKKV 29 605.028 30.0 29 50.199236 12.92902 11 50.2068455 12.9012116 11155 293.1619999999966
EEEI 06 20.4216 45.0 06 59.2555194 24.1820083 24 59.263703 24.227508 10870 70.6349999999984
EEEI 24 20.4216 45.0 24 59.263703 24.227508 06 59.2555194 24.1820083 10870 250.63499999999476
EIDW 10R 73.7616 45.0 10R 53.422429 -6.2900679 28L 53.4202591 -6.2505719 10890 95.28199999999924
EIDW 28L 73.7616 45.0 28L 53.4202591 -6.2505719 10R 53.422429 -6.2900679 11135 275.2820000000065
EIDW 16 73.7616 45.0 16 53.4369865 -6.2619708 34 53.4199025 -6.2495868 11150 156.6449999999968
EIDW 10L 73.7616 45.0 10L 53.4373999 -6.284823 28R 53.43484 -6.2382354 10955 95.29000000000087
EIDW 28R 73.7616 45.0 28R 53.43484 -6.2382354 10L 53.4373999 -6.284823 11015 275.2899999999936
PACD 15 22.86 45.72 15 55.222405 -162.7380073 33 55.1964586 -162.7200243 11030 158.40800000000309
UNKL 11 286.512 60.0 11 56.1794462 92.4658464 29 56.1663925 92.5206829 11050 113.17500000000291
UNKL 29 286.512 60.0 29 56.1663925 92.5206829 11 56.1794462 92.4658464 11170 293.1750000000029
UWPS 20 215.79840000000002 42.0 20 54.1358 45.2243417 02 54.1146776 45.2010308 11035 212.90200000000186
ESMX 19 185.3184 45.0 19 56.938319 14.731881 01 56.9199166 14.7240847 10970 193.0329999999958
EDLP 06 213.0552 45.11 06 51.6087191 8.6031721 24 51.6194469 8.6294689 11115 56.72200000000157
EDLP 24 213.0552 45.11 24 51.6194469 8.6294689 06 51.6087191 8.6031721 10855 236.7219999999943
ESTL 29L 42.672000000000004 40.0 29L 56.079301 13.21034 11R 56.0865225 13.1812126 10855 293.9360000000015
EHAM 27 -3.3528000000000002 45.0 27 52.3183698 4.7969035 09 52.3166279 4.7463284 11155 266.8139999999985
EHAM 36R -3.3528000000000002 45.0 36R 52.2908115 4.7773436 18L 52.3212936 4.7801605 11195 3.2369999999999663
EHAM 18C -3.3528000000000002 45.0 18C 52.3313937 4.740041 36C 52.3017758 4.7373208 10950 183.19899999999325
EHAM 36C -3.3528000000000002 45.0 36C 52.3017758 4.7373208 18C 52.3313937 4.740041 10875 3.1989999999999554
EHAM 18R -3.3528000000000002 60.0 18R 52.3626664 4.7119554 36L 52.3285744 4.7088498 11010 183.18700000000536
EHAM 06 -3.3528000000000002 45.0 06 52.2879211 4.7341531 24 52.3043543 4.7769332 11055 57.891999999999825
EHAM 22 -3.3528000000000002 45.0 22 52.3140413 4.8030406 04 52.3003572 4.7834851 10915 221.1889999999985
EIKY 26 32.308800000000005 45.11 26 52.1837685 -9.509939 08 52.1779875 -9.537628 10870 251.20900000000256
EIKN 26 202.692 45.11 26 53.9125183 -8.7995465 08 53.9081173 -8.8370074 11070 258.7170000000042
EGFF 12 67.056 45.72 12 51.4013614 -3.3584054 30 51.3918403 -3.328237 11070 116.84399999999732
EGFF 30 67.056 45.72 30 51.3918403 -3.328237 12 51.4013614 -3.3584054 11070 296.8439999999973
EGDY 26 22.86 46.02 26 51.0095174 -2.6292784 08 51.0070322 -2.6617216 11130 263.07399999999325
EKRN 11 15.5448 45.0 11 55.0668567 14.7452745 29 55.0596586 14.773867 10935 113.78199999999924
EKRN 29 15.5448 45.0 29 55.0596586 14.773867 11 55.0668567 14.7452745 11030 293.7820000000065
CZVL 26 687.3240000000001 30.48 26 53.6714596 -113.8392746 08 53.673847 -113.8620774 11195 280.0310000000027
EGPK 12 19.5072 47.24 12 55.5164014 -4.6148843 30 55.5024161 -4.5743997 11030 121.41599999999744
EGPK 30 19.5072 47.24 30 55.5024161 -4.5743997 12 55.5164014 -4.6148843 11030 301.41599999999744
ENZV 18 8.2296 60.0 18 58.8936607 5.637307 36 58.8694134 5.6380277 11030 179.10800000000017
ENZV 36 8.2296 60.0 36 58.8694134 5.6380277 18 58.8936607 5.637307 11135 359.1079999999929
USKK 03 147.5232 40.0 03 58.4952785 49.329718 21 58.5116675 49.3641667 10930 47.77599999999984
USKK 21 147.5232 40.0 21 58.5116675 49.3641667 03 58.4952785 49.329718 10990 227.77599999999802
EGPF 05 6.096 42.0 05 55.8634806 -4.4490601 23 55.8799745 -4.4182359 11010 46.36000000000058
EGPF 23 6.096 42.0 23 55.8799745 -4.4182359 05 55.8634806 -4.4490601 11010 226.36000000000058
EKKA 09R 51.816 45.0 09R 56.2971183 9.0736657 27L 56.2974752 9.128339 10830 89.34700000000157
EKKA 27L 51.816 45.0 27L 56.2974752 9.128339 09R 56.2971183 9.0736657 10815 269.3469999999943
ENCN 03 17.3736 45.0 03 58.1966897 8.0753545 21 58.2116947 8.0952693 11035 34.95399999999972
ENCN 21 17.3736 45.0 21 58.2116947 8.0952693 03 58.1966897 8.0753545 11090 214.9539999999979
EKSP 10L 42.976800000000004 45.0 10L 55.2246061 9.2439462 28R 55.2174028 9.2894724 10935 105.49599999999919
EKSP 28R 42.976800000000004 45.0 28R 55.2174028 9.2894724 10L 55.2246061 9.2439462 10935 285.4959999999992
UWKB 19 301.752 40.0 19 54.6497285 52.8066724 01 54.6331247 52.794178 11090 203.51399999999558
ESTA 14 19.812 45.11 14 56.2978341 12.844283 32 56.2851787 12.8658793 11130 136.44900000000052
LFAT 13 6.096 40.0 13 50.5239768 1.6124917 31 50.5125336 1.6314004 11015 133.55999999999767
ESMT 19 30.7848 44.0 19 56.7012529 12.8222239 01 56.6809702 12.8182093 11010 186.1929999999993
ESOK 03 106.9848 45.0 03 59.4345305 13.327731 21 59.4548908 13.3469621 10935 25.627000000000407
ESOK 21 106.9848 45.0 21 59.4548908 13.3469621 03 59.4345305 13.327731 11070 205.62699999999313
EDVE 26 89.00160000000001 45.0 26 52.3203032 10.575674 08 52.3184214 10.5421007 11110 264.78399999999965
EGPE 05 8.5344 47.0 05 57.5369983 -4.0594925 23 57.5480253 -4.0355124 10850 49.401999999998225
EGPE 23 8.5344 47.0 23 57.5480253 -4.0355124 05 57.5369983 -4.0594925 10850 229.40200000000186
LKPD 27 225.85680000000002 74.98 27 50.0129189 15.756013 09 50.0139951 15.7211403 10935 272.77700000000186
UACP 23 139.5984 45.0 23 54.7806821 69.2059177 05 54.7702444 69.1662321 10830 245.5
UWSG 08 31.3944 45.0 08 51.7131299 46.1495236 26 51.7121341 46.1928984 10855 92.1359999999986
UWSG 26 31.3944 45.0 26 51.7121341 46.1928984 08 51.7131299 46.1495236 10875 272.1359999999986
UELL 08 857.7072000000001 45.0 08 56.9080661 124.8861743 26 56.9196509 124.9414816 11030 69.02000000000044
UUDL 23 92.964 43.89 23 57.5666583 40.1798806 05 57.5545726 40.1348867 11050 243.4149999999936
UECT 19 404.7744 42.0 19 59.895764 111.04553 01 59.867938 111.0454918 11030 180.0399999999936
EHWO 07 18.8976 45.11 07 51.4451305 4.3256853 25 51.4528755 4.3586083 10815 69.47300000000178
EHWO 25 18.8976 45.11 25 51.4528755 4.3586083 07 51.4451305 4.3256853 10815 249.47299999999814
EHVK 24R 21.336000000000002 45.11 24R 51.6644234 5.7263797 6L 51.649973 5.6892802 11075 238.0390000000043
UIUU 08 517.8552000000001 45.0 08 51.8066616 107.4165109 26 51.8129694 107.4647444 11130 78.07400000000052
UIUU 26 517.8552000000001 45.0 26 51.8129694 107.4647444 08 51.8066616 107.4165109 11030 258.07399999999325
CYQR 13 577.2912 45.7 13 50.4402696 -104.6724348 31 50.4241567 -104.6497208 10950 138.06900000000314
EHLE 05 -3.9624 45.0 05 52.444825 5.49955 23 52.461207 5.528885 10855 47.48700000000099
CYPA 08 427.9392 45.72 08 53.2180324 -105.6842792 26 53.2180329 -105.6614018 11030 89.99699999999939
LKPR 12 375.8184 45.11 12 50.1080452 14.2452968 30 50.0904332 14.2817121 10995 127.00600000000122
LKPR 30 375.8184 45.11 30 50.0904332 14.2817121 12 50.1080452 14.2452968 10950 307.00599999999395
LKPR 06 375.8184 45.11 06 50.1018336 14.2262662 24 50.1159588 14.2733704 11115 64.95799999999872
LKPR 24 375.8184 45.11 24 50.1159588 14.2733704 06 50.1018336 14.2262662 10910 244.95799999999872
EPKT 26 303.276 45.0 26 50.4759497 19.1046355 08 50.4760498 19.0595589 10990 270.2130000000034
EBBE 04L 103.3272 45.11 04L 50.7469524 4.7533545 22R 50.768492 4.7806864 11135 38.7549999999992
EBBE 22R 103.3272 45.11 22R 50.768492 4.7806864 04L 50.7469524 4.7533545 11135 218.75500000000466
EBCV 26 56.692800000000005 49.99 26 50.578731 3.856118 08 50.574839 3.8213516 10855 260.0500000000029
EBBR 25L 44.196000000000005 45.0 25L 50.8989489 4.5233233 07R 50.8890356 4.4803936 11035 249.90200000000186
EBBR 25R 44.196000000000005 45.0 25R 50.9126865 4.5032936 07L 50.8990714 4.4562407 10890 245.39599999999336
EBBR 01 44.196000000000005 50.0 01 50.8869051 4.4913997 19 50.9129452 4.5020188 10990 14.432999999999993
EBBR 19 44.196000000000005 50.0 19 50.9129452 4.5020188 01 50.8869051 4.4913997 11115 194.43300000000454
EPRA 25 189.8904 42.68 25 51.3923531 21.2324555 07 51.386545 21.1977814 11035 255.0390000000043
EGPD 16 65.532 46.02 16 57.2105708 -2.2041705 34 57.194286 -2.19215 10990 158.21199999999953
EGPD 34 65.532 46.02 34 57.194286 -2.19215 16 57.2105708 -2.2041705 10990 338.21199999999953
EGSH 27 35.6616 45.11 27 52.6760343 1.2962723 09 52.6758327 1.269053 11090 269.3070000000007
EGQS 23 11.8872 45.0 23 57.7158923 -3.3214276 05 57.6979427 -3.3534404 11155 223.65899999999965
UMMS 13L 207.5688 60.05 13L 53.9053062 28.03325 31R 53.8802335 28.0704437 11070 138.85599999999977
UMMS 31R 207.5688 60.05 31R 53.8802335 28.0704437 13L 53.9053062 28.03325 11010 318.85599999999977
UMMS 13R 207.5688 60.05 13R 53.8948083 28.0123962 31L 53.870133 28.0489855 10890 138.83800000000338
UMMS 31L 207.5688 60.05 31L 53.870133 28.0489855 13R 53.8948083 28.0123962 10970 318.8380000000034
EGHQ 12 118.5672 45.11 12 50.447039 -5.012014 30 50.434513 -4.9787517 11050 120.6030000000028
EGHQ 30 118.5672 45.11 30 50.434513 -4.9787517 12 50.447039 -5.012014 11050 300.6030000000028
EPGD 29 148.7424 45.11 29 54.3712511 18.4917822 11 54.3810829 18.4519823 11030 293.00100000000384
UWKS 06 170.68800000000002 49.0 06 56.0867393 47.3279908 24 56.0937824 47.3663772 11030 71.8080000000009
UWKS 24 170.68800000000002 49.0 24 56.0937824 47.3663772 06 56.0867393 47.3279908 10830 251.80800000000454
UWKD 11 125.2728 45.11 11 55.6170847 49.2508798 29 55.5980147 49.300058 11050 124.4910000000018
UWKD 29 125.2728 45.11 29 55.5980147 49.300058 11 55.6170847 49.2508798 11170 304.49099999999453
CYPR 13 35.3568 60.96 13 54.2931206 -130.4513792 31 54.2786982 -130.4380786 10970 151.75499999999738
UWGG 18L 76.8096 45.11 18L 56.2414708 43.7900052 36R 56.215014 43.7803394 10810 191.4910000000018
UWGG 36R 76.8096 45.11 36R 56.215014 43.7803394 18L 56.2414708 43.7900052 11050 11.490999999994528
UITT 30 666.5976 45.11 30 56.8535351 105.7455318 12 56.8615344 105.7163889 10890 296.64800000000105
PAYA 11 10.0584 45.72 11 59.5114688 -139.6647404 29 59.4965047 -139.6353195 11110 135.0809999999983
ESMS 17 70.4088 45.0 17 55.5480592 13.373789 35 55.5230781 13.3789279 11190 173.362000000001
ESMS 35 70.4088 45.0 35 55.5230781 13.3789279 17 55.5480592 13.373789 10810 353.3619999999937
CYFI 35 537.0576 45.11 35 57.266294 -110.976681 17 57.285153 -110.976669 11050 0.017999999996391125
EHLW 05 0.9144000000000001 49.99 05 53.2179218 5.7347782 23 53.2329483 5.7710692 11175 55.449000000000524
EHLW 23 0.9144000000000001 49.99 23 53.2329483 5.7710692 05 53.2179218 5.7347782 11175 235.44899999999325
EHLW 09 0.9144000000000001 49.99 09 53.2285764 5.7397042 27 53.2284894 5.769667 10975 90.0119999999988
EHLW 27 0.9144000000000001 49.99 27 53.2284894 5.769667 09 53.2285764 5.7397042 10975 270.01200000000244
UWKE 21 195.9864 42.0 21 55.5723207 52.1070729 03 55.5569596 52.0780037 10990 226.94899999999325
EHBK 03 114.30000000000001 45.0 03 50.8999494 5.7581143 21 50.9207806 5.7792555 11155 32.5669999999991
EHBK 21 114.30000000000001 45.0 21 50.9207806 5.7792555 03 50.8999494 5.7581143 11155 212.56699999999546
UACC 04 355.09200000000004 45.11 04 51.0113528 71.448725 22 51.0337917 71.4837333 10950 44.52000000000044
UACC 22 355.09200000000004 45.11 22 51.0337917 71.4837333 04 51.0113528 71.448725 11170 224.5500000000029
EGKK 08R 61.8744 45.0 08R 51.1450993 -0.2123748 26L 51.1514994 -0.1659296 11090 77.62199999999939
EGKK 26L 61.8744 45.0 26L 51.1514994 -0.1659296 08R 51.1450993 -0.2123748 11090 257.622000000003
USII 01 162.7632 45.0 01 56.8250041 53.4538652 19 56.8453261 53.4711727 11030 24.98199999999997
USII 19 162.7632 45.0 19 56.8453261 53.4711727 01 56.8250041 53.4538652 10870 204.9820000000036
EGPA 09 14.630400000000002 46.02 09 58.9577168 -2.9130537 27 58.9583 -2.8880377 11010 87.41100000000006
EGPA 27 14.630400000000002 46.02 27 58.9583 -2.8880377 09 58.9577168 -2.9130537 11010 267.4109999999928
UMMG 17 134.7216 42.0 17 53.6134708 24.0531555 35 53.5904599 24.0543945 10950 178.16100000000006
UMOO 13 193.8528 42.06 13 53.9637805 30.0809429 31 53.9470551 30.107688 11110 136.66199999999662
EPKS 29 83.82000000000001 60.0 29 52.3267083 16.9827194 11 52.3371583 16.9504639 11190 297.94400000000314
EKSB 32 6.7056000000000004 30.0 32 54.95671 9.803158 14 54.96895 9.7848889 11115 319.429999999993
CYQU 30 667.8168000000001 45.72 30 55.1736888 -118.8756836 12 55.1901048 -118.904523 10990 314.91599999999744
ESMQ 16 5.1816 45.11 16 56.6968009 16.2767174 34 56.6805539 16.292292 10870 152.23099999999977
CYEG 02 708.6600000000001 60.96 02 53.3086495 -113.5964633 20 53.3333278 -113.5676528 11030 34.89800000000014
CYEG 12 708.6600000000001 61.0 12 53.3061876 -113.5955545 30 53.2864295 -113.5625193 10990 135.03800000000047
CYEG 30 708.6600000000001 61.0 30 53.2864295 -113.5625193 12 53.3061876 -113.5955545 10910 315.03800000000047
ESCM 21 20.4216 40.0 21 59.907449 17.601894 03 59.893129 17.583267 10910 213.16199999999662
EDLN 13 38.1 29.87 13 51.2337165 6.4977926 31 51.2269927 6.5111912 10895 128.70999999999913
EDLN 31 38.1 29.87 31 51.2269927 6.5111912 13 51.2337165 6.4977926 11055 308.7100000000064
EVRA 18 10.3632 45.11 18 56.9350709 23.973091 36 56.9064492 23.9683645 11110 185.14400000000023
EVRA 36 10.3632 45.11 36 56.9064492 23.9683645 18 56.9350709 23.973091 10810 5.144000000000233
UIAA 29 692.2008000000001 56.0 29 52.0238611 113.3251222 11 52.0285803 113.2850746 11030 280.8570000000036
USSS 08L 233.78160000000003 45.0 08L 56.744828 60.778025 26R 56.744722 60.827119 11170 90.23199999999997
USSS 26R 233.78160000000003 45.0 26R 56.744722 60.827119 08L 56.744828 60.778025 11050 270.2320000000036
USSS 08R 233.78160000000003 45.0 08R 56.742283 60.779653 26L 56.740319 60.828958 10990 94.17199999999866
USSS 26L 233.78160000000003 45.0 26L 56.740319 60.828958 08R 56.742283 60.779653 10950 274.17200000000594
EPPO 28 93.8784 50.0 28 52.4181611 16.8411636 10 52.4249722 16.8059336 11030 287.60199999999895
EBOS 08 3.9624 45.11 08 51.1965508 2.8526653 26 51.2032983 2.89715 11155 76.51900000000023
EBOS 26 3.9624 45.11 26 51.2032983 2.89715 08 51.1965508 2.8526653 10950 256.51900000000023
EGPB 27 6.096 44.0 27 59.8822276 -1.2804563 09 59.8807152 -1.3071337 10850 261.2700000000041
EPSC 31 46.6344 60.0 31 53.5773549 14.9164852 13 53.592095 14.8878877 11050 310.9649999999965
EYPA 19 10.0584 44.2 19 55.9830806 21.097825 01 55.963111 21.0897806 11010 192.71199999999953
UMII 23 208.1784 42.06 23 55.1317842 30.3676588 05 55.1208221 30.331555 11190 242.1319999999978
EGNT 07 81.0768 47.0 07 55.0335254 -1.7063805 25 55.0423298 -1.6731963 11150 65.16200000000026
EGNT 25 81.0768 47.0 25 55.0423298 -1.6731963 07 55.0335254 -1.7063805 11150 245.16199999999662
EPMB 25 5.7912 55.0 25 54.0288094 19.154513 07 54.0246286 19.1171648 11050 259.09500000000116
EICK 16 152.7048 45.11 16 51.8502692 -8.4964389 34 51.8322762 -8.4857701 10990 159.92700000000332
EICK 34 152.7048 45.11 34 51.8322762 -8.4857701 16 51.8502692 -8.4964389 10915 339.92699999999604
CYZT 11 21.336000000000002 45.72 11 50.6862623 -127.3732839 29 50.6773496 -127.3568381 10950 130.40800000000309
CYTH 06 222.19920000000002 45.72 06 55.7964157 -97.8747688 24 55.8041281 -97.8500128 11030 60.95899999999892
UUOK 30 209.0928 39.93 30 51.7443668 36.3104918 12 51.7569258 36.2804858 11030 303.9679999999935
ESGT 33 41.757600000000004 30.0 33 58.311496 12.3529128 15 58.3242068 12.3366851 11190 326.13300000000163
CYMJ 11L 570.8904 47.3 11L 50.3380975 -105.5750505 29R 50.3269342 -105.5433447 10930 118.61699999999837
CYMJ 29R 570.8904 47.3 29R 50.3269342 -105.5433447 11L 50.3380975 -105.5750505 10930 298.61699999999837
EDDC 04 228.60000000000002 60.0 04 51.1246631 13.7546744 22 51.1440309 13.7813348 11050 40.82799999999952
EDDC 22 228.60000000000002 60.0 22 51.1440309 13.7813348 04 51.1246631 13.7546744 10975 220.82799999999406
EDDT 08L 37.1856 46.02 08L 52.5576449 13.265748 26R 52.5619595 13.3097603 10910 80.85800000000017
EDDT 26R 37.1856 46.02 26R 52.5619595 13.3097603 08L 52.5576449 13.265748 11010 260.8579999999929
EDDT 08R 37.1856 46.02 08R 52.5566887 13.2750436 26L 52.5601339 13.3102182 10850 80.8640000000014
EDDT 26L 37.1856 46.02 26L 52.5601339 13.3102182 08R 52.5566887 13.2750436 10930 260.8640000000014
EVLA 24 4.8768 40.0 24 56.5205906 21.1124192 06 56.5145176 21.0817432 10855 250.28399999999965
CYXJ 30 694.6392000000001 45.72 30 56.2317038 -120.7298424 12 56.2451179 -120.7539309 10950 315.09799999999814
UNAA 02 253.2888 45.0 02 53.7267652 91.3748411 20 53.7533418 91.3954835 11030 24.675000000000182
UNAA 20 253.2888 45.0 20 53.7533418 91.3954835 02 53.7267652 91.3748411 10990 204.6750000000029
ESSP 09 9.7536 45.0 09 58.5861129 16.231602 27 58.5858168 16.2696427 11110 90.89400000000023
ESSP 27 9.7536 45.0 27 58.5858168 16.2696427 09 58.5861129 16.231602 10950 270.89400000000023
USUU 02 72.8472 42.0 02 55.464964 65.404811 20 55.485164 65.425461 11090 30.09599999999955
USUU 20 72.8472 42.0 20 55.485164 65.425461 02 55.464964 65.404811 10990 210.096000000005
EETN 08 41.4528 45.0 08 59.4133341 24.8057382 26 59.4131721 24.8672002 10830 90.32600000000093
EETN 26 41.4528 45.0 26 59.4131721 24.8672002 08 59.4133341 24.8057382 10930 270.32600000000093
EPOK 31 44.805600000000005 60.0 31 54.5715237 18.5304585 13 54.5877946 18.5037514 10950 316.400999999998
EKCH 04R 5.1816 45.0 04R 55.6030964 12.6330425 22L 55.6254136 12.6675875 10930 41.17200000000048
EKCH 22L 5.1816 45.0 22L 55.6254136 12.6675875 04R 55.6030964 12.6330425 10950 221.17200000000594
EKCH 04L 5.1816 45.01 04L 55.5921995 12.60353 22R 55.6163466 12.6408718 11050 41.152000000000044
EKCH 22R 5.1816 45.01 22R 55.6163466 12.6408718 04L 55.5921995 12.60353 11090 221.15200000000186
EKCH 12 5.1816 45.0 12 55.6262946 12.6333318 30 55.6125264 12.6705347 10990 123.24500000000262
EKCH 30 5.1816 45.0 30 55.6125264 12.6705347 12 55.6262946 12.6333318 10890 303.24499999999534
UASK 30 286.8168 42.0 30 50.0292152 82.5069803 12 50.04394 82.4803403 10970 310.70100000000093
EGWU 25 37.7952 42.0 25 51.555322 -0.408203 07 51.5501114 -0.4309655 10850 249.79899999999907
USCM 18 436.47360000000003 45.11 18 53.4071802 58.7624589 36 53.3790938 58.748893 10990 196.06299999999464
USCM 36 436.47360000000003 45.11 36 53.3790938 58.748893 18 53.4071802 58.7624589 10870 16.063000000000102
EGOS 18 75.5904 46.02 18 52.8018528 -2.6679667 36 52.7853972 -2.6679111 11075 183.00599999999395
EPBY 26 71.0184 60.0 26 53.0983557 17.9961975 08 53.0952401 17.9592222 10910 262.0359999999928
PAKT 11 25.6032 45.74 11 55.361397 -131.7238845 29 55.3467328 -131.6986561 10930 135.6690000000017
EHEH 03 22.86 46.0 03 51.4390723 5.36212 21 51.4611729 5.3868966 10975 34.94100000000071
EHEH 21 22.86 46.0 21 51.4611729 5.3868966 03 51.4390723 5.36212 10975 214.94100000000617
EDDV 09R 55.778400000000005 45.0 09R 52.4549858 9.6767686 27L 52.4540303 9.7111506 10870 92.625
EDDV 27L 55.778400000000005 45.0 27L 52.4540303 9.7111506 09R 52.4549858 9.6767686 10995 272.625
EDDV 09L 55.778400000000005 45.0 09L 52.4682444 9.6526906 27R 52.4669467 9.6997275 10830 92.61100000000079
EDDV 27R 55.778400000000005 45.0 27R 52.4669467 9.6997275 09L 52.4682444 9.6526906 10890 272.6110000000044
EDDW 09 4.2672 45.0 09 53.0465735 8.7744237 27 53.0472721 8.804877 11030 87.85299999999916
EDDW 27 4.2672 45.0 27 53.0472721 8.804877 09 53.0465735 8.7744237 11090 267.8530000000028
UNTT 21 182.2704 50.0 21 56.3925422 85.2217136 03 56.3737688 85.199403 11030 213.32799999999406
ETNH 26 11.8872 29.87 26 54.31421 9.556571 08 54.310191 9.519724 10890 259.4170000000013
CYZV 09 54.864000000000004 45.72 09 50.2174569 -66.2786646 27 50.2239021 -66.2524715 10950 68.85399999999936
EINN 06 12.4968 45.0 06 52.6931984 -8.9434646 24 52.7107854 -8.9060793 10950 52.1820000000007
EINN 24 12.4968 45.0 24 52.7107854 -8.9060793 06 52.6931984 -8.9434646 11095 232.1820000000007
EGBB 15 99.6696 46.02 15 52.4656497 -1.7611282 33 52.4428974 -1.7358498 11010 145.88700000000244
EGBB 33 99.6696 46.02 33 52.4428974 -1.7358498 15 52.4656497 -1.7611282 11010 325.88700000000244
USTR 03 114.60480000000001 45.11 03 57.169203 65.2809842 21 57.1872707 65.3176227 10830 47.697000000000116
USTR 21 114.60480000000001 45.11 21 57.1872707 65.3176227 03 57.169203 65.2809842 11070 227.69700000000012
USTR 30 114.60480000000001 49.99 30 57.1727289 65.3554408 12 57.1897597 65.3237975 11110 314.80800000000454
EGNV 05 36.576 45.11 05 54.5022206 -1.442438 23 54.51615 -1.4163712 10850 47.39300000000003
EGNV 23 36.576 45.11 23 54.51615 -1.4163712 05 54.5022206 -1.442438 10850 227.3929999999964
EGTK 19 82.296 30.0 19 51.8433632 -1.3180048 01 51.8300657 -1.3220477 10835 190.653999999995
EGNR 04 12.4968 45.0 04 53.171208 -2.9876433 22 53.1853982 -2.967113 11035 37.80199999999968
EGNR 22 12.4968 45.0 22 53.1853982 -2.967113 04 53.171208 -2.9876433 11035 220.93499999999767
EGOV 13 11.277600000000001 45.0 13 53.2538 -4.5463594 31 53.2404383 -4.5202051 10855 133.8929999999964
EHGR 28 14.630400000000002 45.11 28 51.565173 4.95145 10 51.569537 4.911985 11190 280.05800000000454
UWOO 08 117.9576 42.0 08 51.7957848 55.4384065 26 51.7958268 55.4747525 10990 89.90799999999945
UWOO 26 117.9576 42.0 26 51.7958268 55.4747525 08 51.7957848 55.4384065 10930 269.9079999999958
ETNL 09 42.062400000000004 45.0 09 53.9196043 12.2602846 27 53.9165697 12.2982928 10855 97.73200000000361
ETNL 27 42.062400000000004 45.0 27 53.9165697 12.2982928 09 53.9196043 12.2602846 10830 277.7320000000036
CYOD 31R 540.1056 60.96 31R 54.3912894 -110.2696716 13L 54.4191693 -110.3047287 10930 323.8610000000044
EHRD 06 -4.572 45.0 06 51.9520759 4.4282239 24 51.9628339 4.4551572 10910 57.050999999999476
EHRD 24 -4.572 45.0 24 51.9628339 4.4551572 06 51.9520759 4.4282239 11090 237.05100000000675
CYMM 26 368.808 45.72 26 56.6531987 -111.2047267 08 56.6531946 -111.2419794 10990 270.0149999999994
EDDE 09 315.7728 50.0 09 50.9812829 10.9396813 27 50.9783378 10.9765237 10910 97.24599999999919
EDDE 27 315.7728 50.0 27 50.9783378 10.9765237 09 50.9812829 10.9396813 10990 277.2459999999992
CYVP 07 39.3192 45.72 07 58.0849444 -68.4373197 25 58.0971471 -68.4165296 11030 42.02000000000044
ESSV 21 49.9872 45.0 21 57.6712253 18.352275 03 57.6543823 18.3402238 10915 200.95799999999872
ESSA 01L 41.757600000000004 45.72 01L 59.6372046 17.9131953 19R 59.6664127 17.9237676 10990 10.363000000000056
ESSA 19R 41.757600000000004 45.72 19R 59.6664127 17.9237676 01L 59.6372046 17.9131953 11070 190.36299999999756
ESSA 26 41.757600000000004 45.11 26 59.6639299 17.9792398 08 59.6584369 17.9360783 11010 255.87099999999919
ESSA 01R 41.757600000000004 45.72 01R 59.6263534 17.9507168 19L 59.6484826 17.9587474 10935 10.388999999999896
ESSA 19L 41.757600000000004 45.72 19L 59.6484826 17.9587474 01R 59.6263534 17.9507168 11135 190.38899999999558
UHNN 11 56.997600000000006 34.0 11 53.1548577 140.6373 29 53.153481 140.665058 11010 94.74300000000221
UHNN 29 56.997600000000006 34.0 29 53.153481 140.665058 11 53.1548577 140.6373 11170 274.7430000000022
EGCC 05R 76.2 45.0 05R 53.3320097 -2.3105969 23L 53.3491946 -2.2749897 11155 51.007000000001426
EGCC 05L 76.2 50.0 05L 53.3451551 -2.2927227 23R 53.3623695 -2.257059 10950 51.016999999999825
EGCC 23R 76.2 50.0 23R 53.3623695 -2.257059 05L 53.3451551 -2.2927227 10950 231.0170000000071
EGLL 09L 25.2984 49.99 09L 51.4774781 -0.4894423 27R 51.4776753 -0.43326 11030 89.70899999999892
EGLL 27R 25.2984 49.99 27R 51.4776753 -0.43326 09L 51.4774781 -0.4894423 11030 269.70900000000256
EGLL 09R 25.2984 49.99 09R 51.4647701 -0.4867489 27L 51.464946 -0.4340638 10950 89.71700000000055
EGLL 27L 25.2984 49.99 27L 51.464946 -0.4340638 09R 51.4647701 -0.4867489 10950 269.7170000000042
EGMH 28 54.254400000000004 60.96 28 51.339725 1.365558 10 51.34455 1.326831 11175 281.2960000000021
EGNS 08 0.0 46.02 08 54.0816234 -4.6370641 26 54.0850679 -4.6095639 11115 81.8060000000005
EGNS 26 0.0 46.02 26 54.0850679 -4.6095639 08 54.0816234 -4.6370641 11115 257.93700000000536
EGUN 10 10.0584 42.06 10 52.3648345 0.466356 28 52.3590345 0.5064488 11015 103.33299999999872
EGUN 28 10.0584 42.06 28 52.3590345 0.5064488 10 52.3648345 0.466356 11015 283.3329999999987
UMGG 10 143.8656 43.0 10 52.5311553 30.9988901 28 52.5229283 31.0344033 10930 110.84500000000116
UMGG 28 143.8656 43.0 28 52.5229283 31.0344033 10 52.5311553 30.9988901 10870 290.84500000000116
EGUL 06 9.7536 46.02 06 52.4024606 0.5443869 24 52.4163534 0.5776484 10990 55.63000000000102
EGUL 24 9.7536 46.02 24 52.4163534 0.5776484 06 52.4024606 0.5443869 10990 235.63000000000466
EIME 10 96.6216 46.02 10 53.304689 -6.4688173 28 53.301294 -6.4419923 10935 101.96699999999691
UWLW 02 76.2 104.87 02 54.3818787 48.7826883 20 54.4202586 48.8226142 11010 31.195999999999913
UWLW 20 76.2 104.87 20 54.4202586 48.8226142 02 54.3818787 48.7826883 11010 211.19599999999627
CYBW 35 1200.3024 29.87 35 51.0984798 -114.3787542 17 51.1121795 -114.3787758 11170 359.9640000000072
UWUU 14R 136.8552 45.0 14R 54.5731863 55.8493446 32L 54.5437056 55.8777417 11030 150.8249999999971
UWUU 32L 136.8552 45.0 32L 54.5437056 55.8777417 14R 54.5731863 55.8493446 10870 330.8249999999971
EDDG 07 48.4632 45.11 07 52.131512 7.670075 25 52.137841 7.700016 11175 71.01900000000023
EDDG 25 48.4632 45.11 25 52.137841 7.700016 07 52.131512 7.670075 11010 251.01900000000023
UUBI 29 124.968 42.0 29 56.936547 40.949922 11 56.9482058 40.9147394 11030 301.2939999999944
EDDP 08L 139.5984 45.11 08L 51.4312401 12.2158231 26R 51.4336488 12.2674487 10855 85.74499999999898
EDDP 26R 139.5984 45.11 26R 51.4336488 12.2674487 08L 51.4312401 12.2158231 11130 265.74499999999534
EDDP 08R 139.5984 60.05 08R 51.4116069 12.2046493 26L 51.414027 12.2562535 11175 85.73600000000079
EDDP 26L 139.5984 60.05 26L 51.414027 12.2562535 08R 51.4116069 12.2046493 11030 265.7360000000044
ESGG 03 152.4 45.0 03 57.6494992 12.2676757 21 57.6761822 12.2919519 11030 25.96100000000024
ESGG 21 152.4 45.0 21 57.6761822 12.2919519 03 57.6494992 12.2676757 10850 205.9609999999957
EDDF 07C 107.89920000000001 60.05 07C 50.0326219 8.5346327 25C 50.0451309 8.5869841 11055 69.61000000000058
EDDF 25C 107.89920000000001 60.05 25C 50.0451309 8.5869841 07C 50.0326219 8.5346327 11155 249.61000000000058
EDDF 07L 107.89920000000001 45.11 07L 50.037058 8.4970721 25R 50.0458234 8.5337142 11175 69.57500000000073
EDDF 25R 107.89920000000001 45.11 25R 50.0458234 8.5337142 07L 50.037058 8.4970721 10975 249.5749999999971
EDDF 07R 107.89920000000001 45.11 07R 50.0275482 8.5341805 25L 50.0400582 8.5865374 11095 69.6140000000014
EDDF 25L 107.89920000000001 45.11 25L 50.0400582 8.5865374 07R 50.0275482 8.5341805 11115 249.6140000000014
ETNN 24 117.6528 45.11 24 50.8355324 6.6740602 06 50.8269012 6.6421913 10970 246.69400000000314
UNOO 07 95.0976 45.11 07 54.9645905 73.2912245 25 54.9696808 73.3292695 10830 76.91100000000006
UNOO 25 95.0976 45.11 25 54.9696808 73.3292695 07 54.9645905 73.2912245 11010 256.9109999999928
EHKD 21 0.0 30.0 21 52.9282582 4.785937 03 52.9187176 4.7753342 10890 213.83199999999488
UIII 12 509.9304 45.11 12 52.2735282 104.3706972 30 52.2607405 104.4186231 11130 113.51900000000023
UIII 30 509.9304 45.11 30 52.2607405 104.4186231 12 52.2735282 104.3706972 11030 293.51900000000023
PADK 23 5.486400000000001 60.96 23 51.8888418 -176.6274973 5 51.8783146 -176.6575944 10890 240.5170000000071
EHGG 23 5.1816 45.11 23 53.1249433 6.5902408 05 53.1110842 6.5608848 10990 231.80899999999383
ESSU 36 42.367200000000004 35.0 36 59.3425994 16.7089684 18 59.3595505 16.7078336 11090 358.0500000000029
ESSB 12 13.716000000000001 45.11 12 59.3592668 17.927965 30 59.349479 17.9553254 11030 125.07499999999709
ESSB 30 13.716000000000001 45.11 30 59.349479 17.9553254 12 59.3592668 17.927965 10970 305.0749999999971
CYZP 13 6.096 45.72 13 53.2600112 -131.8206698 31 53.2486114 -131.8070573 10950 141.16500000000087
EPLB 25 192.3288 45.0 25 51.2426876 22.7311066 07 51.2376435 22.695947 11195 257.1140000000014
EKYT 08L 2.1336 45.0 08L 57.0937237 9.8333889 26R 57.0965207 9.876876 10990 83.26299999999901
EKYT 26R 2.1336 45.0 26R 57.0965207 9.876876 08L 57.0937237 9.8333889 11155 263.2630000000063
EGVA 09 86.86800000000001 60.96 09 51.6830716 -1.8120258 27 51.6839423 -1.7680041 11110 88.05299999999988
EGVA 27 86.86800000000001 60.96 27 51.6839423 -1.7680041 09 51.6830716 -1.8120258 11110 268.0529999999999
EKBI 09 75.2856 45.11 09 55.7397169 9.132433 27 55.7412399 9.1817286 10975 86.87299999999959
EKBI 27 75.2856 45.11 27 55.7412399 9.1817286 09 55.7397169 9.132433 11070 266.87300000000687
KBDH 13 342.90000000000003 30.48 13 45.1225914 -95.140471 31 45.1129362 -95.1240892 10950 129.83299999999872
LIME 28 234.696 45.0 28 45.6644111 9.7254417 10 45.6710333 9.6897806 10870 284.8969999999972
EDSB 03 124.3584 45.0 03 48.7678433 8.069728 21 48.7908424 8.091258 10995 31.701999999999316
EDSB 21 124.3584 45.0 21 48.7908424 8.091258 03 48.7678433 8.069728 10875 211.70200000000477
LHKE 12 114.30000000000001 60.0 12 46.9235392 19.7354114 30 46.9113778 19.7630234 11130 122.64199999999983
LHKE 30 114.30000000000001 60.0 30 46.9113778 19.7630234 12 46.9235392 19.7354114 10995 302.8179999999993
LFSL 29 309.6768 45.11 29 45.036146 1.4965111 11 45.0440002 1.4722588 10995 294.6469999999972
LFRH 25 48.4632 45.11 25 47.7625338 -3.430907 07 47.7562561 -3.4591602 10815 251.71400000000722
CYBL 12 105.4608 46.02 12 49.9583121 -125.2827559 30 49.9457533 -125.2632638 10910 135.09100000000035
ZMUB 14 1329.8424 45.0 14 47.8528476 106.7535415 32 47.8320484 106.7812491 11030 138.12000000000262
LSGG 04 429.76800000000003 54.86 04 46.2257938 6.0909393 22 46.2503975 6.1270615 11090 45.44100000000071
LSGG 22 429.76800000000003 54.86 22 46.2503975 6.1270615 04 46.2257938 6.0909393 10870 225.44100000000617
LOWL 08 298.3992 60.33 08 48.2325181 14.1673433 26 48.233917 14.2076696 11055 87.04200000000128
LOWL 26 298.3992 60.33 26 48.233917 14.2076696 08 48.2325181 14.1673433 10930 267.0420000000013
LFQE 01 234.696 45.0 01 49.216432 5.668354 19 49.2314899 5.673902 11050 13.521999999999935
EDJA 06 628.4976 45.0 06 47.983307 10.2256414 24 47.9953797 10.2560341 11110 59.331999999998516
EDJA 24 628.4976 45.0 24 47.9953797 10.2560341 06 47.983307 10.2256414 11010 239.33199999999488
LFPV 09 177.69840000000002 45.0 09 48.774108 2.1883083 27 48.774625 2.2149278 11135 88.32500000000073
LFPV 27 177.69840000000002 45.0 27 48.774625 2.2149278 09 48.774108 2.1883083 11075 268.3249999999971
KALW 20 367.284 46.02 20 46.099767 -118.276489 2 46.0853214 -118.291678 11170 216.1009999999951
CYYG 03 46.3296 46.02 03 46.2796638 -63.1273747 21 46.2986231 -63.123091 11090 8.870999999999185
CYXC 16 939.6984 45.72 16 49.6230882 -115.7823382 34 49.6011467 -115.7818417 11030 179.15600000000268
KBRD 23 373.6848 46.02 23 46.405242 -94.125565 5 46.39463 -94.146323 10990 233.45699999999488
KBRD 34 373.6848 46.02 34 46.398864 -94.127638 16 46.417446 -94.13603 10970 342.7079999999987
KEAT 12 380.6952 46.02 12 47.4057618 -120.217293 30 47.3921673 -120.1972608 10935 135.1180000000022
KPWT 20 134.4168 46.02 20 47.497159 -122.758246 2 47.4833265 -122.771382 11110 212.69100000000617
KBIL 10L 1112.8248 45.72 10L 45.81271 -108.5548465 28R 45.8020079 -108.5164112 11150 111.79899999999907
KBIL 28R 1112.8248 45.72 28R 45.8020079 -108.5164112 10L 45.81271 -108.5548465 11150 291.79899999999907
LRAR 27 107.28960000000001 45.0 27 46.1757188 21.2749071 09 46.1773754 21.2491088 11070 275.31200000000536
ZYJM 06 79.8576 45.0 06 46.8359964 130.4532317 24 46.8510494 130.4776771 10830 47.99199999999837
LIMF 36 300.228 60.05 36 45.1859201 7.648688 18 45.2155928 7.650587 10870 2.562
LDRI 14 84.42960000000001 45.1 14 45.2257299 14.5613815 32 45.2075879 14.5801904 10850 143.78300000000309
KOLM 17 63.3984 45.72 17 46.9763669 -122.9023885 35 46.9615781 -122.9067072 11190 191.2699999999968
LFGJ 05 196.596 45.11 05 47.0330889 5.4153389 23 47.0447806 5.4391889 10935 54.28099999999904
LFRK 31 77.4192 45.0 31 49.1710519 -0.4451212 13 49.1809428 -0.4664562 11095 305.3579999999929
LFQP 24 309.6768 45.11 24 48.7715276 7.213091 06 48.7608599 7.1879293 11015 237.2149999999965
LFSO 20 336.49920000000003 45.11 20 48.5933639 5.9599611 02 48.5730163 5.9491 10870 199.45299999999406
LFSX 11 277.9776 45.11 11 47.7915917 6.3345333 29 47.7830111 6.3644083 10810 113.15699999999924
KMOT 31 522.4272 45.72 31 48.2494525 -101.2677038 13 48.2652587 -101.2887436 11190 318.4860000000044
LSGS 25 482.4984 39.93 25 46.2219865 7.3393806 07 46.2167005 7.3145981 11070 246.43700000000536
LFPB 27 67.056 45.0 27 48.9650565 2.4455892 09 48.963676 2.4203767 11055 265.25800000000163
LFPB 07 67.056 45.0 07 48.9638328 2.4202385 25 48.9739934 2.458177 10950 67.78700000000026
KDIK 32 789.7368 45.72 32 46.7937624 -102.7985596 14 46.8111787 -102.8129606 10830 330.47299999999814
LFJL 22 265.176 45.0 22 48.990866 6.2621327 04 48.969611 6.2357931 11175 219.13499999999476
ZYQQ 17R 146.9136 50.0 17R 47.2394599 123.8996189 35L 47.2145356 123.914784 11070 157.4800000000032
ZYQQ 17L 146.9136 45.0 17L 47.2506322 123.911556 35R 47.2289896 123.9247142 11070 157.54000000000087
LRTR 11 106.0704 45.0 11 45.8151481 21.3166834 29 45.8045082 21.3590529 11090 109.83800000000338
LRTR 29 106.0704 45.0 29 45.8045082 21.3590529 11 45.8151481 21.3166834 10930 289.8380000000034
LRCL 25 316.6872 45.0 25 46.7902007 23.6964921 07 46.7844653 23.6710409 11190 251.79499999999825
KIWD 27 374.5992 30.48 27 46.5274469 -90.1184839 9 46.5275129 -90.1443887 11150 270.2149999999965
LIMC 35L 233.78160000000003 60.05 35L 45.6108471 8.728281 17R 45.6454714 8.7187151 10910 349.0650000000023
LIMC 17L 233.78160000000003 60.05 17L 45.6503428 8.7279356 35R 45.6157202 8.7375198 11075 169.06900000000314
LIMC 35R 233.78160000000003 60.05 35R 45.6157202 8.7375198 17L 45.6503428 8.7279356 10990 349.06900000000314
KTVF 31 341.07120000000003 45.72 31 48.058346 -96.1743818 13 48.0709237 -96.1933139 11050 314.86999999999534
CYVO 18 336.49920000000003 45.72 18 48.0667614 -77.786505 36 48.0398363 -77.7788153 11030 169.14500000000407
KHIB 13 412.6992 45.72 13 47.391664 -92.847761 31 47.379214 -92.827558 11175 132.31900000000314
KHIB 31 412.6992 45.72 31 47.379214 -92.827558 13 47.391664 -92.847761 10875 312.31900000000314
LFRN 28 37.7952 45.0 28 48.0701805 -1.718307 10 48.0736822 -1.7460883 11010 280.70500000000175
LOWK 28R 448.05600000000004 45.0 28R 46.6390799 14.3547846 10L 46.6459402 14.3207023 11010 286.34799999999814
KSEA 16L 131.9784 46.02 16L 47.4638283 -122.3077522 34R 47.4311753 -122.3080412 11030 180.34300000000076
KSEA 34R 131.9784 46.02 34R 47.4311753 -122.3080412 16L 47.4638283 -122.3077522 11030 0.34299999999348074
KSEA 16C 131.9784 46.02 16C 47.4638301 -122.3109922 34C 47.4379481 -122.3112118 11170 180.34100000000035
KSEA 34C 131.9784 46.02 34C 47.4379481 -122.3112118 16C 47.4638301 -122.3109922 11170 0.34100000000034925
KSEA 16R 131.9784 46.02 16R 47.4638569 -122.3178541 34L 47.4405119 -122.3180646 11075 180.33699999999953
KSEA 34L 131.9784 46.02 34L 47.4405119 -122.3180646 16R 47.4638569 -122.3178541 11075 0.33699999999953434
EDDM 08L 452.62800000000004 60.0 08L 48.362767 11.76755 26R 48.366886 11.821172 10950 83.42399999999907
EDDM 26R 452.62800000000004 60.0 26R 48.366886 11.821172 08L 48.362767 11.76755 10870 263.42399999999907
EDDM 08R 452.62800000000004 60.0 08R 48.340669 11.751017 26L 48.344797 11.804614 10930 83.41100000000006
EDDM 26L 452.62800000000004 60.0 26L 48.344797 11.804614 08R 48.340669 11.751017 10830 263.4109999999928
CYLW 16 429.46320000000003 60.96 16 49.9694105 -119.3795836 34 49.94502 -119.3762552 11130 174.88999999999942
LFPG 09L 119.4816 60.0 09L 49.024719 2.524892 27R 49.026694 2.561689 10935 85.33499999999913
LFPG 27R 119.4816 60.0 27R 49.026694 2.561689 09L 49.024719 2.524892 11035 265.3350000000064
LFPG 09R 119.4816 45.11 09R 49.020617 2.513058 27L 49.0236851 2.5703075 11010 85.33399999999892
LFPG 27L 119.4816 45.11 27L 49.0236851 2.5703075 09R 49.020617 2.513058 11070 265.33400000000256
LFPG 08L 119.4816 45.11 08L 48.9956874 2.5527569 26R 48.9986995 2.6091707 10870 85.36100000000079
LFPG 26R 119.4816 45.11 26R 48.9986995 2.6091707 08L 48.9956874 2.5527569 11195 265.3610000000044
LFPG 08R 119.4816 60.05 08R 48.9929139 2.5656774 26L 48.994878 2.602433 10855 85.36100000000079
LFPG 26L 119.4816 60.05 26L 48.994878 2.602433 08R 48.9929139 2.5656774 10835 265.3610000000044
URKK 05R 35.9664 45.0 05R 45.02606 39.1730112 23L 45.0425019 39.2033096 11070 52.51900000000023
URKK 23L 35.9664 45.0 23L 45.0425019 39.2033096 05R 45.02606 39.1730112 10950 232.51900000000023
LKTB 27 236.22 60.05 27 49.149756 16.711898 09 49.152872 16.67587 11150 277.5479999999952
LRBM 09 181.96560000000002 45.72 09 47.6600483 23.4496596 27 47.6569908 23.4779249 10930 99.13799999999901
LIMW 27 546.5064 30.0 27 45.7393048 7.3792909 09 45.7378981 7.3572105 10975 269.0
CYYT 10 139.5984 60.96 10 47.6236154 -52.7715841 28 47.6252794 -52.7372019 10910 85.9409999999989
CYYT 28 139.5984 60.96 28 47.6252794 -52.7372019 10 47.6236154 -52.7715841 11030 265.94100000000617
CYYT 16 139.5984 60.97 16 47.6258915 -52.7519112 34 47.6113789 -52.7332909 11070 139.15600000000268
CYTS 03 294.7416 45.72 03 48.5629424 -81.3786168 21 48.5784046 -81.3700969 10970 20.01000000000022
UKDD 08 145.9992 44.0 08 48.3572805 35.0812297 26 48.3572805 35.11991 10950 90.02100000000064
UKDD 26 145.9992 44.0 26 48.3572805 35.11991 08 48.3572805 35.0812297 11030 270.02099999999336
LFSI 29 139.5984 45.11 29 48.6317785 4.9144217 11 48.6402354 4.8844074 10890 293.09500000000116
EDDN 10 317.2968 45.0 10 49.500551 11.05917 28 49.496925 11.096025 10955 98.62599999999657
EDDN 28 317.2968 45.0 28 49.496925 11.096025 10 49.500551 11.05917 10910 278.62600000000384
LOWI 26 580.644 45.5 26 47.2616028 11.3570255 08 47.2587834 11.3308736 11110 257.8110000000015
UKDR 36 124.3584 42.06 36 48.0329586 33.2065053 18 48.0553445 33.209627 10830 5.315000000002328
UKDE 20 113.99520000000001 42.0 20 47.8775197 35.3214785 02 47.8567528 35.3086375 11150 202.53800000000047
CYYB 08 359.66400000000004 43.28 08 46.3574061 -79.4422828 26 46.3688382 -79.4062711 11090 65.33499999999913
KRYM 31 350.21520000000004 30.48 31 46.085251 -94.3520796 13 46.0971632 -94.3690226 11110 315.39400000000023
LRTC 34 60.96 45.0 34 45.053575 28.7173422 16 45.0716675 28.7117024 11070 347.5709999999963
KPLN 32 219.45600000000002 45.72 32 45.563208 -84.788814 14 45.575767 -84.806889 11130 314.78800000000047
LKMT 22 257.25120000000004 63.09 22 49.7071284 18.1284707 04 49.6853167 18.0932403 11095 226.25500000000466
UHSI 13 117.9576 42.0 13 45.2610059 147.9427936 31 45.251708 147.968997 11130 116.75299999999697
UHSI 31 117.9576 42.0 31 45.251708 147.968997 13 45.2610059 147.9427936 11110 296.752999999997
LIPL 31L 101.4984 46.0 31L 45.4241516 10.2789856 13R 45.4400041 10.2563623 11015 314.9649999999965
URWA 09 -19.2024 42.06 09 46.2845815 47.9901299 27 46.2811652 48.0313805 11030 96.85800000000017
URWA 27 -19.2024 42.06 27 46.2811652 48.0313805 09 46.2845815 47.9901299 11050 276.8579999999929
LFOA 24 176.17440000000002 45.11 24 47.0635425 2.6519013 06 47.0479324 2.6117312 11070 240.30499999999302
CYQY 06 61.8744 60.96 06 46.1538925 -60.0604445 24 46.167428 -60.040384 11030 45.71700000000055
KMIB 12 508.1016 91.44 12 48.426164 -101.380261 30 48.405358 -101.335811 10990 125.20300000000134
KMIB 30 508.1016 91.44 30 48.405358 -101.335811 12 48.426164 -101.380261 10990 305.20299999999406
KTIW 17 88.69680000000001 30.48 17 47.274736 -122.576883 35 47.2611234 -122.5793254 10910 186.98799999999756
LSMP 05 445.92240000000004 39.93 05 46.834999 6.9013247 23 46.8516212 6.92875 10995 48.43500000000131
LSMP 23 445.92240000000004 39.93 23 46.8516212 6.92875 05 46.834999 6.9013247 10930 228.43499999999767
LFBG 23 31.3944 45.0 23 45.6625452 -0.3005764 05 45.648441 -0.3243226 10990 229.5850000000064
CYQX 03 151.1808 61.1 03 48.9209237 -54.5677973 21 48.9483592 -54.5598698 10950 10.725000000000364
CYQX 13 151.1808 60.96 13 48.9532573 -54.5857324 31 48.945745 -54.5506169 10990 107.96399999999994
URWW 05 145.9992 50.0 05 48.7748145 44.3184214 23 48.7857456 44.3528785 11170 64.28099999999904
URWW 23 145.9992 50.0 23 48.7857456 44.3528785 05 48.7748145 44.3184214 11050 244.28100000000268
LFLL 35L 249.936 45.11 35L 45.7106611 5.0903114 17R 45.7466078 5.085942 11075 355.1469999999972
LFLL 17L 249.936 45.11 17L 45.7350247 5.09187 35R 45.7109185 5.0947878 10910 175.14800000000105
LFLL 35R 249.936 45.11 35R 45.7109185 5.0947878 17L 45.7350247 5.09187 11150 355.14800000000105
LKPO 06 206.0448 60.05 06 49.4213685 17.3890764 24 49.4304727 17.4205816 11015 66.05099999999948
KLWS 26 439.52160000000003 45.72 26 46.3710249 -117.0021022 8 46.3737585 -117.0275965 10970 278.8350000000064
LRSV 34 418.1856 45.0 34 47.6758826 26.3592098 16 47.6970689 26.3497154 11010 343.20500000000175
LIPZ 04R 0.3048 45.11 04R 45.4941237 12.3377246 22L 45.5161881 12.3660717 10995 42.038000000000466
UATG 14 -21.945600000000002 45.0 14 47.1337361 51.8101833 32 47.1103917 51.8300139 10990 149.97899999999936
UATG 32 -21.945600000000002 45.0 32 47.1103917 51.8300139 14 47.1337361 51.8101833 10830 329.97900000000664
LIPX 04 73.152 45.0 04 45.387315 10.8763365 22 45.4065905 10.9043809 11175 45.61199999999917
LIPO 32 108.20400000000001 45.0 32 45.4190815 10.3448074 14 45.4380785 10.3177583 11055 315.0280000000057
EGJB 09 101.4984 45.11 09 49.4346521 -2.6137135 27 49.4352343 -2.5919072 10810 87.5679999999993
EGJB 27 101.4984 45.11 27 49.4352343 -2.5919072 09 49.4346521 -2.6137135 10810 267.5679999999993
KBZN 12 1362.7608 45.72 12 45.788085 -111.166482 30 45.770414 -111.14189 10930 135.86699999999837
ETSI 24L 366.6744 40.0 24L 48.7080794 11.5350402 06R 48.705245 11.524308 10810 248.16599999999744
LFLN 33R 242.6208 45.0 33R 46.4064976 4.021109 15L 46.4220423 4.0071239 11175 328.19400000000314
LFOB 12 109.11840000000001 45.0 12 49.4583123 2.1038543 30 49.4462069 2.1317337 11115 123.75600000000122
LFOB 30 109.11840000000001 45.0 30 49.4462069 2.1317337 12 49.4583123 2.1038543 10995 303.75599999999395
UKWW 31 296.5704 42.0 31 49.2341123 28.6251817 13 49.2509107 28.6022723 11030 318.2890000000043
CYQM 29 70.4088 60.96 29 46.10781 -64.662886 11 46.1068541 -64.694481 10930 267.49899999999616
CYQM 06 70.4088 60.96 06 46.10598 -64.694327 24 46.1262355 -64.6676471 10970 42.41500000000087
LDZA 04 107.59440000000001 45.11 04 45.7318752 16.0519687 22 45.7519058 16.0824367 10950 46.71399999999994
LDZA 22 107.59440000000001 45.11 22 45.7519058 16.0824367 04 45.7318752 16.0519687 10910 226.71400000000722
KAST 26 4.572 30.48 26 46.1582963 -123.8670141 8 46.1598175 -123.8897834 10950 275.50800000000163
LSME 22 426.4152 39.62 22 47.1013284 8.3151776 04 47.0834946 8.2950777 11035 217.5969999999943
LZKZ 01 229.51440000000002 45.0 01 48.6494687 21.2364181 19 48.6766508 21.2459219 10950 13.00500000000011
LSMD 29 448.05600000000004 39.93 29 47.3951366 8.663553 11 47.4016266 8.6337061 11115 287.846000000005
KDLS 25 75.2856 30.48 25 45.6212353 -121.1598886 7 45.6207957 -121.1780615 10935 253.1469999999972
CYQL 06 929.0304000000001 60.96 06 49.6238574 -112.8153546 24 49.6299355 -112.7894741 10950 70.11799999999857
LZPP 01 165.5064 30.0 01 48.6163586 17.8253788 19 48.633845 17.8317794 10930 13.597999999999956
KMSO 12 977.1888 45.72 12 46.9248598 -114.1065951 30 46.9079492 -114.0776648 10930 130.56300000000192
LFLX 21 160.02 45.11 21 46.8759241 1.7432216 03 46.8495698 1.7180516 11030 213.1490000000049
LRSB 27 463.29600000000005 45.11 27 45.7856099 24.1024779 09 45.7861546 24.0686862 11070 271.3549999999959
LFOP 22 156.0576 45.11 22 49.3909602 1.1839444 04 49.3794578 1.1684486 11050 221.2850000000035
KFAR 18 273.7104 45.72 18 46.932867 -96.816106 36 46.908192 -96.816403 10890 180.46699999999691
KFAR 36 273.7104 45.72 36 46.908192 -96.816403 18 46.932867 -96.816106 11030 0.46700000000419095
EDMA 25 461.77200000000005 30.0 25 48.4275393 10.9421411 07 48.4229789 10.9217237 10850 251.3920000000071
LJMB 32 266.7 45.11 32 46.470569 15.695161 14 46.48915 15.677094 11010 326.2020000000048
UKLN 15 251.7648 42.2 15 48.2683849 25.973332 33 48.2505872 25.9868241 10950 153.16399999999703
UKLN 33 251.7648 42.2 33 48.2505872 25.9868241 15 48.2683849 25.973332 11030 333.1640000000043
CYJT 27 24.384 60.96 27 48.5488862 -58.5303785 09 48.5399206 -58.5694338 10950 251.12300000000687
LDOS 11 88.39200000000001 45.0 11 45.4663088 18.796403 29 45.458421 18.8263184 11115 110.62700000000041
LDOS 29 88.39200000000001 45.0 29 45.458421 18.8263184 11 45.4663088 18.796403 11150 290.62699999999313
LSZH 28 431.59680000000003 58.05 28 47.456603 8.5704697 10 47.4589472 8.5373764 10975 276.00100000000384
LSZH 14 431.59680000000003 60.05 14 47.4831344 8.5346828 32 47.4612904 8.5644488 11175 137.31900000000314
LSZH 16 431.59680000000003 60.05 16 47.4757789 8.535868 34 47.4454458 8.5567363 11050 155.04299999999785
LSZH 34 431.59680000000003 60.05 34 47.4454458 8.5567363 16 47.4757789 8.535868 11075 335.0430000000051
KESC 10 185.3184 46.02 10 45.7208128 -87.1119721 28 45.7205356 -87.0865333 10930 90.90499999999884
KGPZ 34 412.6992 30.48 34 47.1994251 -93.5074397 16 47.2146696 -93.5131916 11010 345.653999999995
ELLX 06 374.5992 45.0 06 49.6175209 6.1875084 24 49.6353849 6.2356036 10990 60.17399999999907
ELLX 24 374.5992 45.0 24 49.6353849 6.2356036 06 49.6175209 6.1875084 11070 240.17399999999907
LZSL 36 317.6016 57.0 36 48.6272861 19.133617 18 48.6488611 19.13472 10870 1.93399999999383
KHLN 27 1181.1000000000001 45.72 27 46.602989 -111.962766 9 46.608417 -111.997694 11010 282.7540000000008
EDNY 06 416.9664 45.0 06 47.66602 9.4978509 24 47.676613 9.5251312 11190 60.0679999999993
EDNY 24 416.9664 45.0 24 47.676613 9.5251312 06 47.66602 9.4978509 11190 240.0679999999993
UKLL 13 323.6976 45.11 13 49.820428 23.9422968 31 49.7991088 23.9743936 10950 135.8510000000024
UKLL 31 323.6976 45.11 31 49.7991088 23.9743936 13 49.820428 23.9422968 11030 315.8509999999951
LZIB 31 132.8928 45.0 31 48.1557985 17.2348442 13 48.1757043 17.2039715 11070 314.0200000000041
LZIB 22 132.8928 60.0 22 48.1795968 17.2264987 04 48.1608115 17.1994117 10830 223.83800000000338
LFVP 26 7.315200000000001 45.72 26 46.7671594 -56.1648145 08 46.7584229 -56.1856218 10890 238.64999999999418
CYFC 09 20.1168 60.96 09 45.862999 -66.5523121 27 45.8705418 -66.5228329 11130 69.84200000000055
CYSB 22 347.77680000000004 60.96 22 46.6334205 -80.7919585 04 46.6176191 -80.8049647 11030 209.42999999999302
LFBU 28 132.8928 45.0 28 45.7285207 0.2302365 10 45.7305472 0.2064489 10935 276.9560000000056
ETSN 27 379.7808 30.0 27 48.7108819 11.2318214 09 48.711093 11.194461 10935 270.50599999999395
LFOE 22 141.1224 45.11 22 49.039025 1.233022 04 49.018314 1.206711 11130 219.8000000000029
KDVL 31 443.48400000000004 30.48 31 48.1110817 -98.9022914 13 48.1241344 -98.9197815 10870 318.1670000000013
ZBMZ 12 679.7040000000001 45.0 12 49.570487 117.311091 30 49.563026 117.348069 10850 107.30500000000029
ZBMZ 30 679.7040000000001 45.0 30 49.563026 117.348069 12 49.570487 117.311091 11010 287.304999999993
LIPH 07 17.9832 45.0 07 45.6449 12.180564 25 45.651983 12.207253 10930 69.22000000000116
KGRF 15 91.44 45.72 15 47.0874015 -122.5835045 33 47.0710383 -122.5779993 10830 167.10199999999895
KBLI 16 51.2064 45.72 16 48.801873 -122.5375628 34 48.783509 -122.537485 10850 179.84999999999854
KPKD 31 439.52160000000003 30.48 31 46.8960363 -95.0656094 13 46.9067268 -95.0811719 11090 315.1619999999966
LFLS 09 395.9352 45.11 09 45.3629974 5.3099243 27 45.3628871 5.3488519 10930 90.2410000000018
EDTL 21 154.8384 45.0 21 48.3811439 7.8373414 03 48.3573439 7.8181234 10970 208.22900000000664
CYDF 25 21.640800000000002 46.02 25 49.2167557 -57.3822384 07 49.2015976 -57.4064789 10830 226.24099999999453
KJMS 31 456.59040000000005 30.48 31 46.9230998 -98.6686409 13 46.9356532 -98.6871011 10930 314.89800000000105
CYHD 12 412.6992 45.72 12 49.8350223 -92.7551773 30 49.8279773 -92.7322553 10970 115.51699999999983
EDMO 22 583.9968 45.0 22 48.0892085 11.293771 04 48.0740243 11.2730423 11050 222.37799999999697
CYQQ 12 25.2984 60.96 12 49.7208952 -124.9016152 30 49.7014041 -124.8718958 11170 135.42399999999907
CYQQ 30 25.2984 60.96 30 49.7014041 -124.8718958 12 49.7208952 -124.9016152 10975 315.42399999999907
URWI 09 152.4 45.0 09 46.3765557 44.3032797 27 46.3726667 44.3444722 10850 97.8060000000005
KPSC 21R 124.968 45.72 21R 46.2707271 -119.1116699 3L 46.2559612 -119.1335282 10870 225.64599999999336
LIPQ 09 11.277600000000001 45.11 09 45.8279692 13.4473391 27 45.8277864 13.4859349 11075 90.4439999999995
LFOK 10 178.00320000000002 45.0 10 48.7795849 4.1584218 28 48.7728319 4.2099215 11130 101.27399999999761
LFOK 28 178.00320000000002 45.0 28 48.7728319 4.2099215 10 48.7795849 4.1584218 10955 281.2740000000049
LSZR 10 398.0688 29.87 10 47.4860967 9.5506002 28 47.4841093 9.5697518 10875 98.78500000000349
LFBL 21 395.0208 45.0 21 45.8708439 1.1898003 03 45.852481 1.172555 11010 213.17600000000675
LJCE 09 154.8384 45.0 09 45.8996861 15.510364 27 45.9001556 15.5490111 11110 89.0119999999988
UKOO 16 50.5968 45.0 16 46.4381966 30.6681321 34 46.4140227 30.6785929 10910 163.43299999999726
UKOO 34 50.5968 45.0 34 46.4140227 30.6785929 16 46.4381966 30.6681321 11110 343.43300000000454
LJLJ 30 387.4008 45.11 30 46.2148787 14.474823 12 46.2324913 14.440394 11050 306.49099999999453
EDTY 28 399.288 30.0 28 49.117297 9.794061 10 49.119415 9.773206 11150 278.8150000000023
LFOJ 25 125.5776 45.11 25 47.9915402 1.7757288 07 47.9838619 1.7455278 11130 249.27700000000186
UHHH 05L 74.3712 45.2 05L 48.516391 135.169719 23R 48.5397217 135.2015384 11090 42.09899999999834
UHHH 23R 74.3712 45.2 23R 48.5397217 135.2015384 05L 48.516391 135.169719 11130 222.09900000000198
UHHH 05R 74.3712 60.05 05R 48.5146284 135.1726505 23L 48.541296 135.2090087 11030 42.09200000000055
UHHH 23L 74.3712 60.05 23L 48.541296 135.2090087 05R 48.5146284 135.1726505 11115 222.0920000000042
KBTM 15 1690.7256 45.72 15 45.966928 -112.501203 33 45.942897 -112.493167 11090 166.91500000000087
EGJJ 08 83.2104 46.02 08 49.2069981 -2.2069189 26 49.208933 -2.1836586 11090 82.73500000000058
EGJJ 26 83.2104 46.02 26 49.208933 -2.1836586 08 49.2069981 -2.2069189 11030 262.7350000000006
LRIA 14 124.968 45.0 14 47.1895019 27.6127087 32 47.1710236 27.6291188 10910 148.86499999999796
KNUW 14 13.1064 60.96 14 48.3617036 -122.6625142 32 48.3418785 -122.6484294 11010 154.71600000000035
LFLB 18 236.8296 45.0 18 45.647105 5.8794899 36 45.6289688 5.8809718 10950 176.7320000000036
KHYR 21 370.332 30.48 21 46.0320875 -91.4401507 3 46.0196373 -91.448403 10850 204.70799999999872
CYHU 24R 26.822400000000002 45.72 24R 45.5253744 -73.4068922 06L 45.5107609 -73.4291404 11110 226.8509999999951
ETHN 25 468.17280000000005 30.0 25 49.3933075 9.966158 07 49.3901877 9.9487594 10890 254.6079999999929
KDLH 27 435.25440000000003 45.72 27 46.8413185 -92.1780114 9 46.842469 -92.2202908 10870 272.2960000000021
KCIU 16 243.2304 45.72 16 46.2563878 -84.478107 34 46.2392651 -84.4638495 11030 150.0789999999979
LFBH 27 22.555200000000003 45.0 27 46.1788124 -1.1818042 09 46.1796591 -1.210521 10955 272.44199999999546
LSZA 01 278.892 31.33 01 45.9985301 8.907773 19 46.0105854 8.9136778 10890 18.730999999999767
KSTC 13 313.3344 45.72 13 45.5539517 -94.0693404 31 45.5391538 -94.0489969 11190 136.1010000000024
KSTC 31 313.3344 45.72 31 45.5391538 -94.0489969 13 45.5539517 -94.0693404 11190 316.1009999999951
LFLC 26 330.0984 45.11 26 45.7886028 3.1891873 08 45.7848212 3.1507467 11110 261.9750000000058
LHBP 13R 150.876 45.0 13R 47.4487248 19.2207009 31L 47.4304507 19.250268 11050 132.4389999999985
LHBP 31L 150.876 45.0 31L 47.4304507 19.250268 13R 47.4487248 19.2207009 11150 312.4389999999985
LHBP 13L 150.876 45.0 13L 47.4454256 19.2575439 31R 47.422916 19.2939505 10915 132.47400000000198
LHBP 31R 150.876 45.0 31R 47.422916 19.2939505 13L 47.4454256 19.2575439 10950 312.474000000002
KRRT 31 327.3552 30.48 31 48.9348791 -95.3393797 13 48.9459819 -95.3542228 11010 318.67699999999604
ZBLA 27 659.2824 46.0 27 49.20739 119.8473218 09 49.2047431 119.8090978 11030 263.9210000000021
KGFK 35L 257.55600000000004 45.72 35L 47.9391074 -97.1812597 17R 47.9592596 -97.181243 10910 0.02599999999802094
KGEG 21 726.3384000000001 45.72 21 47.631218 -117.5182563 3 47.6100799 -117.5500801 11110 225.42200000000594
CYSJ 05 107.89920000000001 45.11 05 45.3019721 -65.8951788 23 45.3189126 -65.8807661 10830 30.912000000000262
CYSJ 23 107.89920000000001 45.11 23 45.3189126 -65.8807661 05 45.3019721 -65.8951788 11050 210.91199999999662
LFAQ 26 109.72800000000001 45.0 26 49.9709673 2.7093258 08 49.9693259 2.6786713 10875 265.26900000000023
CYQB 06 74.0664 46.0 06 46.7824278 -71.4063031 24 46.7999827 -71.3810271 10950 44.59100000000035
URMT 07 452.32320000000004 48.0 07 45.1061529 42.0966583 25 45.1119394 42.1286709 11050 75.64600000000064
URMT 25 452.32320000000004 48.0 25 45.1119394 42.1286709 07 45.1061529 42.0966583 11070 255.64599999999336
UKOH 03 44.196000000000005 45.0 03 46.6665341 32.497395 21 46.6854248 32.5151625 11010 32.913000000000466
CYPG 31L 268.5288 45.11 31L 49.8943962 -98.2632744 13R 49.9077475 -98.2845721 10970 314.2350000000006
LSZB 14 509.9304 30.0 14 46.9193252 7.4908128 32 46.9073896 7.5053621 11010 140.2059999999983
CYQT 07 197.8152 45.0 07 48.370131 -89.3337866 25 48.3768142 -89.3053971 10950 70.49299999999857
KPDX 10L 6.096 46.0 10L 45.5965044 -122.600021 28R 45.5834197 -122.5664451 11130 119.12999999999738
KPDX 28R 6.096 46.0 28R 45.5834197 -122.5664451 10L 45.5965044 -122.600021 11130 299.13000000000466
KPDX 10R 6.096 45.0 10R 45.5951448 -122.6214766 28L 45.5805023 -122.5838805 11050 119.11299999999756
KPDX 28L 6.096 45.0 28L 45.5805023 -122.5838805 10R 45.5951448 -122.6214766 11050 299.11299999999756
LRSM 19 126.1872 45.0 19 47.7143687 22.8893666 01 47.692471 22.8818488 11095 193.02099999999336
LIPA 05 125.8824 47.24 05 46.0231736 12.5839287 23 46.0389919 12.6089875 10950 47.733000000000175
UHSS 01 17.9832 45.0 01 46.8701831 142.7170474 19 46.9008099 142.7177922 10950 0.9530000000004293
UHSS 19 17.9832 45.0 19 46.9008099 142.7177922 01 46.8701831 142.7170474 11170 180.95299999999406
LRBC 34 183.7944 45.0 34 46.5110565 26.9144646 16 46.5327734 26.9059331 11070 344.87300000000687
KBFI 14R 6.096 60.96 14R 47.5405227 -122.311356 32L 47.5167307 -122.291242 11090 150.28600000000006
KBFI 32L 6.096 60.96 32L 47.5167307 -122.291242 14R 47.5405227 -122.311356 11090 330.2859999999928
LIML 35 107.59440000000001 60.0 35 45.434306 9.278228 17 45.456214 9.275867 10955 355.67699999999604
LHDC 04R 107.89920000000001 40.0 04R 47.4813822 21.603023 22L 47.4964824 21.6277045 11010 47.85499999999956
URRP 05 85.95360000000001 45.0 05 47.4845117 39.9053909 23 47.5033802 39.9442039 11150 54.297999999998865
URRP 23 85.95360000000001 45.0 23 47.5033802 39.9442039 05 47.4845117 39.9053909 11090 234.29799999999523
CYUL 06L 35.6616 60.96 06L 45.4610524 -73.7649642 24R 45.4832808 -73.7359126 10930 42.56499999999869
CYUL 24R 35.6616 60.96 24R 45.4832808 -73.7359126 06L 45.4610524 -73.7649642 11190 222.56500000000233
CYUL 06R 35.6616 60.96 06R 45.4576549 -73.7414062 24L 45.4770234 -73.7160064 11050 42.60099999999875
CYUL 24L 35.6616 60.96 24L 45.4770234 -73.7160064 06R 45.4576549 -73.7414062 11050 222.6009999999951
KFFM 31 360.27360000000004 30.48 31 46.278702 -96.146012 13 46.289288 -96.162265 11150 313.3099999999977
CYBR 08 408.1272 42.67 08 49.9076091 -99.9664809 26 49.9075087 -99.9388369 11010 90.39500000000044
KMMV 22 49.6824 30.0 22 45.1998353 -123.1305 4 45.1917561 -123.1482053 11090 237.12699999999313
ETAR 08 236.5248 45.0 08 49.432548 7.578826 26 49.436403 7.622551 10895 82.31499999999869
ETAR 26 236.5248 45.0 26 49.436403 7.622551 08 49.432548 7.578826 11050 262.3150000000023
ETAR 09 236.5248 45.0 09 49.4358658 7.5756318 27 49.4375951 7.6171144 11150 86.31999999999971
ETAR 27 236.5248 45.0 27 49.4375951 7.6171144 09 49.4358658 7.5756318 11075 266.320000000007
LOWS 15 430.07280000000003 45.0 15 47.8047999 12.9967036 33 47.7820534 13.0110827 10990 156.99900000000343
KXWA 32 717.1944000000001 45.72 32 48.252183 -103.7429523 14 48.2695432 -103.7593757 10910 327.8209999999963
LHPP 34 197.2056 30.0 34 45.982962 18.2458137 16 45.9954356 18.238419 10835 337.59799999999814
CYYY 06 52.1208 45.72 06 48.6037556 -68.2155367 24 48.6167261 -68.2002951 10970 38.034999999999854
KPAE 16R 184.0992 45.72 16R 47.9213714 -122.2858553 34L 47.8966333 -122.2853118 10930 179.1489999999976
LKCS 27 431.90160000000003 45.0 27 48.9463805 14.444527 09 48.9463609 14.4104055 11050 269.97900000000664
LUKK 08 121.3104 45.0 08 46.9273117 28.9073301 26 46.9282679 28.9545846 11030 88.32099999999991
LUKK 26 121.3104 45.0 26 46.9282679 28.9545846 08 46.9273117 28.9073301 10990 268.3209999999963
KBJI 31 423.9768 45.72 31 47.5051091 -94.9264194 13 47.5184459 -94.9468022 11190 314.09100000000035
KBJI 25 423.9768 45.72 25 47.5115556 -94.9213314 7 47.5072474 -94.9435017 10935 253.95699999999488
LKNA 30 471.5256 45.11 30 49.1593603 16.1371183 12 49.1730504 16.1116342 11135 309.4189999999944
LRTM 07 293.2176 45.0 07 46.4652728 24.3999598 25 46.4701724 24.4250847 10990 74.17199999999866
KYKM 27 334.97520000000003 46.02 27 46.565428 -120.531128 9 46.572556 -120.559533 11010 290.0599999999977
CYWG 36 232.56240000000003 60.96 36 49.8951129 -97.2418656 18 49.9249528 -97.2349442 10990 8.489000000000033
CYWG 13 232.56240000000003 60.96 13 49.91304 -97.2523256 31 49.8951762 -97.2278433 10950 138.58899999999994
CYWG 31 232.56240000000003 60.96 31 49.8951762 -97.2278433 13 49.91304 -97.2523256 11030 318.5890000000072
LFRB 25L 99.06 45.0 25L 48.4523582 -4.3986568 07R 48.4433743 -4.4383682 10990 251.18099999999686
LOWG 34C 341.37600000000003 45.0 34C 46.9777878 15.4432856 16C 47.0042912 15.4359904 11090 349.3680000000022
UKHH 07 153.0096 49.99 07 49.925444 36.2733819 25 49.9282882 36.3080317 11110 82.73600000000079
UKHH 25 153.0096 49.99 25 49.9282882 36.3080317 07 49.925444 36.2733819 11170 262.7360000000044
LHPR 29 127.7112 30.0 29 47.6238902 17.8167451 11 47.6328598 17.7932209 11135 299.5359999999928
KAXN 31 434.34000000000003 30.48 31 45.8610267 -95.3890302 13 45.8716453 -95.402103 11050 319.3990000000049
CYOW 07 113.99520000000001 60.96 07 45.3133022 -75.6712897 25 45.3250742 -75.6451207 10950 57.39500000000044
CYOW 32 113.99520000000001 60.96 32 45.310772 -75.654846 14 45.327033 -75.6862357 11030 306.4189999999944
EDFH 03 502.0056 45.11 03 49.9313824 7.2468509 21 49.960239 7.2753047 10930 32.40799999999945
EDFH 21 502.0056 45.11 21 49.960239 7.2753047 03 49.9313824 7.2468509 11130 212.4079999999958
LFSG 26 330.0984 45.0 26 48.3262293 6.0881586 08 48.3241418 6.0518314 11090 265.0709999999963
CYBG 11 158.496 45.72 11 48.3322473 -71.016712 29 48.3317039 -70.9756534 11015 91.1449999999968
CYBG 29 158.496 45.72 29 48.3317039 -70.9756534 11 48.3322473 -71.016712 11150 271.1450000000041
KHIO 13R 62.1792 46.02 13R 45.5495398 -122.9594344 31L 45.5350456 -122.9442153 11070 143.67599999999948
LIMN 35 177.69840000000002 31.0 35 45.518606 8.6729704 17 45.5435167 8.665148 10815 347.59100000000035
KBIS 13 506.2728 45.72 13 46.7839594 -100.7618032 31 46.766156 -100.7381205 11150 137.69200000000274
KBIS 31 506.2728 45.72 31 46.766156 -100.7381205 13 46.7839594 -100.7618032 11030 317.69199999999546
KABR 31 396.24 29.87 31 45.4418509 -98.4090344 13 45.4552448 -98.4280234 10990 315.16300000000047
LFRG 30 145.9992 45.0 30 49.3600645 0.1699344 12 49.3705259 0.1387175 11155 297.2390000000014
LFPO 06 88.69680000000001 45.1 06 48.7199675 2.3169016 24 48.7354511 2.360678 10850 61.81000000000131
LFPO 24 88.69680000000001 45.1 24 48.7354511 2.360678 06 48.7199675 2.3169016 11090 241.80999999999767
LFPO 07 88.69680000000001 45.1 07 48.7194045 2.3585745 25 48.7274326 2.4020723 10815 74.3869999999988
LFPO 25 88.69680000000001 45.1 25 48.7274326 2.4020723 07 48.7194045 2.3585745 11175 254.38700000000244
LFPO 02 88.69680000000001 45.1 02 48.7175258 2.3766919 20 48.7380217 2.3869656 11030 18.310999999999694
LFST 05 153.6192 45.11 05 48.5311909 7.6160159 23 48.5454597 7.6404734 10855 48.6140000000014
LFST 23 153.6192 45.11 23 48.5454597 7.6404734 05 48.5311909 7.6160159 10955 228.6140000000014
CYBC 10 21.031200000000002 45.72 10 49.1310481 -68.216595 28 49.1339402 -68.1919118 11030 79.85700000000361
KHQM 24 5.486400000000001 46.02 24 46.972401 -123.9266635 6 46.9699825 -123.9464821 10870 259.8099999999977
EDDS 07 387.096 45.0 07 48.6857316 9.200131 25 48.6940159 9.2438095 10950 73.9890000000014
EDDS 25 387.096 45.0 25 48.6940159 9.2438095 07 48.6857316 9.200131 10990 253.9890000000014
LHPA 16 144.78 60.0 16 47.37416 17.4952558 34 47.3538081 17.505931 10855 160.4449999999997
LHPA 34 144.78 60.0 34 47.3538081 17.505931 16 47.37416 17.4952558 11035 340.445000000007
LHSM 16 124.3584 60.0 16 46.6972518 17.1548915 34 46.6754995 17.1631773 10875 165.37900000000081
LFPN 25R 163.6776 30.0 25R 48.7543969 2.1129084 07L 48.7512173 2.098744 11015 251.17999999999302
LFSB 15 267.3096 60.0 15 47.6177038 7.5098621 33 47.5859274 7.5319579 11155 154.86499999999796
LFSB 33 267.3096 60.0 33 47.5859274 7.5319579 15 47.6177038 7.5098621 10935 334.86500000000524
KMWH 32R 361.18800000000005 60.96 32R 47.190407 -119.3098221 14L 47.225637 -119.3264921 10950 342.18700000000536
UAKK 05 538.5816 60.0 05 49.6634113 73.314274 23 49.6803938 73.3568089 10990 58.34400000000096
UAKK 23 538.5816 60.0 23 49.6803938 73.3568089 05 49.6634113 73.314274 11170 238.34399999999732
RJCW 08 7.62 45.72 08 45.4008721 141.7890083 26 45.4079917 141.8152167 11110 68.85699999999997
KINL 13 361.18800000000005 45.72 13 48.5728654 -93.4126792 31 48.5582809 -93.391387 10910 135.9979999999996
KINL 31 361.18800000000005 45.72 31 48.5582809 -93.391387 13 48.5728654 -93.4126792 11195 315.99800000000687
LZZI 06 310.896 29.87 06 49.2312236 18.6064162 24 49.2356545 18.6207276 10815 64.60800000000017
CYYJ 09 19.2024 61.0 09 48.651872 -123.4397104 27 48.6465508 -123.4118241 10870 106.11200000000099
CYYJ 27 19.2024 61.0 27 48.6465508 -123.4118241 09 48.651872 -123.4397104 10995 286.1119999999937
KANE 27 277.9776 30.0 27 45.14465 -93.2007028 9 45.1448196 -93.2200798 11115 270.7170000000042
CYVR 08R 0.0 60.96 08R 49.1900989 -123.2078159 26L 49.1843758 -123.1575954 10950 99.91400000000067
CYVR 26L 0.0 60.96 26L 49.1843758 -123.1575954 08R 49.1900989 -123.2078159 11070 279.9140000000043
CYVR 13 0.0 60.96 13 49.1999298 -123.2009134 31 49.1841647 -123.1820257 11110 141.9340000000011
CYVR 08L 0.0 60.0 08L 49.2052141 -123.2011187 26R 49.2005478 -123.160158 11055 99.91200000000026
CYVR 26R 0.0 60.0 26R 49.2005478 -123.160158 08L 49.2052141 -123.2011187 11195 279.9119999999966
LFRS 03 25.908 45.0 03 47.1415863 -1.619553 21 47.1643731 -1.6022148 10990 27.381999999999607
CYCD 16 27.127200000000002 45.77 16 49.0636001 -123.8699478 34 49.0455031 -123.8703672 11035 180.85899999999674
KTCM 16 96.9264 45.72 16 47.1515396 -122.4765409 34 47.1238561 -122.4763817 10990 179.75400000000081
KTCM 34 96.9264 45.72 34 47.1238561 -122.4763817 16 47.1515396 -122.4765409 10850 359.7540000000008
CYMX 06 82.296 60.96 06 45.6703944 -74.021753 24 45.693692 -73.9885544 11130 44.8849999999984
CYMX 24 82.296 60.96 24 45.693692 -73.9885544 06 45.6703944 -74.021753 11170 224.88499999999476
KSFF 22R 595.2744 46.02 22R 47.6864195 -117.316572 4L 47.6792008 -117.3313912 11170 237.27099999999336
LOWW 11 182.88 45.11 11 48.1228105 16.5333747 29 48.1090442 16.5756544 11030 116.01900000000023
LOWW 29 182.88 45.11 29 48.1090442 16.5756544 11 48.1228105 16.5333747 10955 296.01900000000023
LOWW 16 182.88 45.0 16 48.1197797 16.5782024 34 48.088631 16.5913781 10850 164.23799999999756
LOWW 34 182.88 45.0 34 48.088631 16.5913781 16 48.1197797 16.5782024 10810 344.23799999999756
LHSN 02 85.95360000000001 70.0 02 47.1144564 20.2307745 20 47.1312611 20.2402257 11075 21.175000000000182
LHSN 20 85.95360000000001 70.0 20 47.1312611 20.2402257 02 47.1144564 20.2307745 10955 201.1750000000029
KSKA 23 749.808 45.72 23 47.6225834 -117.6298932 5 47.6075222 -117.6816971 11030 246.67699999999604
CYAM 12 191.4144 60.96 12 46.4860141 -84.5208946 30 46.4809673 -84.4982234 10950 107.90800000000309
LZTT 27 717.8040000000001 45.0 27 49.0727556 20.2588861 09 49.0744333 20.2233944 11010 274.14100000000326
CYXX 07 58.8264 60.96 07 49.0191176 -122.3799731 25 49.0210678 -122.3399423 10970 85.77200000000084
KBDE 30 330.0984 30.48 30 48.7246015 -94.6024403 12 48.7323333 -94.622 10830 300.9070000000065
LKCV 31 241.4016 60.05 31 49.9316318 15.3932884 13 49.9475123 15.3705659 11175 317.3390000000072
KPVD 23 16.764 45.72 23 41.7304869 -71.4209665 5 41.7102702 -71.437972 10930 212.08000000000175
KPVD 34 16.764 45.72 34 41.7185968 -71.4183408 16 41.7316767 -71.4321765 11150 321.68700000000536
KEAU 22 278.2824 45.72 22 44.8750262 -91.4706081 4 44.8592749 -91.4927317 10950 224.88999999999942
KEUG 16R 113.69040000000001 45.72 16R 44.135439 -123.2191743 34L 44.11347 -123.2188413 11010 179.38100000000122
KEUG 16L 113.69040000000001 45.72 16L 44.1329639 -123.2027553 34R 44.1165089 -123.2025103 11175 179.39600000000064
LBPD 30 181.96560000000002 49.99 30 42.0609981 24.862933 12 42.0746348 24.8388673 10990 307.34799999999814
LFKJ 02 5.7912 45.0 02 41.9118633 8.7949626 20 41.9315036 8.8072433 11030 24.88500000000022
CYXU 15 277.9776 60.96 15 43.0421233 -81.1598195 33 43.0239617 -81.1380716 10950 138.7019999999975
LQSA 11 519.3792000000001 45.72 11 43.8299562 18.3171237 29 43.8191984 18.3458355 11070 117.45300000000134
LTAW 06 558.6984 45.0 06 40.3207974 36.3753047 24 40.3290639 36.4051867 10855 70.13100000000122
KCON 35 103.9368 30.48 35 43.1932159 -71.498149 17 43.2081615 -71.5076475 10870 335.1429999999964
KFSD 21 435.55920000000003 45.72 21 43.592867 -96.734267 3 43.572619 -96.753694 11110 214.81200000000536
KONP 16 48.768 30.48 16 44.5868509 -124.0593839 34 44.5720557 -124.0584082 11150 177.33200000000215
KMUO 12 913.1808000000001 60.96 12 43.056717 -115.890275 30 43.030478 -115.854589 11030 135.18499999999767
KMUO 30 913.1808000000001 60.96 30 43.030478 -115.854589 12 43.056717 -115.890275 11170 315.1849999999977
LEVT 04 512.9784000000001 45.12 04 42.8700894 -2.7370343 22 42.8955979 -2.7118835 10890 35.85200000000077
KBGR 15 58.216800000000006 60.96 15 44.8183723 -68.843931 33 44.7965033 -68.812322 10950 134.29200000000128
KBGR 33 58.216800000000006 60.96 33 44.7965033 -68.812322 15 44.8183723 -68.843931 10950 314.2920000000013
KGUS 23 247.4976 60.96 23 40.6603562 -86.1363289 5 40.6358107 -86.1678873 10950 224.29499999999825
RJCM 18 32.6136 44.5 18 43.8918048 144.1625928 36 43.8693998 144.1654868 11010 174.68099999999686
RJCM 36 32.6136 44.5 36 43.8693998 144.1654868 18 43.8918048 144.1625928 11030 356.4200000000001
KLEB 18 183.7944 30.48 18 43.6293286 -72.307385 36 43.6153701 -72.303293 11190 170.96799999999348
KGTB 21 209.3976 45.72 21 44.0718407 -75.715322 3 44.0454653 -75.7258037 10850 195.94199999999546
KWRI 24 39.3192 45.72 24 40.0254887 -74.5693532 6 40.0035658 -74.5986752 11010 225.65700000000652
LYPG 36 42.976800000000004 45.11 36 42.348172 19.250736 18 42.370617 19.253022 10990 4.302999999999884
UTFN 28 473.964 45.72 28 40.9801936 71.5753217 10 40.9895659 71.5383524 11010 288.570000000007
LEXJ 29 4.8768 43.66 29 43.4236091 -3.8070813 11 43.4307893 -3.8339266 11090 290.2149999999965
KALB 19 86.86800000000001 45.72 19 42.760471 -73.805265 1 42.737167 -73.8042569 10950 178.18499999999767
KTVC 10 190.1952 45.72 10 44.7412045 -85.5909202 28 44.7399437 -85.5638907 11070 93.73799999999756
KTVC 28 190.1952 45.72 28 44.7399437 -85.5638907 10 44.7412045 -85.5909202 11070 273.73799999999756
KOZW 13 292.608 30.48 13 42.6335947 -83.9895819 31 42.6252666 -83.9748038 10855 127.45999999999913
KMBS 23 202.9968 46.02 23 43.542169 -84.067689 5 43.526817 -84.089253 10870 225.528999999995
KMCW 36 369.4176 45.72 36 43.1507894 -93.3276917 18 43.16862 -93.3277304 10950 359.915
LTAC 03R 952.5 59.0 03R 40.1140623 32.9831635 21L 40.1413103 33.0091255 11030 36.08400000000074
LTAC 21L 952.5 59.0 21L 40.1413103 33.0091255 03R 40.1140623 32.9831635 10810 216.08400000000256
LTAC 03L 952.5 45.11 03L 40.1178003 32.9836746 21R 40.1424271 33.007141 10890 36.086999999999534
LTAC 21R 952.5 45.11 21R 40.1424271 33.007141 03L 40.1178003 32.9836746 10830 216.08699999999953
KAZO 35 266.3952 45.72 35 42.2237382 -85.548017 17 42.2413687 -85.5517357 11090 351.127999999997
KJHW 25 525.1704 29.87 25 42.1556692 -79.251363 7 42.1481582 -79.2681248 10970 238.86699999999837
KJFK 13L 3.9624 60.96 13L 40.6577726 -73.7902528 31R 40.6437215 -73.7592708 11150 120.87099999999919
KJFK 31R 3.9624 60.96 31R 40.6437215 -73.7592708 13L 40.6577726 -73.7902528 11150 300.8709999999992
KJFK 22R 3.9624 60.0 22R 40.6505195 -73.7633136 4L 40.6220201 -73.7855859 10950 208.22699999999895
KJFK 31L 3.9624 60.96 31L 40.6279923 -73.7717745 13R 40.6483667 -73.8167248 11135 300.8570000000036
KJFK 22L 3.9624 60.96 22L 40.6452357 -73.7548617 4R 40.6254255 -73.7703494 11090 210.67999999999302
KHIF 14 1459.6872 60.96 14 41.1404447 -111.984264 32 41.1074212 -111.9618659 10990 152.96300000000338
KCVO 17 74.9808 45.72 17 44.5034327 -123.2911083 35 44.4873767 -123.2938453 11190 186.95999999999913
KAOO 21 458.11440000000005 30.48 21 40.3031421 -78.3177383 3 40.2887149 -78.3231291 11110 195.92399999999907
KTWF 26 1264.3104 45.72 26 42.480711 -114.470975 8 42.481256 -114.503219 10830 271.3220000000001
LIMP 20 49.0728 45.11 20 44.8358894 10.3011489 02 44.8176538 10.2931305 11050 197.32799999999406
ZLDH 08 1124.4072 45.0 08 40.1603779 94.7926626 26 40.1635347 94.8323696 10930 84.125
ZLDH 26 1124.4072 45.0 26 40.1635347 94.8323696 08 40.1603779 94.7926626 10870 264.125
UHWW 07R 13.411200000000001 60.05 07R 43.389276 132.1306346 25L 43.4045543 132.168508 10930 60.95100000000093
UHWW 25L 13.411200000000001 60.05 25L 43.4045543 132.168508 07R 43.389276 132.1306346 11010 240.95100000000093
KEOK 26 203.6064 30.48 26 40.4607446 -91.416364 8 40.4596161 -91.4360818 11090 265.70500000000175
RJCN 08 64.92240000000001 44.5 08 43.5744947 144.9480939 26 43.5803477 144.9715109 10935 70.97300000000178
LELN 23 915.3144000000001 45.11 23 42.6009383 -5.6392592 05 42.5819655 -5.6652272 10950 225.35000000000582
KPVU 13 1370.6856 45.72 13 40.2302328 -111.7324647 31 40.2106927 -111.7151405 11030 145.90800000000309
RJCJ 36R 26.5176 45.11 36R 42.7752759 141.6719409 18L 42.811008 141.665614 11030 352.63300000000004
KITH 32 334.97520000000003 46.02 32 42.484892 -76.4494296 14 42.4978519 -76.4685267 10870 312.6180000000022
KBFF 12 1209.1416000000002 45.72 12 41.8822844 -103.6049529 30 41.8660576 -103.5836868 11035 135.70799999999872
KBFF 30 1209.1416000000002 45.72 30 41.8660576 -103.5836868 12 41.8822844 -103.6049529 10930 315.7079999999987
KRCA 13 999.1344 91.44 13 44.1588513 -103.1207776 31 44.1313043 -103.0863574 11150 138.17899999999645
KRCA 31 999.1344 91.44 31 44.1313043 -103.0863574 13 44.1588513 -103.1207776 11030 318.1790000000037
LEVD 23 845.5152 45.0 23 41.7159859 -4.8389997 05 41.6970069 -4.8647728 10930 225.38999999999942
LEZG 30R 262.7376 45.0 30R 41.655394 -1.008317 12L 41.669061 -1.039833 10950 300.0500000000029
KPBG 35 69.7992 60.96 35 44.636042 -73.4594615 17 44.665833 -73.4767705 10970 337.54700000000594
KSPW 12 407.8224 30.48 12 43.170722 -95.212167 30 43.160989 -95.194022 11090 126.35599999999977
KCYS 27 1875.4344 46.02 27 41.1544179 -104.7876549 9 41.1567638 -104.8211673 11010 275.3249999999971
KFRG 14 24.384 45.72 14 40.7346433 -73.4217448 32 40.7220295 -73.4034873 11190 132.362000000001
KCLE 24R 241.0968 46.02 24R 41.4157678 -81.8483819 6L 41.3998784 -81.8734926 11155 229.85400000000664
KCLE 24L 241.0968 46.02 24L 41.415317 -81.842047 6R 41.3977466 -81.8698344 10990 229.8570000000036
KCLE 28 241.0968 46.02 28 41.416061 -81.832344 10 41.417015 -81.854246 11070 273.33699999999953
LTAP 05R 535.2288 45.11 05R 40.8216743 35.5077639 23L 40.8369335 35.5360376 11050 54.48500000000058
UGSB 12 31.6992 45.72 12 41.6170285 41.5888823 30 41.6022924 41.6115664 11030 130.9979999999996
LATI 17 38.1 45.11 17 41.4270316 19.7189544 35 41.402454 19.7221569 10910 174.30999999999767
KATW 30 279.1968 45.72 30 44.2532948 -88.507424 12 44.2611761 -88.5297578 10970 296.2100000000064
KMUI 25 148.7424 29.87 25 40.4379996 -76.5624517 7 40.4324614 -76.5748043 11175 230.0
KONA 30 199.3392 30.48 30 44.0758093 -91.7022296 12 44.08347 -91.7210962 10935 299.47900000000664
KPNE 24 36.8808 30.0 24 40.0902803 -75.0015217 6 40.0775041 -75.0202652 11110 228.30299999999988
KEAR 36 649.224 30.48 36 40.7170941 -99.0103957 18 40.7363904 -99.0070921 11090 7.374000000000024
KUGN 23 221.58960000000002 45.72 23 42.4267672 -87.8589852 5 42.4158512 -87.8756122 11070 228.3469999999943
KROC 22 170.38320000000002 45.72 22 43.1255694 -77.6719889 4 43.106878 -77.687711 11070 211.55800000000454
KROC 28 170.38320000000002 45.72 28 43.123496 -77.653666 10 43.122779 -77.677624 10950 267.6689999999944
RJCK 17 94.7928 45.0 17 43.0514765 144.1874599 35 43.0304715 144.1984759 10890 159.03100000000268
KUES 10 277.6728 30.48 10 43.0439505 -88.249725 28 43.0406255 -88.228317 10950 102.00800000000163
LEBB 12 41.4528 45.11 12 43.3063216 -2.9248768 30 43.2958426 -2.8962885 11155 116.7410000000018
LEBB 30 41.4528 45.11 30 43.2958426 -2.8962885 12 43.3063216 -2.9248768 11030 296.74099999999453
LRCK 36 107.59440000000001 45.11 36 44.3464576 28.4863099 18 44.3777904 28.4905771 11030 5.570999999996275
LETO 22 617.22 66.14 22 40.5087259 -3.431052 04 40.4841734 -3.461432 10950 223.28200000000652
KAOH 28 297.18 45.72 28 40.7069383 -84.0173784 10 40.7069418 -84.0390336 10930 270.0170000000071
CYZX 26 25.6032 60.05 26 44.990997 -64.9047666 08 44.9815075 -64.9326466 11070 244.32399999999325
KACK 24 14.020800000000001 45.72 24 41.25917 -70.056314 6 41.246941 -70.072527 10910 224.91099999999278
KSHR 33 1225.296 30.48 33 44.7561873 -106.9749233 15 44.7770317 -106.987756 10870 336.39400000000023
LTAE 03 843.3816 44.81 03 40.066233 32.554994 21 40.091603 32.576256 10955 32.77000000000044
KOWA 30 348.99600000000004 30.48 30 44.1191778 -93.2519333 12 44.127617 -93.2693 10955 304.24499999999534
KOTM 31 257.55600000000004 46.0 31 41.0995281 -92.440704 13 41.1109579 -92.4558325 10950 315.0810000000056
LDDU 11 159.4104 45.0 11 42.569561 18.2475353 29 42.5558177 18.282188 11010 118.31900000000314
KMLI 27 178.61280000000002 45.72 27 41.4486335 -90.4905437 9 41.4491934 -90.5270208 11050 271.20500000000175
LTCM 23 9.7536 45.0 23 42.0237812 35.0817286 05 42.0131469 35.0623292 10890 233.5130000000063
KMML 12 359.66400000000004 30.48 12 44.458555 -95.838095 30 44.445849 -95.816885 10970 130.01499999999942
LTBH 04 6.096 45.0 04 40.1273721 26.4152547 22 40.143312 26.4334438 10815 41.04399999999987
LTAS 36 13.1064 45.0 36 41.4954117 32.0872571 18 41.5144966 32.0897116 10975 0.0
KAUG 17 106.9848 30.0 17 44.327665 -69.803679 35 44.315425 -69.795036 10870 153.17700000000332
KTNU 32 290.4744 30.48 32 41.6684376 -93.0153188 14 41.6804271 -93.02817 10970 321.32799999999406
CYTR 06 86.25840000000001 60.96 06 44.110332 -77.543018 24 44.127748 -77.513505 11075 50.57300000000032
CYTR 24 86.25840000000001 60.96 24 44.127748 -77.513505 06 44.110332 -77.543018 10970 230.57300000000396
LIBN 32 47.8536 60.05 32 40.231774 18.139541 14 40.2458981 18.126954 11175 325.79700000000594
UAII 10 421.8432 43.89 10 42.369278 69.456185 28 42.3609482 69.4946282 11170 106.2980000000025
KBFD 32 653.1864 45.72 32 41.7973051 -78.632131 14 41.8093244 -78.6488231 10830 313.98799999999756
KBDL 24 51.5112 60.96 24 41.9506754 -72.6721328 6 41.9320242 -72.6965837 11110 224.2829999999958
KBDL 33 51.5112 45.72 33 41.9292661 -72.6752664 15 41.9424098 -72.6932573 10855 314.49199999999837
KBEH 28 195.9864 32.25 28 42.1277876 -86.4116982 10 42.1279095 -86.433834 10850 270.4630000000034
RJCH 12 33.8328 45.72 12 41.7743466 140.8049173 30 41.7659906 140.8391923 10930 108.11200000000099
KGRB 36 209.3976 45.72 36 44.4699639 -88.1336202 18 44.4938259 -88.1336627 10990 359.924
KPIR 31 531.5712 30.48 31 44.3702535 -100.2771137 13 44.3848609 -100.2938092 11190 320.75100000000384
LFMI 15 24.6888 60.05 15 43.537771 4.913302 33 43.507789 4.934626 11130 152.7300000000032
KFNL 33 1528.8768 29.87 33 40.4403027 -105.0071746 15 40.4622882 -105.0174158 10950 340.5149999999994
KDTW 22L 196.596 60.96 22L 42.2312182 -83.3499986 4R 42.2023259 -83.3712727 11070 208.61999999999534
KDTW 21L 196.596 46.02 21L 42.219689 -83.3340758 3R 42.1956207 -83.351805 11150 208.62799999999697
KDTW 22R 196.596 46.02 22R 42.2262526 -83.3662827 4L 42.2021775 -83.3840086 11195 208.60400000000664
KDTW 27R 196.596 45.65 27R 42.217514 -83.331038 9L 42.2169765 -83.3631703 10850 268.7140000000072
KDTW 27L 196.596 46.02 27L 42.1995451 -83.3303751 9R 42.1990225 -83.3617318 11015 268.71600000000035
KMPV 17 355.09200000000004 30.48 17 44.2066238 -72.5678017 35 44.194548 -72.5587508 10870 151.76600000000326
UGTB 13R 480.9744 45.0 13R 41.6778361 44.9400974 31L 41.6582394 44.9649249 11030 136.66399999999703
UGTB 31L 480.9744 45.0 31L 41.6582394 44.9649249 13R 41.6778361 44.9400974 10890 316.6640000000043
KASW 27 259.08000000000004 30.48 27 41.2727315 -85.8243865 9 41.2724078 -85.8462333 11155 268.81900000000314
URMO 09 509.3208 45.0 09 43.2078444 44.5886611 27 43.2024667 44.6248361 11050 101.54000000000087
URMO 27 509.3208 45.0 27 43.2024667 44.6248361 09 43.2078444 44.5886611 11130 281.5399999999936
KSLK 23 506.8824 45.72 23 44.394994 -74.198892 5 44.380208 -74.213275 10890 214.80499999999302
KTEB 19 1.2192 45.72 19 40.8578758 -74.0589771 1 40.8386821 -74.0603888 11015 183.19000000000233
CYHM 12 237.1344 60.96 12 43.1806094 -79.9530955 30 43.1724471 -79.917162 11090 107.28399999999965
CYHZ 23 145.3896 60.98 23 44.8892145 -63.5039862 05 44.8656142 -63.5272977 10990 214.99199999999837
CYHZ 14 145.3896 60.96 14 44.8937417 -63.5174585 32 44.8815664 -63.4931066 10910 125.19200000000274
KCGF 24 267.3096 29.87 24 41.569672 -81.479269 6 41.560575 -81.493442 11110 229.37799999999697
URMN 24 445.61760000000004 42.0 24 43.517444 43.648714 06 43.508406 43.624508 11150 242.76399999999558
LFBP 31 187.7568 45.0 31 43.3744936 -0.4082142 13 43.3876716 -0.433277 11010 305.903999999995
LYBT 12L 80.772 45.11 12L 44.9475 20.2377785 30R 44.9344854 20.2636648 10890 125.42799999999988
KIDA 21 1445.9712000000002 45.72 21 43.5219981 -112.0643127 3 43.5025327 -112.0852229 11110 217.9250000000029
UAOO 05 131.9784 45.0 05 44.700525 65.575775 23 44.7121806 65.6056667 11110 61.2599999999984
UTAK 16R 85.95360000000001 46.0 16R 40.081502 52.9993391 34L 40.0509581 53.0089112 11170 167.07299999999668
UTAK 34L 85.95360000000001 46.0 34L 40.0509581 53.0089112 16R 40.081502 52.9993391 10910 346.1710000000021
LIRE 31 11.8872 47.0 31 41.6452039 12.4581087 13 41.6623839 12.4307732 10955 310.0709999999963
KBAF 20 82.296 46.02 20 42.169605 -72.712929 2 42.145301 -72.7188218 11190 190.17900000000373
ZYCC 06 215.18880000000001 45.0 06 43.9869215 125.6699917 24 44.0057416 125.7002914 10930 49.23500000000058
ZYCC 24 215.18880000000001 45.0 24 44.0057416 125.7002914 06 43.9869215 125.6699917 11010 229.23500000000058
KLBE 24 365.1504 45.72 24 40.2809862 -79.3997625 6 40.2652451 -79.4208826 11090 225.66800000000512
LIRP 04R 0.6096 45.0 04R 43.6730753 10.3832257 22L 43.6946517 10.4054879 10870 36.73199999999997
UDSG 02 1524.0 45.0 02 40.7372046 43.8516995 20 40.7637597 43.8669443 11030 23.542999999999665
LERJ 29 351.12960000000004 45.0 29 42.4570194 -2.3073306 11 42.4637278 -2.3325139 10835 289.8680000000022
RJSA 24 202.3872 60.96 24 40.7416203 140.7026171 06 40.7249176 140.6746264 11190 231.8110000000015
KFOK 24 20.1168 45.72 24 40.854454 -72.617028 6 40.836242 -72.639011 11170 222.4079999999958
KMSN 18 270.3576 45.72 18 43.1491519 -89.3410273 36 43.1244519 -89.3421679 11010 181.9320000000007
KMSN 36 270.3576 45.72 36 43.1244519 -89.3421679 18 43.1491519 -89.3410273 11010 1.9320000000000164
KMSN 21 270.3576 45.72 21 43.1505887 -89.3286813 3 43.1333054 -89.3417463 11155 211.42399999999907
LFBE 27 50.9016 45.11 27 44.8237815 0.5326684 09 44.8252841 0.5048851 10815 274.35199999999895
LFTH 05 1.2192 45.11 05 43.094463 6.141228 23 43.106427 6.161552 10810 51.20599999999831
URML 14 3.6576000000000004 42.06 14 42.8268925 47.6438393 32 42.806759 47.6609728 10830 148.04299999999785
URML 32 3.6576000000000004 42.06 32 42.806759 47.6609728 14 42.8268925 47.6438393 10990 328.0430000000051
KORH 11 306.9336 46.02 11 42.26733 -71.890796 29 42.266042 -71.86499 11090 93.87000000000262
KORH 29 306.9336 46.02 29 42.266042 -71.86499 11 42.26733 -71.890796 11090 273.86999999999534
KMHE 31 397.4592 30.48 31 43.768084 -98.033395 13 43.780947 -98.051515 10970 314.52099999999336
URMM 11 318.516 60.0 11 44.2361303 43.0623767 29 44.2174419 43.1036787 11170 122.29400000000169
URMM 29 318.516 60.0 29 44.2174419 43.1036787 11 44.2361303 43.0623767 10930 302.2939999999944
LFBD 23 50.5968 45.11 23 44.8386968 -0.7009878 05 44.8191106 -0.7289699 11030 225.38000000000466
LFBD 29 50.5968 45.11 29 44.8254057 -0.6998738 11 44.8315675 -0.7292409 11115 286.4890000000014
KOKK 23 252.984 46.02 23 40.53272 -86.0540713 5 40.521061 -86.0693172 10890 224.82300000000396
KJXN 25 304.8 30.48 25 42.2636111 -84.452875 7 42.2579278 -84.4711 10910 247.1579999999958
LIEO 05 11.277600000000001 45.0 05 40.8924247 9.5056815 23 40.9064456 9.53249 10990 55.31200000000172
LIEO 23 11.277600000000001 45.0 23 40.9064456 9.53249 05 40.8924247 9.5056815 11130 235.31200000000536
LWOH 01 704.6976000000001 45.0 01 41.1690429 20.7377466 19 41.1908105 20.7469268 10890 17.61200000000008
LIRQ 05 43.281600000000005 45.1 05 43.8053497 11.1978121 23 43.8147106 11.2122794 11030 48.11699999999837
LIPY 22 13.411200000000001 45.11 22 43.6258041 13.375278 04 43.6069092 13.3493649 11190 224.80199999999604
LIRF 16R 4.2672 60.05 16R 41.8155167 12.2263639 34L 41.7819944 12.2404028 10975 162.66599999999744
LIRF 34L 4.2672 60.05 34L 41.7819944 12.2404028 16R 41.8155167 12.2263639 10890 342.66599999999744
LIRF 16L 4.2672 60.05 16L 41.8459694 12.2614944 34R 41.8124444 12.275525 10810 162.68499999999767
LIRF 34R 4.2672 60.05 34R 41.8124444 12.275525 16L 41.8459694 12.2614944 11155 342.6849999999977
LIRF 25 4.2672 45.0 25 41.8096286 12.2694778 07 41.7996729 12.233437 11015 249.69700000000012
KLBF 30 846.4296 45.72 30 41.119369 -100.666702 12 41.1322424 -100.690224 11150 306.00900000000547
KPSM 16 30.48 46.02 16 43.0913199 -70.8341003 34 43.0646221 -70.8123874 11010 149.17199999999866
KPSM 34 30.48 46.02 34 43.0646221 -70.8123874 16 43.0913199 -70.8341003 11010 329.17200000000594
KLAN 10R 261.5184 45.72 10R 42.7782148 -84.6011705 28L 42.7779654 -84.5693756 11170 90.62000000000262
KLAN 28L 261.5184 45.72 28L 42.7779654 -84.5693756 10R 42.7782148 -84.6011705 11010 270.61999999999534
KIRK 36 294.132 30.48 36 40.0842643 -92.5443953 18 40.1007332 -92.5442107 11150 0.4869999999937136
KIPT 27 160.3248 45.72 27 41.2426614 -76.911507 9 41.2384362 -76.9356916 11010 256.9149999999936
KPIT 10R 366.6744 60.96 10R 40.4867294 -80.2519131 28L 40.4856429 -80.2105944 10890 91.98799999999756
KPIT 28L 366.6744 60.96 28L 40.4856429 -80.2105944 10R 40.4867294 -80.2519131 10890 271.98799999999756
KPIT 10L 366.6744 46.02 10L 40.5023361 -80.2711915 28R 40.5013534 -80.2334493 11170 91.96899999999732
KPIT 28R 366.6744 46.02 28R 40.5013534 -80.2334493 10L 40.5023361 -80.2711915 11170 271.9689999999973
KPIT 32 366.6744 46.02 32 40.4799167 -80.2047815 14 40.4960153 -80.2248685 11130 316.5139999999956
LEPP 15 458.41920000000005 45.0 15 42.7795444 -1.6532528 33 42.7604537 -1.6393406 10970 151.86000000000058
ZYYJ 09 189.8904 45.0 09 42.8811542 129.4356083 27 42.8845088 129.4670988 10870 81.7390000000014
ZYYJ 27 189.8904 45.0 27 42.8845088 129.4670988 09 42.8811542 129.4356083 10930 261.7390000000014
KDVN 15 229.20960000000002 30.48 15 41.6153868 -90.5934659 33 41.6023384 -90.5832356 10910 149.65299999999843
LFMO 14 59.7408 60.05 14 44.149053 4.859606 32 44.131363 4.87734 10990 144.7679999999964
KSUX 13 334.67040000000003 45.72 13 42.4091846 -96.3977151 31 42.3915115 -96.3744419 11130 135.7980000000025
KSUX 31 334.67040000000003 45.72 31 42.3915115 -96.3744419 13 42.4091846 -96.3977151 10930 315.7979999999952
KFCM 10R 275.5392 30.48 10R 44.829049 -93.470719 28L 44.82643 -93.451794 10970 101.05399999999645
LDZD 13 88.08720000000001 45.0 13 44.1164101 15.335652 31 44.1003215 15.3574475 11010 135.80099999999948
KAGC 10 381.0 45.72 10 40.3542897 -79.9411051 28 40.3543261 -79.9177725 10910 89.91799999999785
KAGC 28 381.0 45.72 28 40.3543261 -79.9177725 10 40.3542897 -79.9411051 10910 271.9640000000072
KMIE 32 285.5976 45.72 32 40.2358331 -85.3897399 14 40.2487078 -85.4058983 10910 316.221000000005
CYKF 26 321.2592 45.72 26 43.4660404 -80.3657561 08 43.4579304 -80.3897426 11070 245.0749999999971
KFZY 33 144.78 30.48 33 43.3459845 -76.3813555 15 43.3564075 -76.3947237 11090 317.0109999999986
KOSH 36 246.2784 45.72 36 43.9638472 -88.5567229 18 43.9857941 -88.5564329 11050 0.5429999999998927
KMDT 13 94.488 60.96 13 40.199375 -76.7786 31 40.187006 -76.746639 11090 116.875
KMDT 31 94.488 60.96 31 40.187006 -76.746639 13 40.199375 -76.7786 11090 296.875
LFCR 31 582.168 45.11 31 44.4020944 2.4926361 13 44.4136582 2.4726611 11075 309.02700000000186
LFMN 04R 3.6576000000000004 45.11 04R 43.6467373 7.2024975 22L 43.6656148 7.2284692 11070 42.30899999999929
LFMN 04L 3.6576000000000004 45.11 04L 43.6518062 7.2040348 22R 43.6685573 7.2270876 10995 44.68000000000029
KSWF 27 149.6568 46.02 27 41.5073936 -74.0883216 9 41.500848 -74.1305965 10995 258.3429999999935
LFMY 16 59.7408 45.11 16 43.6156528 5.1044028 34 43.5987667 5.113025 11090 159.71199999999953
RJSR 11 88.69680000000001 45.11 11 40.193435 140.3598532 29 40.1903052 140.3829713 11015 100.05500000000029
LYBE 12R 101.8032 45.0 12R 44.8249978 20.2899024 30L 44.8083049 20.327545 10950 122.03100000000268
LYBE 12L 101.8032 45.0 12L 44.8265453 20.290939 30R 44.8103171 20.327508 11030 122.02799999999843
LYBE 30R 101.8032 45.0 30R 44.8103171 20.327508 12L 44.8265453 20.290939 10990 302.0280000000057
KBTV 15 101.4984 45.72 15 44.4806823 -73.1658848 33 44.4657555 -73.1417677 11030 130.92599999999948
KBTV 33 101.4984 45.72 33 44.4657555 -73.1417677 15 44.4806823 -73.1658848 11030 310.92600000000675
KRDG 13 104.8512 45.72 13 40.3835873 -75.9781023 31 40.3745371 -75.9586173 11055 121.375
KRDG 36 104.8512 45.72 36 40.3708217 -75.9601415 18 40.3848322 -75.9626631 10950 352.2059999999999
LIPK 12 29.5656 45.0 12 44.2001695 12.0562203 30 44.1897225 12.0848141 10970 117.00299999999697
KGRR 26L 241.0968 46.02 26L 42.8807879 -85.5053118 8R 42.8766399 -85.5421888 10970 261.28800000000047
KGRR 35 241.0968 46.02 35 42.8664814 -85.5144727 17 42.8895373 -85.5192624 11190 351.3420000000042
KRIW 28 1683.4104 46.0 28 43.0602776 -108.4445626 10 43.0695557 -108.4725721 11050 294.3990000000049
UTNU 31 96.9264 50.29 31 41.5723422 60.655249 13 41.5928805 60.631889 10950 319.64599999999336
KBOI 28R 875.0808000000001 45.72 28R 43.5585468 -116.2027519 10L 43.5702018 -116.2368989 11015 295.2350000000006
KBOI 10R 875.0808000000001 45.72 10R 43.5700238 -116.2426049 28L 43.5586468 -116.2092629 11110 115.22899999999936
LBBG 22 41.148 45.11 22 42.5804302 27.528886 04 42.559827 27.5015988 11030 224.2899999999936
LEDA 31 350.52000000000004 61.0 31 41.7202113 0.546329 13 41.7356729 0.5244525 11090 313.4569999999949
LIRA 15 128.01600000000002 45.0 15 41.808074 12.5888143 33 41.7904182 12.6010018 11055 152.79299999999785
LFML 13L 22.555200000000003 45.0 13L 43.4491501 5.1973201 31R 43.42727 5.2284566 11030 134.0610000000015
LFML 31R 22.555200000000003 45.0 31R 43.42727 5.2284566 13L 43.4491501 5.1973201 11115 314.0610000000015
LFML 13R 22.555200000000003 44.2 13R 43.4409219 5.2035468 31L 43.4258642 5.2243506 10830 134.90899999999965
LFBC 24 25.2984 45.11 24 44.539967 -1.112756 06 44.528069 -1.137936 11010 236.4719999999943
LFBT 20 383.1336 45.0 20 43.1912987 5.09e-05 02 43.165986 -0.0127506 10950 200.27099999999336
KHYX 28 183.1848 30.48 28 43.43393 -83.8534444 10 43.433906 -83.8723386 11135 269.93700000000536
KOQU 16 5.486400000000001 45.72 16 41.6077263 -71.4216698 34 41.5908563 -71.4059364 10950 145.11099999999715
KMHT 17 73.4568 45.72 17 42.9417776 -71.4395732 35 42.9184894 -71.425815 10910 156.60399999999936
KMHT 35 73.4568 45.72 35 42.9184894 -71.425815 17 42.9417776 -71.4395732 10910 336.60400000000664
UAAA 05R 679.3992000000001 45.0 05R 43.3412625 77.0175211 23L 43.3634458 77.0623214 11030 55.745999999999185
UAAA 23L 679.3992000000001 45.0 23L 43.3634458 77.0623214 05R 43.3412625 77.0175211 10810 235.74599999999919
UAAA 05L 679.3992000000001 45.0 05L 43.3473616 77.0252551 23R 43.3700914 77.0711273 10910 55.751000000000204
UAAA 23R 679.3992000000001 45.0 23R 43.3700914 77.0711273 05L 43.3473616 77.0252551 11130 235.75100000000384
ZYTX 06 60.3504 45.0 06 41.6304627 123.4690276 24 41.6495576 123.4978725 11050 48.48800000000119
ZYTX 24 60.3504 45.0 24 41.6495576 123.4978725 06 41.6304627 123.4690276 11030 228.48799999999756
KBUF 23 220.67520000000002 45.72 23 42.948644 -78.718806 5 42.9312 -78.741683 11130 223.846000000005
KBUF 32 220.67520000000002 45.72 32 42.935186 -78.720242 14 42.946917 -78.741694 10995 306.7719999999972
KPIA 13 201.168 45.72 13 40.673714 -89.7138777 31 40.6572081 -89.6846091 10990 126.62400000000343
KPIA 31 201.168 45.72 31 40.6572081 -89.6846091 13 40.673714 -89.7138777 10990 306.62399999999616
KRDD 34 153.0096 45.72 34 40.501113 -122.2948859 16 40.520336 -122.294855 10870 0.06900000000314321
UHSM 01 215.79840000000002 36.0 01 43.9519435 145.6838883 19 43.970277 145.686389 11090 5.291000000000167
KUNV 24 377.0376 45.72 24 40.8555832 -77.8379474 6 40.8444449 -77.8572286 11170 232.64500000000407
LIRZ 01 209.3976 45.0 01 43.0885102 12.5106395 19 43.10768 12.51733 11095 14.289000000000215
LIPE 12 37.4904 45.0 12 44.541256 11.272503 30 44.529917 11.304011 10890 116.79899999999907
LIPE 30 37.4904 45.0 30 44.529917 11.304011 12 44.541256 11.272503 10975 296.79899999999907
UTAT 08 82.6008 60.0 08 41.7599336 59.8115469 26 41.7598074 59.8572425 10830 90.21600000000035
UTAT 26 82.6008 60.0 26 41.7598074 59.8572425 08 41.7599336 59.8115469 11130 270.21600000000035
KERI 24 222.19920000000002 45.72 24 42.090072 -80.159152 6 42.07665 -80.184403 11030 234.3929999999964
LFCK 14 240.1824 29.87 14 43.5626333 2.2821028 32 43.5498389 2.2962611 11135 141.27700000000186
KHON 12 392.8872 30.48 12 44.3924086 -98.2414253 30 44.3802286 -98.2197443 11030 128.18099999999686
CYQG 25 189.5856 60.96 25 42.2847656 -82.9406385 07 42.2733266 -82.9702119 11030 242.47699999999895
LFBO 14L 152.0952 45.0 14L 43.6373909 1.3576064 32R 43.6156218 1.3802687 10890 143.0179999999964
LFBO 32R 152.0952 45.0 32R 43.6156218 1.3802687 14L 43.6373909 1.3576064 10835 323.0179999999964
LFBO 14R 152.0952 45.0 14R 43.644116 1.345943 32L 43.6189635 1.3721196 11070 143.01000000000204
LFBO 32L 152.0952 45.0 32L 43.6189635 1.3721196 14R 43.644116 1.345943 10930 323.00999999999476
KMFR 14 406.2984 45.72 14 42.3862348 -122.8791713 32 42.3637288 -122.8673773 11030 158.8399999999965
KCEF 23 73.4568 49.99 23 42.203783 -72.523956 5 42.177464 -72.548006 10990 214.1070000000036
KMKT 33 310.896 30.48 33 44.2168353 -93.9139192 15 44.2332079 -93.9246607 10870 334.64599999999336
KASH 14 60.96 29.87 14 42.7868682 -71.5235204 32 42.7779743 -71.504715 10970 122.79899999999907
KMFD 32 394.716 46.02 32 40.8150388 -82.5061295 14 40.8330892 -82.5283265 11050 317.06299999999464
CYGK 19 92.3544 30.48 19 44.2344847 -76.603319 01 44.2180906 -76.6016837 11130 175.91999999999825
URMG 26 163.9824 45.0 26 43.3888277 45.7152959 08 43.3875448 45.684399 10870 266.74499999999534
KSLC 16L 1288.3896 46.02 16L 40.8074581 -111.9769565 34R 40.7746487 -111.9731431 10950 174.97899999999936
KSLC 34R 1288.3896 46.02 34R 40.7746487 -111.9731431 16L 40.8074581 -111.9769565 10950 354.97900000000664
KSLC 16R 1288.3896 46.02 16R 40.8077866 -111.9992974 34L 40.7749789 -111.9954816 11190 174.96699999999691
KSLC 34L 1288.3896 46.02 34L 40.7749789 -111.9954816 16R 40.8077866 -111.9992974 11190 354.9670000000042
KSLC 17 1288.3896 46.02 17 40.7989268 -111.9620876 35 40.7725867 -111.9620853 11150 179.99500000000262
KSLC 35 1288.3896 46.02 35 40.7725867 -111.9620853 17 40.7989268 -111.9620876 11150 354.98799999999756
KCID 27 264.8712 45.72 27 41.8842774 -91.6975851 9 41.8846549 -91.7291613 11130 270.9290000000037
KFMH 32 39.3192 55.0 32 41.6516021 -70.5106895 14 41.6674431 -70.5382891 11075 307.54099999999744
KFMH 23 39.3192 55.0 23 41.6672176 -70.5116474 5 41.6501426 -70.5300424 10955 218.8350000000064
KSTE 21 338.02320000000003 36.58 21 44.5528081 -89.5251688 3 44.5384311 -89.5366192 11135 209.55999999999767
LYNI 29 196.596 45.11 29 43.3322114 21.8695914 11 43.3412472 21.8412601 10930 289.21600000000035
UTTT 08L 431.59680000000003 60.0 08L 41.2558194 69.2571639 26R 41.2610169 69.304408 11050 81.69599999999991
UTTT 26R 431.59680000000003 60.0 26R 41.2610169 69.304408 08L 41.2558194 69.2571639 10850 261.6959999999963
UTTT 08R 431.59680000000003 45.0 08R 41.2540166 69.2581159 26L 41.2590914 69.3042261 11170 81.68500000000131
ZWWW 07 647.7 45.0 07 43.9025532 87.4527448 25 43.9117118 87.4957108 10970 73.53299999999945
ZWWW 25 647.7 45.0 25 43.9117118 87.4957108 07 43.9025532 87.4527448 11030 253.5329999999958
LIRL 12 27.736800000000002 39.93 12 41.5467561 12.9006379 30 41.5380214 12.917565 11035 124.56300000000192
KLMT 32 1248.1560000000002 45.72 32 42.1429593 -121.7263253 14 42.1691926 -121.7404165 10950 338.30599999999686
KBOS 22L 6.096 46.02 22L 42.3769075 -70.9992907 4R 42.3510634 -71.0117945 11030 199.6750000000029
KBOS 27 6.096 46.02 27 42.3602177 -70.9876991 9 42.3557567 -71.0128901 11130 256.5320000000065
KBOS 15R 6.096 46.02 15R 42.374277 -71.0178912 33L 42.3546507 -70.9915821 11070 133.5440000000017
KBOS 33L 6.096 46.02 33L 42.3546507 -70.9915821 15R 42.374277 -71.0178912 11070 315.278999999995
LIRN 06 89.30640000000001 45.0 06 40.8797861 14.2775389 24 40.892278 14.304028 11015 54.91500000000087
LIRN 24 89.30640000000001 45.0 24 40.892278 14.304028 06 40.8797861 14.2775389 10950 238.05299999999988
KBTL 23R 290.1696 45.72 23R 42.3159445 -85.2409542 5L 42.2957407 -85.2659797 11050 222.50299999999697
KRST 13 400.812 46.02 13 43.9201689 -92.5121462 31 43.9035394 -92.4866928 10910 132.24399999999878
KRST 31 400.812 46.02 31 43.9035394 -92.4866928 13 43.9201689 -92.5121462 10850 312.24400000000605
RJSH 25 46.0248 45.11 25 40.5565296 141.4790576 07 40.5475134 141.4552886 11130 243.48399999999674
LFMT 30R 4.8768 45.0 30R 43.5727785 3.9822247 12L 43.5861261 3.9557007 10855 304.804999999993
KAID 30 279.8064 30.48 30 40.1056759 -85.6054657 12 40.1119455 -85.6229598 11010 295.1319999999978
KSTP 14 214.88400000000001 45.72 14 44.9411444 -93.0678063 32 44.9263801 -93.0538058 11150 146.12900000000081
KSTP 32 214.88400000000001 45.72 32 44.9263801 -93.0538058 14 44.9411444 -93.0678063 11150 326.1290000000008
KMSP 35 255.4224 46.02 35 44.866185 -93.2366637 17 44.8877645 -93.2422715 11095 349.5650000000023
KMSP 12R 255.4224 60.96 12R 44.8877993 -93.2341494 30L 44.8735296 -93.2011908 11030 121.4429999999993
KMSP 30L 255.4224 60.96 30L 44.8735296 -93.2011908 12R 44.8877993 -93.2341494 11030 301.4429999999993
KMSP 12L 255.4224 45.72 12L 44.8929613 -93.2210126 30R 44.8812606 -93.1939671 11070 121.44000000000233
KMSP 30R 255.4224 45.72 30R 44.8812606 -93.1939671 12L 44.8929613 -93.2210126 11070 301.4400000000023
LTFM 17L 99.06 60.0 17L 41.2988302 28.727038 35R 41.261919 28.7277552 11195 179.16399999999703
LTFM 35R 99.06 60.0 35R 41.261919 28.7277552 17L 41.2988302 28.727038 10955 359.1640000000043
LTFM 16R 99.06 60.0 16R 41.2986054 28.706745 34L 41.2648427 28.7074203 11035 179.15000000000146
LTFM 34L 99.06 60.0 34L 41.2648427 28.7074203 16R 41.2986054 28.706745 10855 359.1499999999942
LTFM 18 99.06 45.0 18 41.2897918 28.7561756 36 41.2622421 28.7567149 11095 179.1840000000011
LTFM 36 99.06 45.0 36 41.2622421 28.7567149 18 41.2897918 28.7561756 11135 359.18399999999383
KDBQ 36 327.9648 45.72 36 42.392265 -90.712016 18 42.409624 -90.712039 11090 359.9459999999963
LQTZ 09 238.9632 45.0 09 44.4598899 18.7092945 27 44.4574408 18.7404244 11010 96.31700000000274
KHYA 15 16.764 46.02 15 41.6747899 -70.2919115 33 41.6637737 -70.2794839 10895 139.8859999999986
KHYA 24 16.764 46.02 24 41.6742228 -70.2675801 6 41.6645994 -70.2827745 10915 229.70799999999872
URMS 09 367.8936 46.0 09 43.3249619 44.9933294 27 43.3221925 45.0301183 10890 95.91999999999825
KAFJ 27 360.88320000000004 30.48 27 40.1370923 -80.281271 9 40.1359002 -80.299085 11030 265.02099999999336
LFBZ 27 74.676 45.11 27 43.4685269 -1.5094004 09 43.4682179 -1.5372391 11135 269.1849999999977
KJVL 32 246.2784 45.72 32 42.614284 -89.03549 14 42.628087 -89.05515 11135 313.6649999999936
LFBM 27 61.8744 50.0 27 43.9123079 -0.4869169 09 43.9107165 -0.5318215 11050 267.2170000000042
LQMO 33 46.6344 49.0 33 43.2729184 17.8514622 15 43.2929194 17.8402723 10810 359.00599999999395
ZBAA 01 35.052 60.0 01 40.0588773 116.617589 19 40.0928213 116.6122793 10850 353.1319999999978
ZBAA 19 35.052 60.0 19 40.0928213 116.6122793 01 40.0588773 116.617589 10890 173.1319999999978
ZBAA 18L 35.052 60.0 18L 40.0893903 116.5948087 36R 40.0554592 116.6001206 10930 173.13999999999942
ZBAA 36R 35.052 60.0 36R 40.0554592 116.6001206 18L 40.0893903 116.5948087 11155 353.1399999999994
ZBAA 18R 35.052 45.0 18R 40.1020533 116.5696624 36L 40.0734438 116.5741615 11030 173.11099999999715
ZBAA 36L 35.052 45.0 36L 40.0734438 116.5741615 18R 40.1020533 116.5696624 11170 353.1110000000044
LEGT 05 618.1344 60.05 05 40.2861988 -3.7340709 23 40.3019316 -3.7133792 11090 45.090000000000146
UTNN 33 74.9808 44.81 33 42.4769858 59.6306321 15 42.5014214 59.6149277 11030 334.6290000000008
KRKS 27 2061.972 46.0 27 41.591393 -109.0466325 9 41.597683 -109.0823077 10930 283.27099999999336
KGRI 35 562.9656 45.72 35 40.957958 -98.314905 17 40.977167 -98.314778 11190 0.3000000000029104
LPPR 17 69.1896 45.11 17 41.2633171 -8.6852564 35 41.2325559 -8.6771924 10990 168.8510000000024
KRKD 13 16.764 30.48 13 44.0619134 -69.10981 31 44.0566076 -69.0905696 11170 110.98700000000099
KEKM 27 236.8296 36.58 27 41.7209381 -85.9955918 9 41.7209045 -86.0193997 11150 269.8999999999942
LIPC 11 5.486400000000001 45.0 11 44.2303638 12.2901111 29 44.2182383 12.324384 11035 116.2980000000025
RJSM 10 36.2712 45.72 10 40.7044355 141.3503888 28 40.7019928 141.3863177 10970 95.1359999999986
RJSM 28 36.2712 45.72 28 40.7019928 141.3863177 10 40.7044355 141.3503888 10970 275.1359999999986
KYNG 14 363.32160000000005 45.72 14 41.2728949 -80.6923663 32 41.2553946 -80.669133 11010 135.0769999999975
KYNG 32 363.32160000000005 45.72 32 41.2553946 -80.669133 14 41.2728949 -80.6923663 11010 315.0770000000048
KLVN 30 291.9984 22.86 30 44.6252919 -93.2211561 12 44.6304928 -93.2351645 10890 297.5139999999956
KFNT 27 238.3536 45.72 27 42.9695769 -83.7329334 9 42.9689751 -83.759825 10990 268.25500000000466
KAIA 30 1198.1688000000001 45.72 30 42.0423554 -102.7943662 12 42.0600043 -102.818612 10835 314.42200000000594
KSYR 10 127.1016 45.72 10 43.1082 -76.126153 28 43.1093128 -76.092475 10990 87.42700000000332
KSYR 28 127.1016 45.72 28 43.1093128 -76.092475 10 43.1082 -76.126153 10990 267.42699999999604
KDNV 21 211.836 30.48 21 40.2081694 -87.5891361 3 40.193781 -87.599625 10850 209.19800000000396
KFWA 32 247.8024 45.72 32 40.978058 -85.183083 14 40.993519 -85.203661 10990 314.86500000000524
KORD 10C 202.9968 60.96 10C 41.9656933 -87.9315484 28C 41.9657607 -87.8918053 10895 89.70599999999831
KORD 28C 202.9968 60.96 28C 41.9657607 -87.8918053 10C 41.9656933 -87.9315484 10895 270.04899999999907
KORD 10L 202.9968 45.72 10L 41.9689863 -87.9315632 28R 41.9690623 -87.8837878 11110 89.70700000000215
KORD 28R 202.9968 45.72 28R 41.9690623 -87.8837878 10L 41.9689863 -87.9315632 11110 270.0540000000037
KORD 22L 202.9968 45.72 22L 41.9699153 -87.8798039 4R 41.9533624 -87.8994235 11010 221.51900000000023
KORD 27C 202.9968 60.96 27C 41.9883095 -87.8902418 9C 41.9883034 -87.9315687 11190 270.1600000000035
KORD 27L 202.9968 45.72 27L 41.9838935 -87.8902081 9R 41.983889 -87.9315728 11050 270.1600000000035
KORD 22R 202.9968 45.72 22R 41.9975293 -87.8964318 4L 41.9816493 -87.9139768 11130 219.5500000000029
KORD 27R 202.9968 45.72 27R 42.002824 -87.8991423 9L 42.0028254 -87.9267357 11175 270.1849999999977
KORD 10R 202.9968 45.72 10R 41.9571637 -87.9278295 28L 41.9572066 -87.900276 11075 89.70900000000256
KORD 28L 202.9968 45.72 28L 41.9572066 -87.900276 10R 41.9571637 -87.9278295 11075 270.0439999999944
LTFH 13 5.486400000000001 43.9 13 41.2637443 36.5541386 31 41.2451727 36.5800665 11010 133.62900000000081
KMKE 19R 221.89440000000002 60.96 19R 42.9576999 -87.8929986 1L 42.9305072 -87.8976518 11030 187.13000000000466
KSBN 27L 242.6208 46.02 27L 41.7048115 -86.298619 9R 41.7043257 -86.329423 10930 268.80599999999686
KSLE 31 64.61760000000001 45.72 31 44.903056 -122.9961008 13 44.916872 -123.007254 11030 330.1820000000007
LFMP 33 43.891200000000005 45.11 33 42.7349944 2.8777472 15 42.7541226 2.8617108 11175 328.38300000000163
KDUJ 25 553.5168 29.87 25 41.181762 -78.889839 7 41.174769 -78.907554 10990 242.33699999999953
BKPR 17 545.2872 45.11 17 42.5853714 21.0346074 35 42.5580882 21.0374021 11010 175.71100000000297
BKPR 35 545.2872 45.11 35 42.5580882 21.0374021 17 42.5853714 21.0346074 10850 355.7109999999957
KIKV 36 277.368 30.48 36 41.682558 -93.565827 18 41.697652 -93.565823 11110 0.01600000000325963
LEST 17 368.1984 45.0 17 42.9118005 -8.4203318 35 42.883811 -8.4109423 11030 166.20300000000134
LEST 35 368.1984 45.0 35 42.883811 -8.4109423 17 42.9118005 -8.4203318 11150 346.20299999999406
KISP 24 30.1752 45.72 24 40.8022411 -73.094558 6 40.7886441 -73.11245 10830 224.88899999999558
KGSH 27 252.0696 30.48 27 41.5254222 -85.7834857 9 41.5252154 -85.8055857 10830 269.29499999999825
KLAF 10 184.0992 45.72 10 40.413971 -86.9509263 28 40.4110859 -86.9275305 11030 99.13799999999901
RJEC 34 210.0072 59.74 34 43.6605794 142.4543177 16 43.6808344 142.4408187 11050 334.252999999997
KLNK 18 371.5512 60.96 18 40.862991 -96.7616756 36 40.827584 -96.7619043 11110 180.28199999999924
KLNK 36 371.5512 60.96 36 40.827584 -96.7619043 18 40.862991 -96.7616756 10990 0.28200000000651926
LESA 21 790.956 45.0 21 40.962038 -5.4950541 03 40.9420214 -5.5090309 11010 207.82200000000012
LIEA 20 25.2984 45.0 20 40.6444448 8.2981816 02 40.6198341 8.2833891 11015 204.51499999999942
KMSV 15 426.72 45.72 15 41.7085488 -74.801984 33 41.6947607 -74.7880784 10910 143.04499999999825
KVPZ 27 234.696 45.72 27 41.4524033 -86.9943618 9 41.4524329 -87.0199249 10970 270.13300000000163
KOSC 25 192.6336 60.96 25 44.4600887 -83.3749184 7 44.4429857 -83.4133751 10850 238.08299999999872
KMKG 24 190.5 46.02 24 43.1715034 -86.2306008 6 43.1616312 -86.2508849 10950 236.29499999999825
KMKG 32 190.5 46.02 32 43.1626895 -86.2220458 14 43.175008 -86.237526 10990 317.5
KCEC 12 18.5928 45.72 12 41.7849823 -124.2415687 30 41.7755852 -124.2281961 10870 133.3090000000011
LTFJ 06L 95.0976 45.11 06L 40.8926478 29.2932025 24R 40.90445 29.3252536 10990 64.03499999999985
LTFJ 24R 95.0976 45.11 24R 40.90445 29.3252536 06L 40.8926478 29.2932025 11090 244.0350000000035
LTFJ 06R 95.0976 50.0 06R 40.884847 29.302592 24L 40.898761 29.340383 11015 63.876000000000204
LTFJ 24L 95.0976 50.0 24L 40.898761 29.340383 06R 40.884847 29.302592 10935 244.19400000000314
KSBM 22 229.20960000000002 30.48 22 43.7784312 -87.8439086 4 43.7631342 -87.8587801 11070 215.0639999999985
KJAC 19 1966.2648000000002 45.72 19 43.6154703 -110.733802 1 43.5991833 -110.741743 10910 199.4499999999971
LERS 25 70.104 45.0 25 41.1520453 1.1831655 07 41.1441091 1.1558601 11010 248.88099999999395
LBWN 09 69.7992 45.0 09 43.2333265 27.8098476 27 43.2305678 27.8406846 10990 96.97099999999773
KPIH 21 1356.9696000000001 45.72 21 42.919289 -112.576883 3 42.901708 -112.600778 11030 224.87799999999697
ZYMD 22 268.5288 45.0 22 44.535246 129.5761536 04 44.5141873 129.5618119 10890 205.9320000000007
LEGE 19 142.9512 45.22 19 41.9157115 2.7661258 01 41.8949045 2.7582592 10990 195.77999999999884
KRDM 23 937.8696 45.72 23 44.2591032 -121.1384471 5 44.2495634 -121.1617736 10910 240.278999999995
RJEB 32 24.384 45.0 32 44.2979 143.41335 14 44.309925 143.3947028 11155 312.028999999995
KBMI 20 265.4808 45.72 20 40.4849416 -88.9071995 2 40.4640629 -88.916033 11155 197.846000000005
KBMI 29 265.4808 45.72 29 40.4775723 -88.9100564 11 40.4830715 -88.9323596 11095 287.9579999999987
KBHB 22 25.2984 30.48 22 44.4568451 -68.358988 4 44.4438547 -68.3673002 10830 204.53399999999965
KRME 33 153.3144 60.96 33 43.222519 -75.391094 15 43.245078 -75.422972 11010 314.17699999999604
KLGU 17 1358.4936 30.48 17 41.8058543 -111.8476623 35 41.7811263 -111.8492311 10915 182.70999999999913
KBGM 16 498.348 45.72 16 42.2190331 -75.9866528 34 42.2019578 -75.9724868 11030 145.95300000000134
KBGM 34 498.348 45.72 34 42.2019578 -75.9724868 16 42.2190331 -75.9866528 11030 328.4149999999936
UTDL 08 441.96000000000004 49.99 08 40.2129958 69.67668 26 40.2169887 69.7150313 11150 82.23700000000099
UTDL 26 441.96000000000004 49.99 26 40.2169887 69.7150313 08 40.2129958 69.67668 10990 262.2369999999937
KRUT 19 239.8776 30.48 19 43.538617 -72.9500045 1 43.5240849 -72.9494784 11170 178.528999999995
KBRL 36 212.7504 45.72 36 40.770387 -91.12375 18 40.788779 -91.123943 10890 359.54700000000594
KYKN 31 398.0688 30.48 31 42.9115465 -97.3796637 13 42.9243102 -97.3943664 10950 319.85400000000664
LDSP 05 23.7744 45.0 05 43.5319956 16.2854942 23 43.5459677 16.310607 11050 52.49199999999837
KTYQ 36 280.416 30.48 36 40.0231206 -86.251339 18 40.0382239 -86.2515227 11130 359.47399999999993
KMTC 19 176.47920000000002 45.72 19 42.6262562 -82.8364806 1 42.5987748 -82.8374406 11010 181.46600000000035
KATY 35 532.7904 30.48 35 44.9016949 -97.1511956 17 44.9206021 -97.151079 11190 0.2440000000060536
LTBR 25R 232.25760000000002 45.0 25R 40.2594251 29.5792682 07L 40.252194 29.545398 10850 254.52999999999884
KDET 15 190.5 30.48 15 42.4179598 -83.0162369 33 42.4067771 -83.0049928 11130 143.42899999999645
KDET 33 190.5 30.48 33 42.4067771 -83.0049928 15 42.4179598 -83.0162369 11130 323.4290000000037
KHPN 16 133.1976 46.02 16 41.07555 -73.713308 34 41.060003 -73.7014 10970 150.01900000000023
KHPN 34 133.1976 46.02 34 41.060003 -73.7014 16 41.07555 -73.713308 10970 330.01900000000023
KAVP 22 292.3032 45.72 22 41.3460429 -75.7167833 4 41.3287153 -75.7315474 10990 210.8579999999929
KOXC 36 221.28480000000002 30.48 36 41.4704629 -73.1335012 18 41.486177 -73.1368922 10955 350.8029999999999
KMCK 12 787.2984 30.48 12 40.212493 -100.5992711 30 40.200773 -100.5819744 11095 131.58200000000215
LFKB 34 6.096 45.0 34 42.5418341 9.4882697 16 42.563492 9.4792116 11135 342.8329999999987
KCWA 35 388.62 45.72 35 44.7635046 -89.6712291 17 44.7810689 -89.6755561 11090 350.07799999999406
LIMZ 21 386.1816 45.0 21 44.5569244 7.6316581 03 44.5380118 7.6147463 11095 212.51399999999558
KYIP 23 217.93200000000002 46.02 23 42.2448342 -83.5195968 5 42.2306423 -83.539869 10950 226.6140000000014
KIAG 28R 178.61280000000002 45.72 28R 43.1095026 -78.9320416 10L 43.109555 -78.9688526 11010 270.11999999999534
KRAP 32 976.5792 45.72 32 44.0327958 -103.0494007 14 44.0538357 -103.0650173 10930 331.91999999999825
KBED 11 39.624 46.02 11 42.471825 -71.300353 29 42.469436 -71.274606 11115 97.16900000000169
KBED 29 39.624 46.02 29 42.469436 -71.274606 11 42.471825 -71.300353 11115 277.1689999999944
KGYY 30 178.91760000000002 45.72 30 41.610556 -87.400514 12 41.624205 -87.427322 10875 304.2749999999942
KELM 24 290.7792 46.02 24 42.167609 -76.8806145 6 42.1536149 -76.9033493 10910 230.30100000000675
KBKX 12 502.0056 30.48 12 44.3080805 -96.8275053 30 44.300223 -96.8073678 11135 118.60899999999674
LROP 08L 95.0976 45.0 08L 44.5766154 26.084017 26R 44.579933 26.1278339 11090 83.95400000000154
LROP 26R 95.0976 45.0 26R 44.579933 26.1278339 08L 44.5766154 26.084017 11070 263.9539999999979
LROP 08R 95.0976 45.0 08R 44.5646611 26.0766625 26L 44.567979 26.1205338 11030 83.94700000000012
LROP 26L 95.0976 45.0 26L 44.567979 26.1205338 08R 44.5646611 26.0766625 10910 263.9470000000001
KLGA 13 6.096 46.02 13 40.782285 -73.8785187 31 40.772064 -73.8571267 10850 122.24399999999878
KLGA 22 6.096 46.02 22 40.7854294 -73.8706747 4 40.7691654 -73.8841197 11050 212.04200000000128
KEWR 22R 5.1816 45.72 22R 40.7025706 -74.1622113 4L 40.6753941 -74.1794911 11075 205.7369999999937
KEWR 22L 5.1816 45.72 22L 40.7022985 -74.158571 4R 40.6775925 -74.174279 10870 205.74199999999837
KEWR 11 5.1816 45.72 11 40.7028153 -74.1807359 29 40.7012029 -74.1564931 10915 93.84199999999691
KDPA 10 230.73360000000002 22.86 10 41.9134802 -88.2585197 28 41.9121088 -88.2411085 10950 96.04699999999866
KDSM 13 291.6936 45.72 13 41.545606 -93.674453 31 41.5289155 -93.650074 11190 132.46300000000338
KDSM 31 291.6936 45.72 31 41.5289155 -93.650074 13 41.545606 -93.674453 11030 312.4630000000034
KMTW 17 197.8152 30.48 17 44.1342 -87.683767 35 44.120689 -87.680453 11130 170.01400000000285
UBBB 16 1.8288000000000002 60.0 16 40.490978 50.030414 34 40.455917 50.041431 10950 166.56199999999808
UBBB 34 1.8288000000000002 60.0 34 40.455917 50.041431 16 40.490978 50.030414 11170 346.56200000000536
UBBB 17 1.8288000000000002 45.0 17 40.485317 50.062808 35 40.456503 50.063242 11050 179.34199999999691
UBBB 35 1.8288000000000002 45.0 35 40.456503 50.063242 17 40.485317 50.062808 10930 359.3420000000042
LTBQ 27 55.473600000000005 29.87 27 40.733553 30.100839 09 40.736511 30.065686 10835 276.320000000007
KMMU 23 56.997600000000006 46.0 23 40.8064135 -74.4064638 5 40.7931048 -74.4192419 11030 216.00199999999313
LTCB 28 3.3528000000000002 45.0 28 40.964064 38.103697 10 40.969603 38.068819 10835 281.8880000000063
LTBG 36 50.5968 50.0 36 40.3046472 27.9773083 18 40.3320215 27.9780519 10830 1.2529999999969732
KMBL 28 189.2808 30.48 28 44.2724432 -86.2338376 10 44.2728196 -86.2548302 10835 271.4470000000001
URKG 01 39.624 45.0 01 44.568486 38.0082593 19 44.5955704 38.0177538 11010 14.068000000000211
KOMA 14R 299.9232 45.72 14R 41.3138409 -95.9060871 32L 41.2926411 -95.8859578 11030 144.50099999999657
KOMA 32L 299.9232 45.72 32L 41.2926411 -95.8859578 14R 41.3138409 -95.9060871 11190 324.50100000000384
KOMA 14L 299.9232 45.72 14L 41.3135308 -95.9004174 32R 41.2945642 -95.8824083 11175 144.50299999999697
KOMA 32R 299.9232 45.72 32R 41.2945642 -95.8824083 14L 41.3135308 -95.9004174 11115 324.502999999997
KOMA 18 299.9232 45.72 18 41.313351 -95.8945099 36 41.290975 -95.8946191 11090 180.21199999999953
KOMA 36 299.9232 45.72 36 41.290975 -95.8946191 18 41.313351 -95.8945099 11070 0.21199999999953434
KJST 33 696.1632000000001 45.72 33 40.3080832 -78.8274583 15 40.3236898 -78.8422082 11010 324.252999999997
KVOK 27 277.9776 45.72 27 43.93945 -90.236083 9 43.939025 -90.270242 10850 269.0219999999972
KSQI 25 196.596 50.0 25 41.7452402 -89.662326 7 41.7391813 -89.6847156 11150 250.08900000000722
CYYZ 05 164.8968 60.96 05 43.6741405 -79.6640579 23 43.6951488 -79.633594 10970 46.41200000000026
CYYZ 23 164.8968 60.96 23 43.6951488 -79.633594 05 43.6741405 -79.6640579 11150 226.41199999999662
CYYZ 15L 164.8968 60.96 15L 43.692818 -79.6433064 33R 43.6708054 -79.6145525 11050 136.6469999999972
CYYZ 33R 164.8968 60.96 33R 43.6708054 -79.6145525 15L 43.692818 -79.6433064 11030 316.6469999999972
CYYZ 15R 164.8968 60.96 15R 43.6860582 -79.6527035 33L 43.6679725 -79.629081 11095 136.63500000000204
CYYZ 33L 164.8968 60.96 33L 43.6679725 -79.629081 15R 43.6860582 -79.6527035 11095 316.63499999999476
CYYZ 06R 164.8968 60.96 06R 43.658306 -79.6219403 24L 43.6753011 -79.5972309 11195 46.4419999999991
CYYZ 24L 164.8968 60.96 24L 43.6753011 -79.5972309 06R 43.658306 -79.6219403 11195 226.44199999999546
CYYZ 06L 164.8968 60.96 06L 43.6610613 -79.6234339 24R 43.6793572 -79.5968261 10910 46.443999999999505
CYYZ 24R 164.8968 60.96 24R 43.6793572 -79.5968261 06L 43.6610613 -79.6234339 10930 226.44400000000314
KLSE 18 198.12 46.0 18 43.8932595 -91.2589164 36 43.8692815 -91.2585873 11110 179.45100000000093
KGCC 34 1330.452 46.0 34 44.336767 -105.5387552 16 44.3570432 -105.5439181 11010 349.70299999999406
KEVW 23 2177.1864 30.48 23 41.2787561 -111.0224171 5 41.2708461 -111.0468419 10890 246.69000000000233
LIBV 32L 361.79760000000005 45.11 32L 40.7540122 16.944587 14R 40.7749707 16.922167 10995 320.9679999999935
LEBL 02 4.2672 45.11 02 41.2877316 2.0848197 20 41.3092875 2.0946638 10875 18.92199999999957
LEBL 06R 4.2672 60.05 06R 41.2823122 2.07435 24L 41.2922205 2.103281 11075 65.50600000000122
LEBL 24L 4.2672 60.05 24L 41.2922205 2.103281 06R 41.2823122 2.07435 11150 245.50599999999395
LEBL 06L 4.2672 60.05 06L 41.2932451 2.0672749 24R 41.305726 2.103729 11030 65.5109999999986
LEBL 24R 4.2672 60.05 24R 41.305726 2.103729 06L 41.2932451 2.0672749 10950 245.5109999999986
LECH 06 359.96880000000004 44.26 06 40.2075206 0.0602229 24 40.2207097 0.0869273 11195 57.22999999999956
KBKL 24R 177.69840000000002 45.72 24R 41.5237556 -81.6716256 6L 41.5141328 -81.6920732 10975 237.82399999999325
KPWK 16 196.596 46.0 16 42.1233283 -87.9071312 34 42.1105527 -87.9004065 10975 158.6800000000003
KGVQ 28 278.2824 30.0 28 43.0316572 -78.1593616 10 43.0318765 -78.1799932 10890 270.8429999999935
KGWB 27 267.9192 30.48 27 41.3072332 -85.0552534 9 41.3070653 -85.0734343 10875 269.31900000000314
RJCC 01L 24.9936 60.96 01L 42.7616004 141.6928123 19R 42.7884398 141.6881021 11090 352.63200000000006
RJCC 19R 24.9936 60.96 19R 42.7884398 141.6881021 01L 42.7616004 141.6928123 11150 172.6319999999978
RJCC 01R 24.9936 60.96 01R 42.7620103 141.6964383 19L 42.7887913 141.6917243 11075 352.63599999999997
RJCC 19L 24.9936 60.96 19L 42.7887913 141.6917243 01R 42.7620103 141.6964383 10935 172.6359999999986
LRCV 26 190.5 45.0 26 44.3183595 23.9041886 08 44.3179381 23.8728634 10870 268.9389999999985
LEAS 29 126.7968 45.11 29 43.5604911 -6.0216369 11 43.5666347 -6.0476039 11010 288.1030000000028
LIBR 31 13.1064 45.0 31 40.655547 17.950342 13 40.675639 17.925789 10955 317.179999999993
LIMJ 28 3.9624 45.0 28 44.4084927 8.8595486 10 44.4154396 8.8241489 10930 287.17699999999604
KFKL 21 469.392 46.02 21 41.382917 -79.8580302 3 41.3692876 -79.8636531 11050 197.20299999999406
KFEP 24 261.2136 30.48 24 42.2488009 -89.573583 6 42.2399279 -89.5901234 10830 234.1180000000022
KACV 32 67.6656 45.72 32 40.9705163 -124.1031166 14 40.9852673 -124.1131436 10950 332.8350000000064
KABE 24 120.0912 45.72 24 40.6600455 -75.4292464 6 40.6469735 -75.4506465 10855 231.16599999999744
KABE 13 120.0912 45.72 13 40.655192 -75.449756 31 40.646528 -75.432236 11190 123.1030000000028
KOTG 29 479.7552 30.48 29 43.651317 -95.566513 11 43.657636 -95.585408 11170 294.81299999999464
KCAK 19 374.2944 46.02 19 40.9280026 -81.4401671 1 40.9071724 -81.4413527 10950 182.46799999999348
KCAK 23 374.2944 46.02 23 40.9203189 -81.4353411 5 40.9050656 -81.4572486 10830 227.3640000000014
LTCG 11 31.6992 45.11 11 40.9995737 39.7751264 29 40.9905789 39.8041577 10910 112.23999999999796
UBBG 12 330.0984 43.89 12 40.7480792 46.3047851 30 40.7297682 46.3354961 11130 128.11099999999715
UBBG 30 330.0984 43.89 30 40.7297682 46.3354961 12 40.7480792 46.3047851 11090 308.1110000000044
LTBU 04 163.6776 45.11 04 41.1294782 27.90555 22 41.1471597 27.932562 11050 49.01100000000042
KCBF 36 379.476 30.48 36 41.2535251 -95.7579503 18 41.268614 -95.7574176 11135 1.521999999997206
LTCF 06R 1794.9672 45.11 06R 40.5556653 43.0965683 24L 40.5691988 43.1338824 10830 64.47200000000157
KTOL 25 208.4832 45.72 25 41.5926723 -83.7949907 7 41.5813866 -83.830701 10870 247.10400000000664
KCMI 32R 229.81920000000002 45.72 32R 40.0314756 -88.2655305 14L 40.0473676 -88.2857558 10910 315.72699999999895
KAUM 35 375.2088 30.48 35 43.654757 -92.931429 17 43.670517 -92.93443 11055 352.153999999995
LFKS 18 8.5344 45.11 18 41.9362212 9.4050787 36 41.912598 9.4056208 10910 178.9539999999979
LDPL 27 83.2104 45.11 27 44.8939267 13.9408527 09 44.8931399 13.9035799 11150 268.2719999999972
KTVY 17 1316.1264 30.48 17 40.6209186 -112.3509528 35 40.6041538 -112.3506105 11115 179.11699999999837
KALO 12 266.0904 45.72 12 42.5660439 -92.4119754 30 42.5519119 -92.3873239 11170 127.90299999999843
URSS 06 26.5176 45.0 06 43.4394467 39.9257332 24 43.4505424 39.9581809 11110 64.78600000000006
URSS 02 26.5176 48.0 02 43.4343246 39.9445701 20 43.4540635 39.9594114 11050 28.627000000000407
UADD 13 667.2072000000001 45.0 13 42.8659444 71.2875389 31 42.8429128 71.3167412 10970 137.10399999999936
UADD 31 667.2072000000001 45.0 31 42.8429128 71.3167412 13 42.8659444 71.2875389 11130 317.10400000000664
LIBD 07 56.997600000000006 45.0 07 41.1328635 16.7406266 25 41.1423333 16.7740833 11135 69.41400000000067
LPOV 36 17.0688 45.0 36 40.904931 -8.644939 18 40.926911 -8.646902 10930 356.1450000000041
LBSF 09 531.876 45.0 09 42.6977283 23.39593 27 42.6951149 23.439734 11070 94.68600000000151
LBSF 27 531.876 45.0 27 42.6951149 23.439734 09 42.6977283 23.39593 10950 274.6860000000015
ZBHH 08 1083.8688 45.0 08 40.8448634 111.8040501 26 40.8544876 111.8449151 10890 72.72999999999956
ZBHH 26 1083.8688 45.0 26 40.8544876 111.8449151 08 40.8448634 111.8040501 10950 252.72999999999593
LRBS 07 90.83040000000001 43.8 07 44.4994605 26.0840485 25 44.5072007 26.1215257 10950 73.86699999999837
LRBS 25 90.83040000000001 43.8 25 44.5072007 26.1215257 07 44.4994605 26.0840485 11050 253.86699999999837
RJCB 35 149.352 44.5 35 42.723075 143.222822 17 42.744128 143.212031 11170 339.372000000003
KBIV 26 212.7504 30.48 26 42.7442538 -86.0968372 8 42.741313 -86.1188196 11055 259.69100000000617
LEMD 32L 608.9904 60.05 32L 40.4564315 -3.5471153 14R 40.4848552 -3.5759904 10990 322.320000000007
LEMD 18R 608.9904 60.05 18R 40.5301685 -3.5748444 36L 40.4925598 -3.5746281 11070 179.7479999999996
LEMD 32R 608.9904 60.05 32R 40.4700033 -3.5325741 14L 40.4949313 -3.5578876 10910 322.3329999999987
LEMD 18L 608.9904 60.0 18L 40.5325838 -3.55938 36R 40.5011305 -3.5592007 11150 179.762999999999
LWSK 34 237.1344 45.0 34 41.9465906 21.626681 16 41.9723062 21.6177176 10870 345.4850000000006
LGTS 16 6.096 60.05 16 40.5303728 22.9675463 34 40.5091682 22.9742862 11030 166.4190000000017
LGTS 10 6.096 49.99 10 40.5241685 22.947524 28 40.5166997 22.9869223 10950 104.0
UCFL 07 1652.3208000000002 45.11 07 42.58107 76.6795425 25 42.59036 76.7240825 10990 74.1929999999993
UCFL 25 1652.3208000000002 45.11 25 42.59036 76.7240825 07 42.58107 76.6795425 10870 254.1929999999993
LECO 21 99.6696 45.0 21 43.3085975 -8.371897 03 43.2916971 -8.3857524 10990 210.85499999999593
KGXY 35 1431.036 30.48 35 40.4288513 -104.6308731 17 40.4562729 -104.6322481 11030 357.8179999999993
UTFA 04 461.77200000000005 40.0 04 40.717572 72.2798529 22 40.7363402 72.305134 11050 45.60599999999977
UGKO 07 67.9704 43.89 07 42.1749508 42.4677862 25 42.1786885 42.4976026 11010 80.43799999999828
UGKO 25 67.9704 43.89 25 42.1786885 42.4976026 07 42.1749508 42.4677862 10870 260.43799999999464
LFKF 23 25.908 45.11 23 41.5098029 9.1079535 05 41.4947148 9.0860121 11050 229.5859999999957
KMVY 24 20.4216 30.48 24 41.398122 -70.606276 6 41.386655 -70.619334 10870 220.5130000000063
KFRM 31 354.17760000000004 30.48 31 43.638812 -94.410192 13 43.649319 -94.425118 11110 314.22000000000116
LTAL 18 1073.5056 45.0 18 41.3246105 33.797637 36 41.3044935 33.7945712 10850 186.4979999999996
LTBA 05 49.6824 60.0 05 40.9656202 28.8099149 23 40.9777683 28.8361477 11030 58.4890000000014
LTBA 23 49.6824 60.0 23 40.9777683 28.8361477 05 40.9656202 28.8099149 11190 238.4890000000014
KMUT 24 166.116 30.48 24 41.3701867 -91.137347 6 41.3622889 -91.1544583 10915 238.4100000000035
KHDN 10 2012.2896 46.02 10 40.4867174 -107.2341122 28 40.4756632 -107.201234 10990 113.82499999999709
LIBG 35 64.61760000000001 45.11 35 40.4967918 17.4087534 17 40.5250463 17.4013104 10835 348.6849999999977
LIBP 22 14.020800000000001 45.0 22 42.439883 14.191886 04 42.4225995 14.174 11070 217.38099999999395
LEVX 19 260.2992 45.0 19 42.2424481 -8.6238978 01 42.2214547 -8.629606 11090 191.38700000000244
KPWM 11 23.4696 45.72 11 43.6458714 -70.3261123 29 43.644039 -70.299022 10990 95.33699999999953
KPWM 29 23.4696 45.72 29 43.644039 -70.299022 11 43.6458714 -70.3261123 10990 275.33699999999953
KBJC 30R 1726.9968000000001 30.48 30R 39.9013826 -105.1019307 12L 39.9152987 -105.1284261 11170 304.4109999999928
LEMH 01 90.22080000000001 45.11 01 39.8512568 4.2163193 19 39.8739148 4.2209806 11030 8.967999999999847
LEMH 19 90.22080000000001 45.11 19 39.8739148 4.2209806 01 39.8512568 4.2163193 11150 188.96799999999348
RJNK 06 6.4008 45.72 06 36.3869283 136.3951583 24 36.4008513 136.4198603 11010 55.0
KWDG 35 355.39680000000004 30.48 35 36.3631625 -97.7910867 17 36.3868211 -97.7910759 10830 0.017000000007101335
KTUL 18L 206.0448 45.72 18L 36.213936 -95.881318 36R 36.1865104 -95.8831442 10970 183.0679999999993
KTUL 36R 206.0448 45.72 36R 36.1865104 -95.8831442 18L 36.213936 -95.881318 11030 3.068
KTUL 18R 206.0448 46.02 18R 36.2072238 -95.8990909 36L 36.1904862 -95.9002032 11110 183.0699999999997
KMTJ 17 1754.4288000000001 45.72 17 38.5298379 -107.8927486 35 38.5023859 -107.8926473 11130 179.82299999999668
KACY 13 22.86 46.02 13 39.464261 -74.591014 31 39.451372 -74.559747 10910 118.10599999999977
KACY 31 22.86 46.02 31 39.451372 -74.559747 13 39.464261 -74.591014 10910 298.10599999999977
KMCC 16 23.1648 45.72 16 38.6821742 -121.4005931 34 38.6530817 -121.400636 10970 180.0679999999993
KCLT 18L 228.29520000000002 46.02 18L 35.2247475 -80.9361671 36R 35.2009447 -80.9341243 11035 175.98799999999756
KCLT 36R 228.29520000000002 46.02 36R 35.2009447 -80.9341243 18L 35.2247475 -80.9361671 10890 355.98800000000006
KCLT 18R 228.29520000000002 46.02 18R 35.2253311 -80.9673938 36L 35.2006672 -80.965272 11015 175.97900000000664
KCLT 36L 228.29520000000002 46.02 36L 35.2006672 -80.965272 18R 35.2253311 -80.9673938 11015 355.97900000000004
KCLT 18C 228.29520000000002 46.02 18C 35.2274452 -80.9531448 36C 35.2000402 -80.9507868 11130 175.97900000000664
KCLT 36C 228.29520000000002 46.02 36C 35.2000402 -80.9507868 18C 35.2274452 -80.9531448 11170 355.97900000000004
LTBL 17 4.8768 44.81 17 38.526465 27.008718 35 38.499581 27.011389 10815 175.55299999999988
LTBZ 13 1014.0696 45.0 13 39.1203722 30.1171306 31 39.1025608 30.1432782 10810 131.1600000000035
LTBZ 31 1014.0696 45.0 31 39.1025608 30.1432782 13 39.1203722 30.1171306 11130 311.29499999999825
KHRO 36 416.052 45.72 36 36.2530997 -93.1557631 18 36.2699433 -93.1537359 11170 2.8099999999976717
KHEF 16L 58.52160000000001 30.48 16L 38.7277145 -77.5187942 34R 38.7128782 -77.5081229 10910 150.7149999999965
ZBDS 13 1399.6416000000002 5.0 13 39.499805 109.8454868 31 39.4841068 109.8767101 11010 123.11200000000099
ZBDS 31 1399.6416000000002 5.0 31 39.4841068 109.8767101 13 39.499805 109.8454868 10870 303.1119999999937
LEVC 12 71.3232 45.0 12 39.496352 -0.5001109 30 39.48358 -0.4665719 11150 116.16000000000349
LEVC 30 71.3232 45.0 30 39.48358 -0.4665719 12 39.496352 -0.5001109 11010 296.179999999993
KPNC 17 306.324 45.72 17 36.7417609 -97.0996304 35 36.7219836 -97.0994719 11190 179.6319999999978
UTDD 09 784.86 45.0 09 38.5437238 68.8066318 27 38.543676 68.8423485 11030 90.18000000000029
KBKF 32 1725.7776000000001 45.72 32 39.6885539 -104.7425346 14 39.7150037 -104.7614504 10970 331.1670000000013
LEMI 23 196.2912 45.0 23 37.812607 -1.1125334 05 37.793762 -1.1367745 11175 225.47900000000664
KPWA 17L 395.3256 46.02 17L 35.5443451 -97.6455016 35R 35.5245578 -97.6455001 11015 179.98599999999715
KPWA 35R 395.3256 46.02 35R 35.5245578 -97.6455001 17L 35.5443451 -97.6455016 11015 359.9860000000044
KPVG 10 8.2296 30.48 10 36.7808516 -76.4621842 28 36.7802281 -76.4438782 11075 92.4320000000007
KROG 20 413.3088 30.48 20 36.3802244 -94.1036572 2 36.3646322 -94.1103533 11150 199.08900000000722
LICZ 10R 24.0792 45.11 10R 37.4032182 14.9086524 28L 37.4000074 14.9360585 10815 98.40499999999884
KGLD 30 1113.7392 30.48 30 39.364155 -101.6911753 12 39.3747251 -101.705096 10890 314.4869999999937
ORKK 31 323.3928 45.11 31 35.460453 44.358453 13 35.478922 44.334464 10910 313.39800000000105
KINT 33 295.3512 46.02 33 36.123897 -80.21325 15 36.138806 -80.226292 11030 324.75599999999395
KGCK 35 881.1768000000001 30.48 35 37.9192072 -100.7230061 17 37.9392468 -100.7228199 10990 0.41999999999825377
KJEF 30 166.72560000000001 30.48 30 38.5868724 -92.1461867 12 38.5957265 -92.1638771 11050 302.64100000000326
KAVL 17 658.9776 45.0 17 35.4464307 -82.5466766 35 35.4258009 -82.5374149 11090 159.90699999999924
KAVL 35 658.9776 45.0 35 35.4258009 -82.5374149 17 35.4464307 -82.5466766 11050 339.9070000000065
LTCK 29R 1267.0536 45.11 29R 38.7406878 41.6795918 11L 38.7548779 41.6429318 10850 296.372000000003
LTAT 21L 861.6696000000001 45.11 21L 38.4482528 38.1010882 03R 38.4224794 38.0810237 10990 211.403999999995
LTBY 09 792.1752 39.9 09 39.810486 30.500787 27 39.809158 30.536073 11030 92.80400000000009
LTAU 25 1053.9984 44.2 25 38.773572 35.512197 07 38.767197 35.478658 11030 256.30899999999383
KOUN 18 360.27360000000004 30.48 18 35.2564347 -97.473052 36 35.2421437 -97.4729848 11195 179.66300000000047
LTCJ 02 557.1744 45.11 02 37.9166436 41.1091264 20 37.9414118 41.1241105 10810 25.56800000000021
KHKY 24 361.79760000000005 46.02 24 35.744978 -81.3795158 6 35.7349814 -81.3972693 10870 235.25100000000384
KOAK 12 1.2192 46.02 12 37.7200688 -122.2421304 30 37.7014856 -122.2142721 11190 130.13100000000122
KOAK 30 1.2192 46.02 30 37.7014856 -122.2142721 12 37.7200688 -122.2421304 10870 310.13099999999395
KOAK 28R 1.2192 46.02 28R 37.7248238 -122.2047214 10L 37.7304765 -122.222189 10990 292.26200000000244
LPBJ 19R 193.8528 60.05 19R 38.0943493 -7.9303643 01L 38.0634456 -7.9344648 11030 185.90899999999965
LPLA 15 54.864000000000004 60.0 15 38.7759599 -27.1055649 33 38.7528879 -27.0814332 10990 140.8179999999993
LPLA 33 54.864000000000004 60.0 33 38.7528879 -27.0814332 15 38.7759599 -27.1055649 11150 320.8179999999993
LPMR 18 56.997600000000006 45.11 18 39.8423596 -8.8868241 36 39.8202452 -8.8876921 11030 181.75
LPMR 36 56.997600000000006 45.11 36 39.8202452 -8.8876921 18 39.8423596 -8.8868241 10915 1.75
KRMN 33 63.3984 30.48 33 38.3929052 -77.4497773 15 38.4053771 -77.4634735 10875 319.278999999995
ZBSJ 15 69.7992 45.0 15 38.2936627 114.6866589 33 38.2678673 114.7076337 10990 147.47200000000157
ZBSJ 33 69.7992 45.0 33 38.2678673 114.7076337 15 38.2936627 114.6866589 11030 327.4719999999943
KLFI 26 3.3528000000000002 46.02 26 37.0881399 -76.3446282 8 37.0776488 -76.3764165 10990 247.5329999999958
LEAM 25 20.1168 43.0 25 36.8481474 -2.3529242 07 36.8397226 -2.3872561 10990 252.9609999999957
DTKA 27 69.7992 45.11 27 36.9794864 8.8911618 09 36.9808464 8.8590114 11070 273.07600000000093
RJTT 16R 6.096 60.96 16R 35.5599868 139.7690546 34L 35.5366001 139.7856566 11155 149.9820000000036
RJTT 34L 6.096 60.96 34L 35.5366001 139.7856566 16R 35.5599868 139.7690546 11170 329.9820000000036
RJTT 16L 6.096 60.96 16L 35.5658965 139.7865529 34R 35.5396871 139.805158 11195 149.99500000000262
RJTT 34R 6.096 60.96 34R 35.5396871 139.805158 16L 35.5658965 139.7865529 10890 329.99499999999534
RJTT 23 6.096 60.05 23 35.5405714 139.8220823 05 35.5240173 139.8034664 11050 224.59299999999348
RJTT 22 6.096 60.96 22 35.5674666 139.7771142 04 35.5490194 139.7612778 10810 214.93399999999383
ORER 18 408.432 75.0 18 36.2597417 43.9468389 36 36.2164722 43.9465028 10910 180.35899999999674
ORER 36 408.432 75.0 36 36.2164722 43.9465028 18 36.2597417 43.9468389 10970 0.35899999999674037
KILN 22R 328.2696 45.72 22R 39.4427438 -83.7863201 4L 39.4193789 -83.8092895 11070 217.20500000000175
RKPK 36L 3.9624 60.0 36L 35.1651889 128.9388327 18R 35.1938274 128.9351331 10850 353.9770000000001
RKPK 36R 3.9624 46.0 36R 35.1694776 128.9406093 18L 35.1940252 128.9374261 10950 353.9860000000001
KJQF 20 209.3976 29.87 20 35.3977719 -80.706877 2 35.3777761 -80.7113888 11195 190.4140000000043
RKSG 32 14.9352 45.72 32 36.95475 127.041619 14 36.969675 127.020522 10875 311.62600000000384
KAWM 17 63.7032 30.48 17 35.1433081 -90.2343715 35 35.126852 -90.23455 11070 180.55200000000332
KMCE 30 47.244 45.72 30 37.278657 -120.507183 12 37.29082 -120.520652 10930 318.62300000000687
KOWB 36 122.5296 46.0 36 37.7269785 -87.166696 18 37.7489169 -87.1677849 11150 357.731
LTAF 05 18.8976 44.81 05 36.9748178 35.2680206 23 36.9894662 35.2927694 10870 53.455000000001746
UBBN 14L 872.0328000000001 45.0 14L 39.1993862 45.4456689 32R 39.1774404 45.4714292 10950 137.72299999999814
UBBN 32R 872.0328000000001 45.0 32R 39.1774404 45.4714292 14L 39.1993862 45.4456689 10910 317.72299999999814
UBBN 14R 872.0328000000001 45.0 14R 39.1986744 45.4447034 32L 39.1767327 45.470449 11170 137.7260000000024
UBBN 32L 872.0328000000001 45.0 32L 39.1767327 45.470449 14R 39.1986744 45.4447034 11110 317.7259999999951
LTBJ 16L 128.93040000000002 45.0 16L 38.3065573 27.1527009 34R 38.2781985 27.1612264 10850 166.65000000000146
LTBJ 34R 128.93040000000002 45.0 34R 38.2781985 27.1612264 16L 38.3065573 27.1527009 11030 346.6600000000035
LTCO 16 1663.5984 45.0 16 39.6715318 43.0202086 34 39.6454295 43.0294942 10815 164.6860000000015
LTAG 05 71.628 45.11 05 36.99377 35.4122872 23 37.0103449 35.439627 10930 52.88000000000102
LTAG 23 71.628 45.11 23 37.0103449 35.439627 05 36.99377 35.4122872 11170 232.7780000000057
KFDK 23 92.3544 30.0 23 39.4204939 -77.3684396 5 39.408358 -77.3818071 11030 220.38400000000547
KMWA 20 143.8656 45.72 20 37.7686932 -89.0073534 2 37.7483902 -89.0180284 10930 202.5749999999971
OSLK 17R 47.8536 45.11 17R 35.413799 35.947444 35L 35.388521 35.94929 10910 176.6160000000018
UTSK 16 374.904 43.89 16 38.8145908 65.7686214 34 38.790015 65.7776868 10910 163.98300000000017
LEAL 10 43.281600000000005 45.33 10 38.2845188 -0.5750054 28 38.2797989 -0.5412058 11030 100.09599999999773
RJOH 25 3.9624 45.11 25 35.498291 133.2515164 07 35.488458 133.2268503 10895 243.9829999999929
LEMO 20 86.86800000000001 60.96 20 37.190133 -5.609147 02 37.159647 -5.622889 10970 199.76200000000244
KBKW 19 762.6096 45.72 19 37.800442 -81.122733 1 37.782067 -81.125778 11170 187.4600000000064
KROA 34 358.14000000000004 46.02 34 37.3154523 -79.9705221 16 37.3289749 -79.9811354 10970 328.0320000000065
RJAA 16R 40.2336 59.74 16R 35.7744005 140.368265 34L 35.7433335 140.390712 11150 149.62200000000303
RJAA 34L 40.2336 59.74 34L 35.7433335 140.390712 16R 35.7744005 140.368265 11190 329.622000000003
RJAA 16L 40.2336 59.74 16L 35.8052071 140.3780834 34R 35.7857844 140.3921093 11070 149.61899999999878
RJAA 34R 40.2336 59.74 34R 35.7857844 140.3921093 16L 35.8052071 140.3780834 11090 329.61900000000605
KNQA 22 97.2312 45.72 22 35.365193 -89.8620079 4 35.3480875 -89.8788552 10975 218.7780000000057
OIIE 29R 1007.364 45.11 29R 35.413154 51.1659795 11L 35.4253391 51.1222201 11030 288.8889999999956
RKSS 14L 17.6784 45.11 14L 37.5707083 126.7782778 32R 37.5477472 126.8071056 10990 135.1449999999968
RKSS 32R 17.6784 45.11 32R 37.5477472 126.8071056 14L 37.5707083 126.7782778 11070 315.1450000000041
RKSS 14R 17.6784 60.05 14R 37.5683861 126.7754444 32L 37.5480083 126.8010306 10870 135.14100000000326
RKSS 32L 17.6784 60.05 32L 37.5480083 126.8010306 14R 37.5683861 126.7754444 10830 315.14100000000326
KMTO 29 220.06560000000002 45.72 29 39.474314 -88.268476 11 39.481263 -88.289688 11110 293.00500000000466
KTOP 13 267.0048 30.48 13 39.0747912 -95.6270646 31 39.0650026 -95.6142121 11070 134.45799999999872
LTAR 01 1596.2376000000002 45.0 01 39.79764 36.8966854 19 39.8302865 36.9103533 10910 17.847999999999956
KSDF 17R 152.4 45.72 17R 38.1869958 -85.748798 35L 38.155387 -85.7383625 11030 165.46199999999953
KSDF 35L 152.4 45.72 35L 38.155387 -85.7383625 17R 38.1869958 -85.748798 10935 345.46199999999953
KSDF 17L 152.4 45.72 17L 38.1873 -85.731342 35R 38.164556 -85.723575 11195 164.97200000000157
KSDF 35R 152.4 45.72 35R 38.164556 -85.723575 17L 38.1873 -85.731342 11055 344.9719999999943
KSFO 28R 3.9624 61.0 28R 37.613534 -122.3571551 10L 37.6287597 -122.3934389 11170 297.91300000000047
KSFO 28L 3.9624 61.0 28L 37.6117362 -122.3583555 10R 37.6262935 -122.3931208 10955 297.91300000000047
KSFO 19L 3.9624 61.0 19L 37.6274167 -122.3670699 1R 37.6063844 -122.3810444 10890 207.7109999999957
KDEN 16R 1656.2832 60.96 16R 39.8958007 -104.6960969 34L 39.851889 -104.6966001 11190 180.50600000000122
KDEN 34L 1656.2832 60.96 34L 39.851889 -104.6966001 16R 39.8958007 -104.6960969 11190 0.5059999999939464
KDEN 16L 1656.2832 45.72 16L 39.8970398 -104.6868232 34R 39.8641071 -104.6872056 11110 180.51200000000244
KDEN 34R 1656.2832 45.72 34R 39.8641071 -104.6872056 16L 39.8970398 -104.6868232 11110 0.5120000000024447
KDEN 17R 1656.2832 45.72 17R 39.8612475 -104.6601603 35L 39.8283159 -104.6605585 10850 180.52700000000186
KDEN 35L 1656.2832 45.72 35L 39.8283159 -104.6605585 17R 39.8612475 -104.6601603 10850 0.5270000000018626
KDEN 17L 1656.2832 45.72 17L 39.8649507 -104.6413146 35R 39.8320188 -104.6417259 11015 180.54200000000128
KDEN 35R 1656.2832 45.72 35R 39.8320188 -104.6417259 17L 39.8649507 -104.6413146 11015 0.5420000000012806
KDEN 25 1656.2832 45.72 25 39.8406596 -104.6839511 7 39.840952 -104.7266683 11155 270.5130000000063
KDEN 26 1656.2832 45.72 26 39.8772463 -104.6195032 8 39.8775588 -104.6622405 10890 270.5570000000007
LTAD 11 808.6344 45.11 11 39.956855 32.671204 29 39.947453 32.699172 11050 113.69700000000012
KXTA 32 1368.5520000000001 45.72 32 37.2178643 -115.7842668 14 37.2482171 -115.800261 11130 337.22900000000664
KMOD 28R 29.5656 46.02 28R 37.620645 -120.943228 10L 37.629739 -120.9601105 11190 304.23799999999756
KVUJ 22L 185.0136 29.87 22L 35.4213512 -80.1453218 4R 35.4093118 -80.1564816 11055 217.06900000000314
KMTN 33 6.096 54.86 33 39.318847 -76.40505 15 39.332469 -76.422486 11070 315.29499999999825
KAMA 22 1099.1088 60.96 22 35.230898 -101.7001758 4 35.20511 -101.7327139 11110 221.49800000000687
RJTA 01 62.484 45.72 01 35.4436656 139.4503235 19 35.4656331 139.449895 11130 359.1399999999999
GMTN 25 2.1336 45.11 25 35.6021986 -5.2959517 07 35.589394 -5.3287172 11010 244.37799999999697
KIND 23R 242.0112 46.02 23R 39.7282909 -86.2929187 5L 39.7063654 -86.3208538 11175 224.4429999999993
KIND 14 242.0112 46.02 14 39.734229 -86.2888494 32 39.7202186 -86.2703719 11050 134.67599999999948
KIND 32 242.0112 46.02 32 39.7202186 -86.2703719 14 39.734229 -86.2888494 11050 314.67600000000675
KIND 23L 242.0112 46.02 23L 39.7198044 -86.2794932 5R 39.7002416 -86.3044308 11115 224.45500000000175
KICT 19R 406.2984 46.02 19R 37.6616031 -97.4338457 1L 37.635024 -97.4460128 11050 199.9210000000021
KICT 19L 406.2984 46.02 19L 37.6616043 -97.4176692 1R 37.642768 -97.4263086 11155 199.9360000000015
KPOB 23 65.8368 45.72 23 35.178603 -79.006181 5 35.163158 -79.022789 11090 221.3310000000056
LICJ 25 18.8976 60.05 25 38.1860672 13.1214533 07 38.1743223 13.0865331 10950 246.84500000000116
LICJ 20 18.8976 45.11 20 38.183351 13.095275 02 38.1662725 13.0856685 11055 203.81299999999464
KEWK 17 467.25840000000005 29.87 17 38.0648686 -97.276392 35 38.0456386 -97.276392 11170 180.0
OING 13 -8.2296 45.0 13 36.9228736 54.3839469 31 36.9022526 54.410626 10990 134.03100000000268
LEPA 06L 7.62 45.0 06L 39.5471472 2.7107278 24R 39.5625034 2.7431946 11090 58.483000000000175
LEPA 24R 7.62 45.0 24R 39.5625034 2.7431946 06L 39.5471472 2.7107278 10990 238.4829999999929
LEPA 24L 7.62 45.11 24L 39.5553389 2.761525 06R 39.5412502 2.7317272 10930 238.49400000000605
DTNH 09 6.096 60.05 09 36.0758204 10.4202526 27 36.075657 10.4569215 10930 90.32800000000134
DTNH 27 6.096 60.05 27 36.075657 10.4569215 09 36.0758204 10.4202526 10810 270.32799999999406
KHOP 23 174.65040000000002 45.72 23 36.6845778 -87.4769853 5 36.663046 -87.502976 11190 224.0850000000064
KFAT 29R 101.4984 45.72 29R 36.7688382 -119.7035341 11L 36.7840028 -119.7300861 11130 305.4860000000044
KDAA 32 22.250400000000003 22.86 32 38.7097905 -77.1739895 14 38.7200339 -77.1877623 10890 313.5819999999949
KMQS 29 201.168 30.48 29 39.9774613 -75.8560235 11 39.9804549 -75.8749048 10850 281.6849999999977
KSTL 12L 184.0992 45.72 12L 38.751781 -90.366294 30R 38.738608 -90.339586 10890 122.3159999999989
KSTL 30R 184.0992 45.72 30R 38.738608 -90.339586 12L 38.751781 -90.366294 11130 302.31600000000617
KSTL 12R 184.0992 60.96 12R 38.753903 -90.379158 30L 38.737781 -90.346464 10970 122.31300000000192
KSTL 30L 184.0992 60.96 30L 38.737781 -90.346464 12R 38.753903 -90.379158 11150 302.31299999999464
KSTL 11 184.0992 45.72 11 38.759953 -90.409875 29 38.746794 -90.383164 11195 122.2960000000021
KSTL 29 184.0992 45.72 29 38.746794 -90.383164 11 38.759953 -90.409875 11195 302.2960000000021
KSTL 24 184.0992 45.72 24 38.756217 -90.357506 6 38.746678 -90.381231 11030 242.7369999999937
RJSC 01 105.156 45.72 01 38.4029359 140.3700409 19 38.4208243 140.3726662 11010 6.564000000000306
ZBTJ 16L 3.9624 45.0 16L 39.1414575 117.3625906 34R 39.1154504 117.3785338 10970 154.5659999999989
ZBTJ 34R 3.9624 45.0 34R 39.1154504 117.3785338 16L 39.1414575 117.3625906 11150 334.56600000000617
ZBTJ 16R 3.9624 60.0 16R 39.1406099 117.3361873 34L 39.1113529 117.3541402 11090 154.55099999999948
ZBTJ 34L 3.9624 60.0 34L 39.1113529 117.3541402 16R 39.1406099 117.3361873 11050 334.55100000000675
KBLV 14L 139.5984 46.02 14L 38.556203 -89.833497 32R 38.536267 -89.809456 11115 136.6860000000015
KBLV 32R 139.5984 46.02 32R 38.536267 -89.809456 14L 38.556203 -89.833497 11115 316.6860000000015
KBLV 14R 139.5984 46.02 14R 38.551831 -89.861939 32L 38.535886 -89.842697 10990 136.6710000000021
KBLV 32L 139.5984 46.02 32L 38.535886 -89.842697 14R 38.551831 -89.861939 10990 316.6710000000021
LEIB 06 6.096 45.11 06 38.866952 1.3588883 24 38.878731 1.3873596 11110 62.00600000000122
LEIB 24 6.096 45.11 24 38.878731 1.3873596 06 38.866952 1.3588883 10950 242.00599999999395
KBMG 35 257.86080000000004 46.02 35 39.140547 -86.614809 17 39.158201 -86.618137 10830 351.68399999999383
KBWI 10 44.196000000000005 45.72 10 39.174746 -76.6896177 28 39.172631 -76.652675 10970 94.23500000000058
KBWI 28 44.196000000000005 45.72 28 39.172631 -76.652675 10 39.174746 -76.6896177 10970 274.2350000000006
KBWI 15R 44.196000000000005 45.72 15R 39.1853681 -76.6819827 33L 39.1642079 -76.6623833 11170 144.32400000000052
KBWI 33L 44.196000000000005 45.72 33L 39.1642079 -76.6623833 15R 39.1853681 -76.6819827 11170 324.22000000000116
KBWI 15L 44.196000000000005 30.48 15L 39.1873716 -76.6635425 33R 39.1762364 -76.6532315 11195 144.34300000000076
KBWI 33R 44.196000000000005 30.48 33R 39.1762364 -76.6532315 15L 39.1873716 -76.6635425 11195 324.3429999999935
KHAO 29 192.024 29.87 29 39.3611409 -84.512841 11 39.3663995 -84.5310717 10975 290.46199999999953
KFLG 21 2137.8672 45.72 21 35.149422 -111.6595566 3 35.1312135 -111.6789403 11050 224.17200000000594
KCSV 26 572.4144 30.48 26 35.953408 -85.076203 8 35.949172 -85.09375 10910 253.40200000000186
LTFD 05 21.031200000000002 45.0 05 39.5444421 26.9961107 23 39.5603468 27.0241899 10890 53.751000000000204
LTFE 10L 6.096 45.0 10L 37.2549565 27.6491659 28R 37.2472222 27.6815877 10930 106.69999999999709
LTFE 28R 6.096 45.0 28R 37.2472222 27.6815877 10L 37.2549565 27.6491659 10870 286.6999999999971
KMIV 10 25.6032 45.72 10 39.367036 -75.0824429 28 39.367028 -75.0611441 11090 90.03600000000006
KMHR 22L 29.8704 46.02 22L 38.563081 -121.281664 4R 38.544714 -121.313514 11135 233.60499999999593
KFCI 33 71.9328 30.48 33 37.400552 -77.5188926 15 37.4123116 -77.5307827 10830 321.22699999999895
KTRI 23 462.99120000000005 45.72 23 36.4815394 -82.4006893 5 36.4653422 -82.4191123 10990 222.45100000000093
ZBYN 13 786.0792 45.0 13 37.7554734 112.6141521 31 37.7359241 112.6468235 11090 127.12299999999959
ZBYN 31 786.0792 45.0 31 37.7359241 112.6468235 13 37.7554734 112.6141521 10930 307.12300000000687
KRDU 23R 132.588 45.72 23R 35.893822 -78.778033 5L 35.87445 -78.801964 11170 225.02700000000186
KRDU 23L 132.588 45.72 23L 35.879167 -78.779394 5R 35.864631 -78.797339 10850 225.02599999999802
KGPH 18 236.22 30.48 18 39.3400146 -94.3084643 36 39.3250296 -94.31089 11055 187.0920000000042
KBLF 23 870.8136000000001 30.48 23 37.3007935 -81.2021002 5 37.2910958 -81.2129851 10950 221.75500000000466
DABB 18 4.8768 45.26 18 36.8451077 7.8128098 36 36.8182657 7.8087564 10970 186.86999999999534
OIMM 31R 995.4768 45.11 31R 36.2240072 59.6571424 13L 36.2476805 59.6264561 10990 313.74400000000605
DTMB 07 1.2192 45.11 07 35.7540902 10.7383061 25 35.7616206 10.7697508 10990 73.55099999999948
KLWC 33 253.5936 30.48 33 39.0046982 -95.2111439 15 39.0186982 -95.2201019 10890 333.56600000000617
RJSS 27 4.572 45.0 27 38.1422508 140.9326606 09 38.1387641 140.8987126 11170 262.5390000000043
LPFR 10 6.7056000000000004 45.11 10 37.017292 -7.9861369 28 37.0133702 -7.9585008 11050 100.08899999999994
LPFR 28 6.7056000000000004 45.11 28 37.0133702 -7.9585008 10 37.017292 -7.9861369 10950 280.0890000000072
KCRW 23 298.3992 45.72 23 38.3822926 -81.5843079 5 38.3697464 -81.601485 11030 228.58000000000175
KAFP 34 90.52560000000001 30.48 34 35.0138315 -80.073168 16 35.0274849 -80.0810706 10855 334.6399999999994
OAMS 06 392.2776 50.0 06 36.7008554 67.20097 24 36.7118572 67.2316336 10990 65.89900000000125
OAMS 24 392.2776 50.0 24 36.7118572 67.2316336 06 36.7008554 67.20097 10910 245.8990000000049
KCKB 21 370.332 46.02 21 39.3075278 -80.2221853 3 39.287787 -80.232878 10930 202.74700000000303
LTFA 17 3.9624 45.11 17 38.5309583 26.9759082 35 38.503974 26.9785775 11015 175.52999999999884
RKNY 33 73.152 45.0 33 38.0525485 128.6781187 15 38.0700715 128.660199 10930 321.0810000000056
KJLN 18 298.3992 30.48 18 37.1640753 -94.497407 36 37.1462104 -94.4981709 10890 181.9539999999979
KJLN 13 298.3992 45.72 13 37.1578 -94.507291 31 37.144547 -94.4923643 11030 138.1030000000028
KSBP 11 64.00800000000001 45.72 11 35.242213 -120.6495939 29 35.2326441 -120.6327998 10970 124.89199999999983
KASG 18 412.3944 23.16 18 36.183639 -94.1181551 36 36.1691819 -94.1203697 11090 187.05499999999302
KJBR 23 79.8576 45.72 23 35.839706 -90.635164 5 35.8288 -90.651233 11015 230.1030000000028
KSNS 31 25.6032 45.72 31 36.6573945 -121.601256 13 36.6686135 -121.6100205 10850 327.92699999999604
KMRY 10R 77.1144 45.72 10R 36.5908884 -121.8558945 28L 36.583247 -121.8333068 11070 112.84799999999814
KJYO 17 118.5672 30.48 17 39.0851046 -77.5605981 35 39.0708088 -77.5543881 11175 161.3570000000036
KSTJ 35 251.7648 45.72 35 39.7624532 -94.906917 17 39.7845752 -94.906911 11030 0.0
KVIS 30 89.61120000000001 45.72 30 36.312286 -119.3849792 12 36.3249908 -119.4007871 10850 314.9360000000015
ZYTL 10 32.308800000000005 45.0 10 38.9671338 121.5195924 28 38.9642194 121.5574804 10910 92.39600000000064
ZYTL 28 32.308800000000005 45.0 28 38.9642194 121.5574804 10 38.9671338 121.5195924 11110 275.6420000000071
KIDP 35 251.46 30.48 35 37.149622 -95.77665 17 37.16473 -95.776555 11070 0.28500000000349246
KPHF 25 12.8016 45.72 25 37.1367352 -76.4781552 7 37.1250092 -76.5014119 11010 237.70100000000093
KGJT 11 1481.6328 45.72 11 39.1349684 -108.5443444 29 39.1183606 -108.5140967 11030 125.2980000000025
DABC 34 705.9168000000001 45.0 34 36.2627667 6.6226054 16 36.2879928 6.6107016 10830 339.30599999999686
DABC 31 705.9168000000001 45.0 31 36.2689229 6.6333097 13 36.2844505 6.6148586 10930 316.2280000000028
DABT 23 821.436 45.0 23 35.7595824 6.3228547 05 35.7440011 6.2957208 11070 234.69199999999546
DTTA 01 6.096 45.0 01 36.8391022 10.2237479 19 36.8672198 10.2314076 11110 12.291000000000167
DTTA 19 6.096 45.0 19 36.8672198 10.2314076 01 36.8391022 10.2237479 11030 192.29099999999744
DTTA 29 6.096 45.0 29 36.844426 10.2472636 11 36.8542679 10.2176899 10850 292.57300000000396
LPPI 27 33.528 45.0 27 38.5552363 -28.4324623 09 38.5533293 -28.451289 11170 262.61999999999534
KBAB 15 33.8328 91.14 15 39.1517453 -121.4433921 33 39.1205293 -121.4298651 10950 161.42700000000332
KBAB 33 33.8328 91.14 33 39.1205293 -121.4298651 15 39.1517453 -121.4433921 10950 341.42699999999604
LGKL 35L 7.010400000000001 45.11 35L 37.0566019 22.0281339 17R 37.0802426 22.0226213 11130 349.4560000000056
OITL 15 1314.6024 45.11 15 38.3383943 48.4148093 33 38.3126773 48.4337204 11030 150.0179999999964
OITL 33 1314.6024 45.11 33 38.3126773 48.4337204 15 38.3383943 48.4148093 10990 330.0179999999964
KSLN 35 392.5824 45.72 35 38.7766431 -97.6458772 17 38.8104289 -97.6459604 10890 359.8899999999994
KMER 31 57.607200000000006 46.02 31 37.367878 -120.555419 13 37.393083 -120.580958 10950 321.16599999999744
ZSYT 05 46.3296 45.11 05 37.6485931 120.965585 23 37.671249 120.9914927 10890 42.15799999999945
ZSYT 23 46.3296 45.11 23 37.671249 120.9914927 05 37.6485931 120.965585 10850 222.1579999999958
KFYV 34 381.0 30.48 34 35.997002 -94.1681164 16 36.01319 -94.172006 11190 354.50900000000547
ZSWH 03 44.196000000000005 45.11 03 37.175837 122.224266 21 37.198058 122.233563 11010 18.40899999999965
ZSWH 21 44.196000000000005 45.11 21 37.198058 122.233563 03 37.175837 122.224266 11070 198.40899999999965
KOKM 18 219.45600000000002 30.78 18 35.675199 -95.9485264 36 35.6610539 -95.948575 10910 180.17399999999907
RKTU 06L 57.302400000000006 60.96 06L 36.7100278 127.4867944 24R 36.7251056 127.511125 11030 52.32300000000032
RKTU 24R 57.302400000000006 60.96 24R 36.7251056 127.511125 06L 36.7100278 127.4867944 11170 232.32300000000396
RKTU 06R 57.302400000000006 45.72 06R 36.70785 127.4874556 24L 36.722925 127.5117944 10915 52.31499999999869
RKTU 24L 57.302400000000006 45.72 24L 36.722925 127.5117944 06R 36.70785 127.4874556 10935 232.31500000000233
RJSF 01 371.856 60.0 01 37.216175 140.4274275 19 37.2386766 140.4285181 11050 2.188999999999851
KEGE 25 1993.6968000000002 45.72 25 39.6445148 -106.9001081 7 39.64105 -106.9317616 10975 259.05199999999604
ZKPY 17 35.6616 60.0 17 39.2204215 125.6643568 35 39.1908609 125.6760862 10950 163.03300000000309
ZKPY 35 35.6616 60.0 35 39.1908609 125.6760862 17 39.2204215 125.6643568 10990 343.0329999999958
KGSB 26 33.2232 91.44 26 35.344075 -77.941725 8 35.334686 -77.979453 10990 253.04499999999825
OICS 19 1378.3056000000001 45.11 19 35.2572922 47.013789 01 35.2314807 47.0034364 10930 198.11500000000524
KRIC 16 50.5968 46.02 16 37.5166399 -77.3235814 34 37.4957941 -77.3068916 11070 147.5749999999971
KRIC 34 50.5968 46.02 34 37.4957941 -77.3068916 16 37.5166399 -77.3235814 11070 327.5749999999971
ZLXN 11 2184.1968 45.0 11 36.5359307 102.0193993 29 36.5247324 102.0596111 11070 109.13700000000244
ZLXN 29 2184.1968 45.0 29 36.5247324 102.0596111 11 36.5359307 102.0193993 10870 289.13700000000244
KBNA 20L 182.2704 46.02 20L 36.133614 -86.659277 2R 36.1127135 -86.667643 10935 197.91599999999744
KBNA 20R 182.2704 46.02 20R 36.1378424 -86.6785684 2L 36.1176915 -86.6864693 11130 197.58299999999872
KBNA 31 182.2704 46.02 31 36.120495 -86.668178 13 36.141288 -86.6953623 11195 313.4389999999985
KGSO 23L 281.0256 46.02 23L 36.1101516 -79.9203101 5R 36.0910365 -79.9446862 10930 225.87799999999697
KGSO 32 281.0256 46.02 32 36.0870364 -79.9371947 14 36.0995043 -79.9524774 11115 317.4149999999936
KGSO 23R 281.0256 46.02 23R 36.1164333 -79.9371389 5L 36.0992556 -79.95905 10955 225.8680000000022
KNUQ 32R 10.0584 60.96 32R 37.4055432 -122.0426115 14L 37.428905 -122.0546288 11035 337.8029999999999
DAAV 17 10.972800000000001 45.11 17 36.8058296 5.8714135 35 36.7844945 5.8756163 10810 171.05399999999645
KBYH 18 76.5048 46.02 18 35.9802428 -89.9439634 36 35.9484187 -89.9439653 11030 180.00400000000081
RJSK 28 95.0976 60.96 28 39.6143415 140.2331883 10 39.6169303 140.2042327 10890 276.6380000000063
KSTS 32 38.1 45.72 32 38.5023343 -122.8057011 14 38.5175203 -122.8138313 10930 337.2780000000057
KJVY 18 144.4752 30.48 18 38.3761969 -85.7378944 36 38.3569264 -85.737878 11170 179.97400000000198
KADW 19L 84.12480000000001 45.72 19L 38.8245312 -76.8636575 1R 38.7977502 -76.8635797 11050 179.86999999999534
KADW 19R 84.12480000000001 60.96 19R 38.826025 -76.8706824 1L 38.7950009 -76.8705826 11150 179.85899999999674
KCHA 20 208.1784 46.02 20 35.042124 -85.200399 2 35.022652 -85.207504 10950 196.6319999999978
KSMF 17L 6.4008 46.02 17L 38.7071507 -121.580071 35R 38.6835139 -121.5804562 11175 180.7520000000004
KSMF 17R 6.4008 46.02 17R 38.7073681 -121.6010897 35L 38.6837418 -121.6014807 11110 180.74199999999837
KSMF 35L 6.4008 46.02 35L 38.6837418 -121.6014807 17R 38.7073681 -121.6010897 11110 0.7419999999983702
KFTK 18 229.81920000000002 45.72 18 37.9141555 -85.9703147 36 37.8999596 -85.9692553 10895 176.64800000000105
KHTS 12 252.3744 45.72 12 38.3721923 -82.5716729 30 38.3648701 -82.5490418 10990 112.46399999999994
KHTS 30 252.3744 45.72 30 38.3648701 -82.5490418 12 38.3721923 -82.5716729 10870 292.4640000000072
RKNW 03 100.2792 45.72 03 37.4269389 127.9535415 21 37.449094 127.96729 11010 26.227999999999156
RKNW 21 100.2792 45.72 21 37.449094 127.96729 03 37.4269389 127.9535415 11150 206.2280000000028
KMKC 19 230.73360000000002 46.02 19 39.1329712 -94.5900632 1 39.1146906 -94.5953509 10990 192.64100000000326
KCDC 20 1713.2808 45.72 20 37.7102571 -113.091005 2 37.6906115 -113.1078316 11010 214.15700000000652
KMGW 18 380.3904 45.72 18 39.6506695 -79.9187558 36 39.6365297 -79.9163267 10850 172.42199999999866
RKTN 13R 36.576 45.0 13R 35.9006092 128.6458527 31L 35.886647 128.6710832 10870 124.34999999999854
RKTN 31L 36.576 45.0 31L 35.886647 128.6710832 13R 35.9006092 128.6458527 10870 304.3500000000058
RKTY 28 107.89920000000001 45.72 28 36.6321388 128.370147 10 36.6316058 128.339517 10930 268.76600000000326
KOKV 32 221.28480000000002 30.0 32 39.1383073 -78.1374484 14 39.1487511 -78.1514563 10955 313.88499999999476
ZSLY 01 67.6656 45.0 01 35.0382321 118.4118833 19 35.0670717 118.4118776 11070 0.0
ZSLY 19 67.6656 45.0 19 35.0670717 118.4118776 01 35.0382321 118.4118833 10970 180.0
LIEE 32 3.3528000000000002 45.11 32 39.2420765 9.065184 14 39.2608515 9.0434315 10950 318.09100000000035
KEDE 19 6.096 30.48 19 36.0368593 -76.5696903 1 36.0203763 -76.5696547 11095 179.9140000000043
KLBL 35 878.1288000000001 30.48 35 37.0344421 -100.956393 17 37.05394 -100.956436 11130 359.89599999999336
LEJR 20 27.127200000000002 45.0 20 36.7542941 -6.0553835 02 36.7349761 -6.0648168 10890 201.34500000000116
LPPD 30 76.8096 45.11 30 37.7383376 -25.6861248 12 37.7460554 -25.7106397 10950 291.73099999999977
OINZ 16 10.668000000000001 45.11 16 36.655809 53.1837945 34 36.633297 53.1935164 11050 160.91799999999785
LERT 10 26.822400000000002 62.58 10 36.647195 -6.3699645 28 36.6432101 -6.3289984 10870 96.92799999999988
ZWTN 29R 1446.8856 50.0 29R 37.0334544 79.880698 11L 37.0434415 79.8468601 11030 290.2829999999958
KLVK 25R 121.6152 29.87 25R 37.6937926 -121.8112574 7L 37.6939359 -121.8294088 11050 270.5709999999963
OITT 30R 1358.7984000000001 45.0 30R 38.1233046 46.2518463 12L 38.1439968 46.2193987 10990 308.9869999999937
OITT 30L 1358.7984000000001 45.0 30L 38.1216749 46.2510593 12R 38.1429401 46.2176697 11030 308.9850000000006
KCPS 30L 125.8824 45.72 30L 38.5637558 -90.1443486 12R 38.5739972 -90.1650528 10910 302.3329999999987
KAEG 22 1779.1176 30.48 22 35.1528207 -106.7913288 4 35.1387493 -106.8091801 11010 226.0570000000007
KSZL 19 265.176 60.96 19 38.747019 -93.543747 1 38.713592 -93.551981 10850 190.87799999999697
RKTL 17 52.7304 45.11 17 36.7847469 129.4587833 35 36.769258 129.4647767 10810 162.77900000000227
RKTL 35 52.7304 45.11 35 36.769258 129.4647767 17 36.7847469 129.4587833 10810 342.778999999995
KOKC 17L 393.4968 45.72 17L 35.4051376 -97.5889468 35R 35.378205 -97.588918 11090 179.96100000000297
KOKC 35R 393.4968 45.72 35R 35.378205 -97.588918 17L 35.4051376 -97.5889468 11090 359.9609999999957
KOKC 17R 393.4968 45.72 17R 35.4059316 -97.6057369 35L 35.3790014 -97.6057029 11070 179.95700000000215
KOKC 35L 393.4968 45.72 35L 35.3790014 -97.6057029 17R 35.4059316 -97.6057369 11070 359.9569999999949
KTIK 18 393.4968 60.96 18 35.4289474 -97.3821073 36 35.3985003 -97.3821325 11130 180.05099999999948
KTIK 36 393.4968 60.96 36 35.3985003 -97.3821325 18 35.4289474 -97.3821073 10950 0.05100000000675209
KHUT 13 469.6968 29.87 13 38.0742164 -97.8710921 31 38.0598506 -97.8548895 11010 138.40499999999884
KDOV 19 8.5344 45.72 19 39.1435133 -75.4627016 1 39.117184 -75.4645981 11190 183.2100000000064
KVGT 12L 672.0840000000001 22.86 12L 36.2124153 -115.196427 30R 36.2043656 -115.1862571 11070 134.46100000000297
KMRB 26 169.77360000000002 45.72 26 39.406366 -77.968284 8 39.398347 -77.997706 10830 250.58000000000175
KMQY 32 165.2016 45.72 32 36.0011304 -86.510939 14 36.0178544 -86.5287523 11110 319.2639999999956
KSUU 21L 18.8976 45.72 21L 38.2817992 -121.8981566 3R 38.2614508 -121.9265104 11010 227.57300000000396
RJSI 20 89.91600000000001 45.11 20 39.439758 141.1381287 02 39.4176343 141.1327477 10930 190.70299999999406
UTAA 11L 209.3976 46.0 11L 38.0002111 58.3431083 29R 37.9834139 58.3808028 10850 119.37000000000262
UTAA 29R 209.3976 46.0 29R 37.9834139 58.3808028 11L 38.0002111 58.3431083 10870 299.38000000000466
UTAA 11R 209.3976 60.0 11R 37.9899278 58.3357889 29L 37.9731278 58.3734778 11110 119.50099999999657
UTAA 29L 209.3976 60.0 29L 37.9731278 58.3734778 11R 37.9899278 58.3357889 11050 299.50100000000384
KRIL 26 1688.8968 30.48 26 39.5268719 -107.715557 8 39.5263539 -107.7404412 11090 268.4520000000048
KLCK 23L 226.77120000000002 60.96 23L 39.824436 -82.9113573 5R 39.8010741 -82.9419802 11010 225.20500000000175
ZLYL 16 1166.1648 45.0 16 38.3718083 109.584446 34 38.345424 109.5991022 11130 156.5179999999964
ZLYL 34 1166.1648 45.0 34 38.345424 109.5991022 16 38.3718083 109.584446 10875 336.5179999999964
KIPJ 23 266.7 30.48 23 35.4884808 -81.1544805 5 35.4778451 -81.1685697 11115 227.0329999999958
DAAG 09 24.6888 45.0 09 36.6921471 3.17083 27 36.6911922 3.2099891 10850 91.69499999999971
DAAG 27 24.6888 45.0 27 36.6911922 3.2099891 09 36.6921471 3.17083 10950 271.695000000007
DAAG 23 24.6888 45.0 23 36.7129725 3.2515459 05 36.6938797 3.2202582 11030 232.74499999999534
KPGV 20 7.9248 45.72 20 35.645425 -77.3826155 2 35.6258718 -77.3858007 11070 187.53800000000047
KCSM 17R 585.216 60.96 17R 35.359661 -99.201443 35L 35.322567 -99.201507 10950 180.08400000000256
KFCS 31 1789.7856000000002 25.0 31 38.6737541 -104.7511286 13 38.6828455 -104.7618657 11175 325.0
KMQJ 25 262.128 30.48 25 39.8422472 -85.8910463 7 39.8365971 -85.9111966 10870 249.94899999999325
KSNL 17 327.0504 30.48 17 35.3655541 -96.9428339 35 35.3490646 -96.942828 10875 179.94900000000052
KCIC 13L 71.628 45.72 13L 39.8033772 -121.864119 31R 39.7878343 -121.8512649 11130 147.53399999999965
KSCK 29R 8.2296 46.02 29R 37.885178 -121.222744 11L 37.902345 -121.2508919 10910 307.70500000000175
KDAY 24R 306.6288 45.72 24R 39.912142 -84.214034 6L 39.8951042 -84.2460495 11190 235.2430000000022
KDAY 18 306.6288 45.72 18 39.917329 -84.2120498 36 39.893996 -84.2112692 10830 178.52499999999418
KDAY 24L 306.6288 45.72 24L 39.9019257 -84.2018685 6R 39.8905449 -84.2232596 11030 235.25900000000547
KSBY 32 15.24 30.48 32 38.3355369 -75.4987992 14 38.3460317 -75.5166917 10870 306.79899999999907
KCEV 18 264.2616 30.48 18 39.7074584 -85.130693 36 39.6896214 -85.1308822 10835 180.5280000000057
KCGI 10 103.632 45.72 10 37.227375 -89.581742 28 37.222514 -89.560264 10950 105.88100000000122
LTDA 04 82.296 45.0 04 36.3524542 36.2760456 22 36.372328 36.2989092 10890 42.600000000000364
KHYS 34 608.9904 30.48 34 38.8354339 -99.2713265 16 38.8528403 -99.2763057 11150 347.4320000000007
KSWO 17 304.8 30.48 17 36.1723691 -97.0868614 35 36.151959 -97.0866384 10915 179.49399999999878
KFMN 25 1677.3144 30.48 25 36.7416343 -108.2170648 7 36.7410937 -108.239929 11190 268.3099999999977
ZBAD 29R 24.6888 60.0 29R 39.5089337 116.4743491 11L 39.516694 116.4312292 10870 283.08000000000175
ZBAD 17L 24.6888 60.0 17L 39.5179143 116.3961171 35R 39.4839387 116.4014845 11075 173.02999999999884
ZBAD 35R 24.6888 60.0 35R 39.4839387 116.4014845 17L 39.5179143 116.3961171 11075 353.02999999999884
ZBAD 01L 24.6888 60.0 01L 39.4713374 116.4313212 19R 39.5017384 116.4265195 11055 353.0500000000029
ZBAD 19R 24.6888 60.0 19R 39.5017384 116.4265195 01L 39.4713374 116.4313212 11055 173.0500000000029
ZBAD 17R 24.6888 45.0 17R 39.5170957 116.3873626 35L 39.4831195 116.3927308 11190 173.02999999999884
ZBAD 35L 24.6888 45.0 35L 39.4831195 116.3927308 17R 39.5170957 116.3873626 11190 353.02999999999884
LGSA 29R 149.352 42.0 29R 35.5257094 24.1682903 11L 35.5368663 24.1339963 11090 291.7829999999958
KUNI 25 233.47680000000003 29.87 25 39.2156628 -82.2206486 7 39.2081408 -82.2378846 10875 240.62799999999697
DAOO 25R 88.69680000000001 45.11 25R 35.6291587 -0.6054584 07L 35.6166201 -0.642102 10870 247.24099999999453
DAOO 25L 88.69680000000001 45.0 25L 35.6245749 -0.6102609 07R 35.6141206 -0.6408108 10990 247.25199999999313
KLAS 26R 664.7688 50.0 26R 36.07644 -115.1210973 8L 36.0763756 -115.1702178 11030 269.9579999999987
KLAS 26L 664.7688 50.0 26L 36.0736578 -115.1258213 8R 36.0736226 -115.1614311 11150 269.9499999999971
LGRP 24 5.1816 45.11 24 36.4104181 28.1035111 06 36.4002709 28.068871 11030 250.00800000000163
KBAK 23 199.3392 45.72 23 39.267656 -85.888889 5 39.255239 -85.904883 11070 224.92900000000373
KBBG 32 397.1544 45.72 32 36.5240374 -93.1934945 14 36.5401074 -93.2074275 11135 325.14400000000023
RJSN 28 8.5344 45.72 28 37.9558006 139.12404 10 37.9568517 139.0956239 10930 272.7060000000056
OITR 21 1322.832 45.11 21 37.6804283 45.0787059 03 37.6558813 45.058651 10890 212.93399999999383
RJSY 09 21.640800000000002 44.85 09 38.8107048 139.7758934 27 38.8140048 139.7985294 11090 79.40999999999985
KMDH 18L 125.2728 30.48 18L 37.7884932 -89.2478976 36R 37.7706513 -89.2483705 11090 181.21799999999348
KORF 23 6.7056000000000004 45.72 23 36.9054556 -76.1893886 5 36.8859171 -76.2082645 10910 217.67600000000675
KMEM 18C 102.4128 45.72 18C 35.054594 -89.976169 36C 35.02405 -89.975528 11195 179.0109999999986
KMEM 36C 102.4128 45.72 36C 35.02405 -89.975528 18C 35.054594 -89.976169 11050 359.011
KMEM 18R 102.4128 45.72 18R 35.049489 -89.987442 36L 35.023883 -89.986892 10990 178.99199999999837
KMEM 36L 102.4128 45.72 36L 35.023883 -89.986892 18R 35.049489 -89.987442 10890 358.992
KMEM 18L 102.4128 45.72 18L 35.048817 -89.972953 36R 35.024094 -89.972431 11115 179.01499999999942
KMEM 36R 102.4128 45.72 36R 35.024094 -89.972431 18L 35.048817 -89.972953 11135 359.015
KMEM 27 102.4128 45.72 27 35.057781 -89.955856 9 35.058622 -89.985731 10870 271.9860000000044
KAPA 35R 1793.1384 30.0 35R 39.5567083 -104.8502111 17L 39.5841417 -104.851475 11130 357.96199999999953
KJWN 20 152.4 30.0 20 36.1909951 -86.8839062 2 36.1750542 -86.8890875 11030 194.70100000000093
KFOE 31 328.5744 60.96 31 38.939818 -95.6473681 13 38.965571 -95.6780655 11010 317.1750000000029
KSUS 26L 140.5128 45.72 26L 38.6619509 -90.6341153 8R 38.6577027 -90.6597737 11110 258.0399999999936
KSVH 28 293.8272 29.87 28 35.763851 -80.942184 10 35.766142 -80.965617 11175 276.87600000000384
KPHL 27L 10.972800000000001 60.96 27L 39.869087 -75.2338047 9R 39.8608252 -75.2752163 10930 255.43300000000454
KPHL 27R 10.972800000000001 46.02 27R 39.8752321 -75.2229299 9L 39.8686986 -75.2556817 10895 255.44000000000233
KPHL 17 10.972800000000001 46.02 17 39.8876689 -75.2361075 35 39.8710286 -75.2278359 10875 159.1359999999986
KPHL 26 10.972800000000001 46.02 26 39.8817951 -75.2127778 8 39.8783603 -75.230034 11155 252.971000000005
DAAE 26 6.096 40.0 26 36.7135496 5.0832128 08 36.7104232 5.0565917 11050 261.74899999999616
LEGR 09 566.3184 45.0 09 37.1886173 -3.7937062 27 37.1888572 -3.7610064 10930 89.45999999999913
LPSO 21 118.872 30.0 21 39.2191245 -8.0534054 03 39.2043252 -8.061919 11190 204.01600000000326
LPPT 02 113.99520000000001 45.0 02 38.7656841 -9.144297 20 38.796479 -9.1277884 10910 22.639999999999418
LPPT 20 113.99520000000001 45.0 20 38.796479 -9.1277884 02 38.7656841 -9.144297 10950 202.63999999999942
DAON 25 247.4976 53.0 25 35.017445 -1.4439081 07 35.0094345 -1.4706321 10910 249.92900000000373
KEND 17C 398.3736 45.72 17C 36.35553 -97.9146525 35C 36.330248 -97.9146525 10890 180.02999999999884
KEND 35C 398.3736 45.72 35C 36.330248 -97.9146525 17C 36.35553 -97.9146525 11010 0.029999999998835847
KEND 17R 398.3736 45.72 17R 36.349213 -97.923185 35L 36.323931 -97.923185 10850 180.02500000000146
KEND 35L 398.3736 45.72 35L 36.323931 -97.923185 17R 36.349213 -97.923185 11155 0.024999999994179234
KIXD 36 330.708 46.02 36 38.8193616 -94.8915956 18 38.8395089 -94.8915747 11090 0.036999999996623956
ZKWS 15L 1.8288000000000002 60.0 15L 39.1785395 127.4772328 33R 39.1520427 127.4991391 11030 147.45500000000175
OIII 29R 1208.2272 45.11 29R 35.6844758 51.3338019 11L 35.6966129 51.2921405 11070 289.72900000000664
OIII 29L 1208.2272 60.05 29L 35.682365 51.3337221 11R 35.6946592 51.2915778 10990 289.75999999999476
KLHM 15 36.8808 30.48 15 38.917131 -121.3540355 33 38.901194 -121.3486892 10875 165.36099999999715
LEAB 09 701.9544000000001 60.05 09 38.947967 -1.8791559 27 38.9489313 -1.8479924 11070 87.73700000000099
LEAB 27 701.9544000000001 60.05 27 38.9489313 -1.8479924 09 38.947967 -1.8791559 10970 267.7369999999937
LGBL 26 25.2984 45.11 26 39.2213148 22.8101664 08 39.217646 22.7786797 11090 261.4520000000048
GMTT 28 18.8976 45.11 28 35.7298353 -5.901833 10 35.733425 -5.9402988 10930 276.5599999999977
RJTL 19 29.8704 45.72 19 35.809083 140.012 01 35.788806 140.012417 10910 180.0
LPAZ 18 93.8784 60.05 18 36.9857412 -25.1734052 36 36.9585955 -25.1680723 11030 171.07100000000355
RKPS 24R 7.010400000000001 46.0 24R 35.0961833 128.0817111 06L 35.0822083 128.0568917 10810 235.47400000000198
KAAO 18 432.20640000000003 29.87 18 37.7558911 -97.2198601 36 37.7392588 -97.2223713 10955 186.8139999999985
KTNX 14 1690.7256 45.72 14 37.8140596 -116.7887736 32 37.7836499 -116.7726889 10830 157.31700000000274
KTNX 32 1690.7256 45.72 32 37.7836499 -116.7726889 14 37.8140596 -116.7887736 11170 337.31699999999546
LTCV 11 621.1824 45.0 11 37.3706021 42.0429594 29 37.3589299 42.0735014 10835 115.56999999999971
KSGF 14 386.4864 46.0 14 37.2552708 -93.4005212 32 37.2379929 -93.3835238 10970 141.90899999999965
LTAI 36R 51.5112 45.0 36R 36.8809074 30.8072235 18L 36.9113186 30.8113945 10810 6.279999999999973
LTAI 18C 51.5112 45.0 18C 36.9155766 30.7947626 36C 36.8850843 30.7905688 10870 186.25299999999697
LTAI 36C 51.5112 45.0 36C 36.8850843 30.7905688 18C 36.9155766 30.7947626 11030 6.253000000000043
LTCA 25L 891.2352000000001 45.0 25L 38.6009071 39.2982225 07R 38.5943923 39.2646968 11030 256.1100000000006
RKJJ 04R 14.325600000000001 45.0 04R 35.1147528 126.802075 22L 35.1368944 126.817589 11110 29.814000000000306
RKJK 18 8.5344 45.0 18 35.9159369 126.6129855 36 35.8916797 126.6187532 11030 169.09300000000076
RKJK 36 8.5344 45.0 36 35.8916797 126.6187532 18 35.9159369 126.6129855 11030 349.0929999999935
LTAH 31R 1008.888 45.11 31R 38.7144824 30.6183659 13L 38.737253 30.587828 10935 313.73799999999756
LTBS 01 6.096 45.11 01 36.7002083 28.7880853 19 36.7262932 28.7969517 11010 15.289000000000215
KFSM 26 142.9512 45.72 26 35.3375282 -94.3505392 8 35.333603 -94.3814778 11130 261.1689999999944
RKSI 15L 6.096 60.05 15L 37.48395 126.440147 33R 37.4563963 126.4646488 11190 144.78800000000047
RKSI 33R 6.096 60.05 33R 37.4563963 126.4646488 15L 37.48395 126.440147 10890 324.78800000000047
RKSI 15R 6.096 60.05 15R 37.4818 126.436313 33L 37.454237 126.4608203 10910 144.78699999999662
RKSI 33L 6.096 60.05 33L 37.454237 126.4608203 15R 37.4818 126.436313 10930 324.7869999999966
RKSI 16L 6.096 60.05 16L 37.4728275 126.4155423 34R 37.443424 126.4417026 11035 144.77300000000105
RKSI 34R 6.096 60.05 34R 37.443424 126.4417026 16L 37.4728275 126.4155423 10810 324.77300000000105
RKSI 16R 6.096 60.0 16R 37.4688327 126.4134062 34L 37.4412536 126.4379185 10855 144.7739999999976
RKSI 34L 6.096 60.0 34L 37.4412536 126.4379185 16R 37.4688327 126.4134062 10995 324.7740000000049
KGBD 35 575.1576 30.48 35 38.336303 -98.857164 17 38.357858 -98.857361 11190 359.5890000000072
LGAV 03R 93.8784 45.11 03R 37.9237615 23.9434605 21L 37.9525439 23.9708515 11110 36.88999999999942
LGAV 21L 93.8784 45.11 21L 37.9525439 23.9708515 03R 37.9237615 23.9434605 11110 216.88999999999942
LGAV 03L 93.8784 45.11 03L 37.9215018 23.9188974 21R 37.9488464 23.9448947 11050 36.8799999999992
LGAV 21R 93.8784 45.11 21R 37.9488464 23.9448947 03L 37.9215018 23.9188974 11050 216.88000000000466
UTSS 09 678.4848000000001 45.0 09 39.7030417 66.9644306 27 39.7002639 67.00045 10950 95.73799999999756
UTSS 27 678.4848000000001 45.0 27 39.7002639 67.00045 09 39.7030417 66.9644306 11070 275.73799999999756
KPUB 26L 1441.3992 45.72 26L 38.2880428 -104.4734929 8R 38.2871758 -104.5100379 10830 268.2810000000027
RJNA 34 13.716000000000001 45.0 34 35.2445531 136.9313434 16 35.2664209 136.9174206 10890 332.53399999999965
RJOR 10 19.2024 45.72 10 35.5306443 134.1540456 28 35.5294611 134.1760511 11150 93.81300000000192
LEBZ 31 185.0136 65.11 31 38.8837869 -6.8078971 13 38.8987551 -6.8346336 11050 305.74199999999837
KRTS 32 1538.9352000000001 45.72 32 39.661264 -119.867381 14 39.683394 -119.8816 11190 333.68399999999383
KEVV 22 127.1016 45.72 22 38.0532955 -87.5135078 4 38.0359629 -87.5306918 10990 217.99000000000524
KCVG 18R 272.796 45.72 18R 39.070883 -84.6837385 36L 39.048919 -84.6838225 11075 180.1689999999944
KCVG 36L 272.796 45.72 36L 39.048919 -84.6838225 18R 39.070883 -84.6837385 11075 0.16899999999986903
KCVG 18C 272.796 45.72 18C 39.064742 -84.668617 36C 39.034544 -84.668742 11155 180.18399999999383
KCVG 36C 272.796 45.72 36C 39.034544 -84.668742 18C 39.064742 -84.668617 10990 0.18400000000019645
KCVG 18L 272.796 45.72 18L 39.055856 -84.646667 36R 39.0284 -84.646794 11015 180.20699999999488
KCVG 36R 272.796 45.72 36R 39.0284 -84.646794 18L 39.055856 -84.646667 11035 0.20699999999987995
KCVG 27 272.796 45.72 27 39.046261 -84.65285 9 39.046364 -84.6951 10870 270.18799999999464
KHGR 27 214.57920000000001 46.0 27 39.7101639 -77.7138157 9 39.7069833 -77.7384343 11190 260.4759999999951
KMCI 19R 311.5056 45.72 19R 39.3222301 -94.7208078 1L 39.2933423 -94.7293448 10910 192.8880000000063
KMCI 19L 311.5056 46.02 19L 39.3068713 -94.7014866 1R 39.2814709 -94.709005 10955 192.8969999999972
KMCI 27 311.5056 46.02 27 39.288076 -94.693242 9 39.2908662 -94.7266139 10970 276.1670000000013
LTAJ 28 704.6976000000001 48.0 28 36.9446082 37.4946316 10 36.9516549 37.4620286 10910 285.0529999999999
KCOS 17L 1885.7976 45.72 17L 38.8160874 -104.6857343 35R 38.7790201 -104.6857976 10910 180.0769999999975
KCOS 35R 1885.7976 45.72 35R 38.7790201 -104.6857976 17L 38.8160874 -104.6857343 10910 0.07700000000477303
KCOS 35L 1885.7976 45.72 35L 38.793824 -104.7159348 17R 38.8240768 -104.7158964 10990 0.05700000000069849
KSJC 12R 18.8976 46.02 12R 37.3737282 -121.9419867 30L 37.3509918 -121.9170672 11090 138.93499999999767
KSJC 30L 18.8976 46.02 30L 37.3509918 -121.9170672 12R 37.3737282 -121.9419867 11090 318.9349999999977
ZSQD 17 9.7536 45.0 17 36.2808773 120.3698057 35 36.2512136 120.3792328 11015 162.4499999999971
ZSQD 35 9.7536 45.0 35 36.2512136 120.3792328 17 36.2808773 120.3698057 10975 342.4499999999971
KFFO 05L 250.8504 91.44 05L 39.814892 -84.06515 23R 39.837617 -84.031328 10970 48.82900000000154
KFFO 23R 250.8504 91.44 23R 39.837617 -84.031328 05L 39.814892 -84.06515 10970 228.8289999999979
KTYS 23R 298.3992 46.02 23R 35.822852 -83.9828721 5L 35.8033697 -84.0066384 11170 224.70100000000093
KTYS 23L 298.3992 46.02 23L 35.817621 -83.9826115 5R 35.8000762 -84.0040016 11075 224.68700000000536
ZSJN 01 22.86 45.0 01 36.8410754 117.2159984 19 36.8735507 117.2159843 10890 0.0
ZSJN 19 22.86 45.0 19 36.8735507 117.2159843 01 36.8410754 117.2159984 11050 180.0
RJTY 18 140.5128 60.96 18 35.763389 139.345356 36 35.733597 139.351608 10870 170.33699999999953
RJTY 36 140.5128 60.96 36 35.733597 139.351608 18 35.763389 139.345356 10970 350.33699999999953
ZWSH 08 1379.8296 45.0 08 39.5414096 76.0014544 26 39.5434221 76.0385958 10990 85.9910000000018
ZWSH 26 1379.8296 45.0 26 39.5434221 76.0385958 08 39.5414096 76.0014544 11110 265.99099999999453
KIAD 19R 95.0976 45.72 19R 38.9707799 -77.4744614 1L 38.9449683 -77.4748345 11075 180.6429999999964
KIAD 19C 95.0976 45.72 19C 38.9706488 -77.4593404 1C 38.9390703 -77.4598009 11130 180.6469999999972
KIAD 19L 95.0976 45.72 19L 38.9553378 -77.4359884 1R 38.9237564 -77.4364611 11010 180.66700000000128
KIAD 12 95.0976 45.72 12 38.9437762 -77.4904694 30 38.9336124 -77.455917 10930 110.73099999999977
KNGU 10 4.572 60.96 10 36.937465 -76.3036007 28 36.9374659 -76.2749615 10895 89.99900000000343
RJNW 25 218.23680000000002 45.11 25 37.2967401 136.9724783 07 37.2897123 136.9518317 10895 246.67900000000373
LELC 05R 8.5344 45.11 05R 37.7676395 -0.8216034 23L 37.782194 -0.8027713 11050 45.65099999999984
LELC 23L 8.5344 45.11 23L 37.782194 -0.8027713 05R 37.7676395 -0.8216034 10930 225.65099999999802
LGTG 28C 147.2184 45.11 28C 38.3367262 23.5815399 10C 38.3427385 23.5482019 11150 282.9100000000035
LEMG 12 14.630400000000002 45.11 12 36.6910753 -4.507827 30 36.6795648 -4.4805125 11055 117.6820000000007
LEMG 13 14.630400000000002 45.11 13 36.6845573 -4.5126253 31 36.6654027 -4.485814 10950 131.7059999999983
LEMG 31 14.630400000000002 45.11 31 36.6654027 -4.485814 13 36.6845573 -4.5126253 10990 311.7060000000056
KRNO 17R 1345.692 46.02 17R 39.5138583 -119.7692291 35L 39.4836509 -119.7693123 11090 180.1140000000014
KRNO 35L 1345.692 46.02 35L 39.4836509 -119.7693123 17R 39.5138583 -119.7692291 10990 0.11400000000139698
UTST 25 312.7248 42.06 25 37.2902506 67.3246292 07 37.2828752 67.2920774 11030 254.1030000000028
LICA 28 11.8872 45.0 28 38.9029855 16.2629399 10 38.9070045 16.2284822 11030 278.5399999999936
KLSV 21L 569.976 45.72 21L 36.2456121 -115.0217586 3R 36.2248712 -115.0442374 10910 221.16700000000128
KSPI 22 181.96560000000002 45.72 22 39.853316 -89.667514 4 39.836897 -89.686442 11170 221.5170000000071
KSPI 31 181.96560000000002 45.72 31 39.838023 -89.667586 13 39.850137 -89.688738 11015 306.7259999999951
KALN 29 165.2016 45.72 29 38.8864176 -90.028813 11 38.8952544 -90.0549997 10850 293.4539999999979
RKPU 36 12.4968 45.0 36 35.5844675 129.3524878 18 35.6024254 129.3510018 11030 356.11300000000006
KCMH 10R 247.4976 45.72 10R 39.9936607 -82.9091892 28L 39.9916196 -82.8731464 11175 94.23999999999796
KCMH 28L 247.4976 45.72 28L 39.9916196 -82.8731464 10R 39.9936607 -82.9091892 11175 274.24000000000524
KCMH 10L 247.4976 45.72 10L 40.0032092 -82.9076478 28R 40.0016032 -82.8791656 10910 94.23300000000017
KCMH 28R 247.4976 45.72 28R 40.0016032 -82.8791656 10L 40.0032092 -82.9076478 10910 274.2329999999929
LTCP 04 673.9128000000001 45.11 04 37.7239941 38.4582614 22 37.738632 38.4797115 11050 49.245999999999185
LTAN 01L 1029.6144000000002 45.0 01L 37.9645378 32.5539642 19R 37.9945239 32.5653561 10890 16.652000000000044
LTAY 23 851.6112 45.11 23 37.792525 29.7158919 05 37.7786244 29.686703 11070 238.82700000000477
RKSO 09R 12.192 45.72 09R 37.089339 127.014242 27L 37.091894 127.044944 11110 84.0480000000025
RKSO 27L 12.192 45.72 27L 37.091894 127.044944 09R 37.089339 127.014242 11110 264.0479999999952
RKSO 09L 12.192 50.0 09L 37.0912792 127.0140217 27R 37.0938325 127.044708 11130 84.0460000000021
RKSO 27R 12.192 50.0 27R 37.0938325 127.044708 09L 37.0912792 127.0140217 11130 264.0460000000021
KPBX 27 448.97040000000004 30.48 27 37.5610848 -82.5608276 9 37.5603169 -82.5792831 10970 266.91599999999744
ZLIC 03 1141.1712 45.0 03 38.3070597 106.3821711 21 38.3353103 106.4023849 10930 29.39600000000064
ZLIC 21 1141.1712 45.0 21 38.3353103 106.4023849 03 38.3070597 106.3821711 10850 209.39599999999336
UTSB 01 228.60000000000002 44.81 01 39.76201 64.4791805 19 39.788542 64.485336 11030 10.143000000000029
UTDK 01 698.6016000000001 45.0 01 37.9749176 69.8016703 19 38.0010078 69.8111036 10810 15.940999999999804
ORSU 13 760.1712 45.11 13 35.5715943 45.3005423 31 35.5501192 45.3288093 11110 133.04099999999744
ORSU 31 760.1712 45.11 31 35.5501192 45.3288093 13 35.5715943 45.3005423 11170 313.04099999999744
KLEX 22 298.3992 45.72 22 38.0420867 -84.5989665 4 38.0276828 -84.6151174 11175 221.4539999999979
RJAH 03R 31.6992 45.0 03R 36.1697412 140.4104478 21L 36.1925888 140.4206332 10930 19.64600000000064
OIGG 27 -12.192 45.11 27 37.3246887 49.6219773 09 37.3263885 49.589144 10990 273.84799999999814
KBFL 30R 153.924 46.02 30R 35.4251521 -119.045674 12L 35.4463472 -119.0712753 11190 315.4459999999963
KRUQ 20 235.3056 30.48 20 35.6531483 -80.5177308 2 35.6386424 -80.5228422 10995 195.9250000000029
LICB 05 229.81920000000002 45.0 05 36.9878156 14.5968623 23 37.0024634 14.6187623 10895 50.06000000000131
KMYV 14 18.8976 46.0 14 39.104906 -121.574589 32 39.089753 -121.566242 11050 156.85899999999674
RKSM 20 27.736800000000002 45.72 20 37.4587778 127.1152778 02 37.4323889 127.1105833 11090 188.0399999999936
OSAP 27 388.62 45.11 27 36.1791101 37.2404036 09 36.1821599 37.2083 11010 276.7259999999951
KMVN 23 145.9992 45.72 23 38.329272 -88.849386 5 38.317817 -88.866756 11170 229.9539999999979
LTCS 04 825.3984 45.0 04 37.4346649 38.8832861 22 37.4615072 38.9135297 11190 41.82500000000073
KDDC 14 791.2608 30.48 14 37.7731572 -99.9720398 32 37.7561621 -99.9615017 11170 153.93099999999686
KHSP 25 1155.8016 30.0 25 37.9554461 -79.8255822 7 37.9474789 -79.8422132 10870 238.72299999999814
LTCR 03 526.9992 45.0 03 37.2144033 40.6232013 21 37.2323394 40.6403132 10890 37.21600000000035
KSGU 19 878.1288000000001 46.02 19 37.0481433 -113.5040991 1 37.0246307 -113.5165431 11090 210.20200000000477
LTAZ 11 941.2224 45.0 11 38.7780437 34.5192025 29 38.7656726 34.5498895 11070 117.33200000000215
LTCE 08L 1756.5624 45.11 08L 39.9567921 41.1478201 26R 39.9579549 41.1925253 11070 88.07200000000012
LTCE 26R 1756.5624 45.11 26R 39.9579549 41.1925253 08L 39.9567921 41.1478201 11050 268.0720000000001
LMML 13 89.61120000000001 60.05 13 35.8564265 14.4788413 31 35.835127 14.505204 10970 134.87999999999738
LMML 31 89.61120000000001 60.05 31 35.835127 14.505204 13 35.8564265 14.4788413 11050 314.88000000000466
KZZV 22 272.796 45.72 22 39.9504559 -81.8859387 4 39.939054 -81.8958656 10995 213.72500000000582
LEZL 09 31.6992 45.0 09 37.4178703 -5.9120805 27 37.4180076 -5.8739898 11110 89.76900000000023
LEZL 27 31.6992 45.0 27 37.4180076 -5.8739898 09 37.4178703 -5.9120805 11010 269.76900000000023
LICC 08 11.8872 45.11 08 37.465642 15.0527264 26 37.4679439 15.0801043 10990 83.95400000000154
KIAB 19R 417.8808 45.72 19R 37.6394264 -97.2645548 1L 37.6072812 -97.2734946 10990 192.43099999999686
LICT 31L 6.4008 44.0 31L 37.9039652 12.5001127 13R 37.9188259 12.4757998 11095 307.7630000000063
KECG 10 3.6576000000000004 45.72 10 36.261347 -76.184197 28 36.260514 -76.159736 11135 92.42700000000332
KGWW 23 40.5384 30.48 23 35.4664532 -77.9591424 5 35.4546689 -77.9707072 11190 218.61999999999534
RJOO 32L 14.325600000000001 60.0 32L 34.772184 135.4518871 14R 34.7913262 135.428682 11010 315.14599999999336
KPAM 14L 5.486400000000001 60.96 14L 30.0800455 -85.5844093 32R 30.0607735 -85.5618429 11150 134.6160000000018
KPAM 32R 5.486400000000001 60.96 32R 30.0607735 -85.5618429 14L 30.0800455 -85.5844093 11010 314.61599999999453
OJAI 08L 729.996 60.96 08L 31.726744 35.969564 26R 31.732231 36.007514 10930 80.36899999999878
OJAI 26R 729.996 60.96 26R 31.732231 36.007514 08L 31.726744 35.969564 11110 260.36900000000605
OJAI 26L 729.996 60.96 26L 31.7198762 36.0185435 08R 31.714362 35.9804624 11090 260.36699999999837
KHDC 18 13.411200000000001 45.72 18 30.528597 -90.419222 36 30.514844 -90.419089 11150 179.53100000000268
KVBG 12 112.47120000000001 60.96 12 34.7522915 -120.601473 30 34.7223646 -120.5671132 11010 136.66799999999785
KVBG 30 112.47120000000001 60.96 30 34.7223646 -120.5671132 12 34.7522915 -120.601473 11010 316.6680000000051
KTXK 22 118.5672 45.72 22 33.4590862 -93.9860595 4 33.4462518 -94.0013564 11190 224.8420000000042
KHQU 10 151.7904 30.48 10 33.530102 -82.5260472 28 33.5293991 -82.5079228 11075 92.68299999999726
KTBR 32 56.997600000000006 30.48 32 32.4739292 -81.7297474 14 32.4856058 -81.7434847 11150 315.1929999999993
KCAE 11 71.3232 45.72 11 33.944147 -81.137753 29 33.938164 -81.110322 11030 104.7390000000014
KCAE 29 71.3232 45.72 29 33.938164 -81.110322 11 33.944147 -81.137753 10830 284.7390000000014
RKJB 01 15.24 45.0 01 34.9787769 126.3829022 19 35.0039745 126.382725 11190 359.674
RKJB 19 15.24 45.0 19 35.0039745 126.382725 01 34.9787769 126.3829022 10890 179.67399999999907
KMCB 16 125.8824 30.48 16 31.1846917 -90.4751705 34 31.1721753 -90.4685682 10910 155.7479999999996
KSHV 14 77.4192 60.96 14 32.4538507 -93.8349054 32 32.4355965 -93.8184939 11070 142.84700000000157
KSHV 32 77.4192 60.96 32 32.4355965 -93.8184939 14 32.4538507 -93.8349054 11030 322.8469999999943
LCLK 22 0.9144000000000001 45.11 22 34.8831891 33.635502 04 34.8642363 33.6123246 11030 225.07399999999325
KNEW 18R 1.8288000000000002 45.72 18R 30.0528192 -90.0299299 36L 30.0339002 -90.0296467 11130 179.27700000000186
KBGE 27 42.976800000000004 45.72 27 30.9728938 -84.6257174 9 30.9728175 -84.643301 11135 269.7079999999987
KELD 22 83.82000000000001 45.72 22 33.2265617 -92.8032523 4 33.2139383 -92.8187686 11110 225.79899999999907
KLIT 22R 79.8576 45.72 22R 34.7381523 -92.218054 4L 34.7225103 -92.238026 11030 226.38499999999476
KLIT 22L 79.8576 45.72 22L 34.7349793 -92.201304 4R 34.7193988 -92.2212077 11070 228.34799999999814
KIWA 30C 421.8432 46.02 30C 33.2975899 -111.6425665 12C 33.3176158 -111.6659445 11015 315.7140000000072
KRBW 23 30.7848 30.48 23 32.927578 -80.631731 5 32.9157166 -80.6453389 11015 223.92200000000594
HLLB 33L 131.9784 45.11 33L 32.0819846 20.2776743 15R 32.1101561 20.2586784 11030 330.2749999999942
KABI 35R 545.8968 45.72 35R 32.3887404 -99.6746739 17L 32.4085253 -99.6747607 11030 359.76200000000244
KTOA 29R 31.3944 45.72 29R 33.7995124 -118.3327768 11L 33.8080594 -118.3456668 11190 308.5890000000072
OAKB 29 1790.7 45.0 29 34.5611431 69.230639 11 34.5705298 69.1941201 11050 287.346000000005
KDHN 14 121.0056 45.72 14 31.330592 -85.461647 32 31.3140715 -85.4423848 11075 135.09500000000116
KDHN 32 121.0056 45.72 32 31.3140715 -85.4423848 14 31.330592 -85.461647 10830 315.09500000000116
ZSSS 18L 2.4384 45.0 18L 31.2132126 121.335457 36R 31.1825867 121.3371209 11130 177.3530000000028
ZSSS 36R 2.4384 45.0 36R 31.1825867 121.3371209 18L 31.2132126 121.335457 11030 357.35300000000007
ZSSS 18R 2.4384 60.0 18R 31.213105 121.3316245 36L 31.1832899 121.3332465 11090 177.3509999999951
ZSSS 36L 2.4384 60.0 36L 31.1832899 121.3332465 18R 31.213105 121.3316245 11170 357.3510000000001
KCCO 33 295.656 36.58 33 33.3058302 -84.7639088 15 33.3173345 -84.7756105 11075 319.5969999999943
KMOB 15 66.7512 45.72 15 30.702289 -88.253986 33 30.683329 -88.238166 10990 144.34300000000076
KMOB 33 66.7512 45.72 33 30.683329 -88.238166 15 30.702289 -88.253986 11150 324.3429999999935
KSPS 33L 310.5912 91.44 33L 33.970362 -98.4834907 15R 34.0037607 -98.4994774 10970 338.34500000000116
KSPS 15C 310.5912 45.72 15C 34.0062527 -98.4971352 33C 33.9807533 -98.4849257 11050 158.34599999999773
HLLT 27 80.1624 44.2 27 32.6637139 13.1672959 09 32.66315 13.1288959 10950 269.00100000000384
KWDR 31 287.1216 30.48 31 33.979214 -83.659397 13 33.988656 -83.673569 11150 311.6429999999964
OLBA 03 25.2984 42.0 03 33.7980513 35.4807831 21 33.8268997 35.5030547 11070 32.745999999999185
OLBA 16 25.2984 43.0 16 33.8400567 35.4788745 34 33.8105389 35.4871154 11010 167.01000000000204
OLBA 17 25.2984 45.0 17 33.8383314 35.4869451 35 33.809293 35.4888316 10950 176.94000000000233
RJOM 14 3.9624 45.0 14 33.8345806 132.6893666 32 33.8199332 132.7098804 10930 130.6840000000011
OERR 28 553.8216 45.72 28 30.9031195 41.1536784 10 30.9101161 41.1228082 11110 284.81200000000536
KGWO 18 49.3776 46.0 18 33.4991376 -90.0880548 36 33.4812657 -90.0885848 11130 181.4189999999944
KELP 22 1206.7032000000002 45.72 22 31.822833 -106.370167 4 31.8015 -106.399833 11150 229.86699999999837
KPUJ 31 392.8872 30.48 31 33.9074291 -84.933431 13 33.9166254 -84.9478467 10915 307.57600000000093
OIFM 25R 1541.9832000000001 45.11 25R 32.7570191 51.8837255 07L 32.7487381 51.8378415 10990 257.9030000000057
KBHM 24 195.9864 46.02 24 33.5734673 -86.7391253 6 33.5547822 -86.7715777 10950 235.35899999999674
OPIS 28R 536.7528 45.0 28R 33.5469689 72.8452757 10L 33.5530094 72.8064742 11070 280.653999999995
OPIS 10R 536.7528 60.0 10R 33.551157 72.8060885 28L 33.5451167 72.8448893 11130 100.58000000000175
OPIS 28L 536.7528 60.0 28L 33.5451167 72.8448893 10R 33.551157 72.8060885 10810 280.65499999999884
RJOI 02 2.7432000000000003 60.05 02 34.1340901 132.244862 20 34.1557705 132.2490611 11015 9.128999999999905
GMMN 35R 199.0344 45.0 35R 33.3518216 -7.5825148 17L 33.3839855 -7.5935388 10990 344.0359999999928
GMMN 17R 199.0344 45.0 17R 33.383037 -7.5974292 35L 33.350873 -7.5864078 10830 164.04200000000128
GMMN 35L 199.0344 45.0 35L 33.350873 -7.5864078 17R 33.383037 -7.5974292 11070 344.0420000000013
KPNS 17 36.8808 45.72 17 30.4829127 -87.1906647 35 30.4641529 -87.1856585 11110 167.05799999999726
KTLH 27 24.6888 45.72 27 30.3915149 -84.331103 9 30.3913144 -84.3565414 11190 269.4829999999929
KTLH 36 24.6888 45.72 36 30.3932878 -84.3587799 18 30.4124879 -84.3589776 11030 359.4870000000001
KJFX 27 146.304 30.48 27 33.9017625 -87.3055973 9 33.9022092 -87.322079 10890 271.86599999999453
KDFW 17C 184.0992 45.0 17C 32.9157029 -97.0259898 35C 32.878882 -97.0261808 11030 180.25800000000163
KDFW 35C 184.0992 45.0 35C 32.878882 -97.0261808 17C 32.9157029 -97.0259898 11030 0.2580000000016298
KDFW 17L 184.0992 45.0 17L 32.8983273 -97.0097951 35R 32.8749571 -97.0099176 11175 180.26900000000023
KDFW 35R 184.0992 45.0 35R 32.8749571 -97.0099176 17L 32.8983273 -97.0097951 11175 0.26900000000023283
KDFW 18R 184.0992 45.0 18R 32.9158054 -97.0546535 36L 32.8789834 -97.0548412 11190 180.24700000000303
KDFW 36L 184.0992 45.0 36L 32.8789834 -97.0548412 18R 32.9158054 -97.0546535 11190 0.2470000000030268
KDFW 17R 184.0992 60.0 17R 32.9157227 -97.0298954 35L 32.8789017 -97.0300887 11135 180.25800000000163
KDFW 35L 184.0992 60.0 35L 32.8789017 -97.0300887 17R 32.9157227 -97.0298954 11135 0.2580000000016298
KDFW 18L 184.0992 60.0 18L 32.9157907 -97.0507477 36R 32.8789674 -97.0509371 11055 180.24700000000303
KDFW 36R 184.0992 60.0 36R 32.8789674 -97.0509371 18L 32.9157907 -97.0507477 11055 0.2470000000030268
KDFW 13R 184.0992 45.0 13R 32.9095733 -97.0831456 31L 32.8902703 -97.0632754 10950 139.1929999999993
KDFW 31R 184.0992 60.0 31R 32.8949786 -97.0008545 13L 32.9125571 -97.0215008 11090 315.4149999999936
KAUS 18R 164.8968 46.02 18R 30.213614 -97.679364 36L 30.179947 -97.678475 11095 178.6929999999993
KAUS 36L 164.8968 46.02 36L 30.179947 -97.678475 18R 30.213614 -97.679364 11095 358.6929999999993
KAUS 18L 164.8968 46.02 18L 30.203831 -97.657892 36R 30.179092 -97.657244 11050 178.70500000000175
KAUS 36R 164.8968 46.02 36R 30.179092 -97.657244 18L 30.203831 -97.657892 11050 358.70500000000175
VIAR 34 229.51440000000002 45.11 34 31.6960189 74.8038366 16 31.7265102 74.7891293 10950 337.6640000000043
KFFC 31 245.9736 30.48 31 33.352824 -84.5651119 13 33.362618 -84.5799717 11195 308.275999999998
KPBF 18 62.7888 45.72 18 34.1827544 -91.9356484 36 34.1662734 -91.9355814 11170 179.8000000000029
KRYY 27 316.992 30.48 27 34.0133418 -84.5866481 9 34.0129726 -84.6074143 11190 268.75900000000547
HLLQ 28 657.4536 49.07 28 32.7872368 21.9716138 10 32.7943327 21.9340379 10950 282.67399999999907
OPQT 13L 1605.3816000000002 45.72 13L 30.2641053 66.9255951 31R 30.240192 66.951772 10870 136.59999999999854
GMMX 10 469.6968 45.11 10 31.6083333 -8.0525139 28 31.6054689 -8.0200152 10970 95.9320000000007
KRBD 31 201.168 45.72 31 32.6747731 -96.8616586 13 32.6886579 -96.8780092 11075 315.2179999999935
HESX 34L 166.72560000000001 60.0 34L 30.092222 30.9003904 16R 30.124151 30.8910749 11150 345.81600000000617
GMMZ 30 1152.7536 45.0 30 30.9329534 -6.8954585 12 30.9451861 -6.9234942 11030 296.96600000000035
KNSI 30 154.2288 60.96 30 33.2307272 -119.4465047 12 33.2490897 -119.4702446 10970 312.7390000000014
KPOC 26L 308.1528 22.86 26L 34.090969 -117.774544 8R 34.091711 -117.7905 11050 273.2149999999965
KNKX 24R 145.6944 60.96 24R 32.872861 -117.126997 6L 32.864553 -117.164814 11115 255.35400000000664
OEGT 28 513.2832000000001 50.0 28 31.4081861 37.2949083 10 31.4159833 37.2641361 11090 286.5439999999944
KILM 24 9.7536 45.72 24 34.2765295 -77.8904785 6 34.2618887 -77.9103112 11155 228.23399999999674
KILM 35 9.7536 45.72 35 34.2632126 -77.9009241 17 34.2831393 -77.9100303 11030 339.31299999999464
KTVR 36 25.6032 30.48 36 32.3447323 -91.0275668 18 32.3584799 -91.0278106 10970 359.1389999999956
KONT 26L 287.1216 46.02 26L 34.0549813 -117.5825644 8R 34.0549606 -117.6162417 11135 269.9869999999937
KONT 26R 287.1216 46.02 26R 34.056906 -117.5825744 8L 34.0568826 -117.6228456 10970 269.97900000000664
KCBM 13C 66.7512 64.01 13C 33.6553058 -88.458338 31C 33.6319778 -88.430466 10930 135.13999999999942
KCBM 31C 66.7512 64.01 31C 33.6319778 -88.430466 13C 33.6553058 -88.458338 10870 315.1399999999994
KAYS 19 43.281600000000005 42.67 19 31.2554146 -82.3983852 1 31.2389801 -82.3981336 10830 179.24800000000687
KCNO 26R 197.8152 45.72 26R 33.9758464 -117.630733 8L 33.9757096 -117.646755 11150 269.4060000000027
KACJ 23 143.5608 30.48 23 32.1158719 -84.1815875 5 32.1043716 -84.1955054 11050 225.71400000000722
OJAM 24 778.764 45.0 24 31.979171 36.0072352 06 31.9662715 35.9759668 10950 244.07000000000698
KGAD 24 173.12640000000002 45.72 24 33.9749546 -86.0814965 6 33.9658174 -86.1010926 10835 240.6429999999964
OPPS 35 352.95840000000004 46.02 35 33.9813945 71.5156373 17 34.0060717 71.5135208 10830 355.9320000000007
RJOK 32 12.4968 45.11 32 33.538703 133.679631 14 33.553344 133.659161 11090 310.6429999999964
KROW 21 1118.616 45.72 21 33.311323 -104.5067827 3 33.2861209 -104.5369293 10990 225.00299999999697
KGTR 18 80.4672 45.72 18 33.4592887 -88.5912944 36 33.4373373 -88.5915095 11070 180.471000000005
KGTR 36 80.4672 45.72 36 33.4373373 -88.5915095 18 33.4592887 -88.5912944 11115 0.47100000000000364
RJGG 18 4.572 60.0 18 34.8738918 136.801675 36 34.842942 136.8091139 10970 168.84500000000116
RJGG 36 4.572 60.0 36 34.842942 136.8091139 18 34.8738918 136.801675 11190 348.84500000000116
KNYL 21R 64.61760000000001 60.96 21R 32.663033 -114.5993 3L 32.636792 -114.629381 10830 223.98399999999674
RJFT 07 195.6816 45.72 07 32.831514 130.840581 25 32.843122 130.869522 10930 64.4890000000014
ZUUU 02R 512.3688000000001 60.0 02R 30.5195255 103.9366794 20L 30.5495958 103.9506774 10870 21.838999999999942
ZUUU 20L 512.3688000000001 60.0 20L 30.5495958 103.9506774 02R 30.5195255 103.9366794 10970 201.83900000000722
ZUUU 02L 512.3688000000001 45.0 02L 30.5634898 103.9400053 20R 30.5935622 103.9540038 11110 21.84900000000016
ZUUU 20R 512.3688000000001 45.0 20R 30.5935622 103.9540038 02L 30.5634898 103.9400053 10910 201.84900000000198
KLZU 25 323.3928 30.48 25 33.9817452 -83.9534983 7 33.9744355 -83.9712504 10995 243.6009999999951
OIYY 31 1235.6592 44.0 31 31.8922539 54.2923331 13 31.9174751 54.2606719 10890 313.1490000000049
KCRQ 24 100.8888 45.72 24 33.1295232 -117.2722025 6 33.1269806 -117.2879522 10870 259.08699999999953
KSMX 12 79.5528 46.05 12 34.908242 -120.4642918 30 34.8925543 -120.4455643 10890 135.54000000000087
KJAN 16L 105.4608 45.72 16L 32.328194 -90.0777111 34R 32.3065333 -90.0673972 11050 158.08299999999872
KJAN 34L 105.4608 45.72 34L 32.2941611 -90.074075 16R 32.3158223 -90.0843889 10930 338.0810000000056
KDNN 14 216.10320000000002 30.48 14 34.72846 -84.876501 32 34.7173664 -84.8641182 11090 137.59399999999732
KTKI 18 178.61280000000002 45.72 18 33.1867084 -96.58837 36 33.1674453 -96.589211 10935 182.1050000000032
KJAX 26 8.8392 46.02 26 30.5053784 -81.6700283 8 30.4962206 -81.6999689 11030 250.4649999999965
KJAX 14 8.8392 46.02 14 30.4921677 -81.7008396 32 30.4784054 -81.6822604 11050 130.6860000000015
VISR 31 1654.7592000000002 46.0 31 33.9751827 74.7877257 13 33.9990723 74.7599814 10830 316.06299999999464
KAFW 16L 220.37040000000002 45.72 16L 33.0054641 -97.3215107 34R 32.9756399 -97.3154452 11015 170.2609999999986
KAFW 34R 220.37040000000002 45.72 34R 32.9756399 -97.3154452 16L 33.0054641 -97.3215107 11015 350.2609999999986
KAGS 17 44.196000000000005 45.72 17 33.3824476 -81.9708429 35 33.3608531 -81.9654827 11175 168.26900000000023
KAGS 35 44.196000000000005 45.72 35 33.3608531 -81.9654827 17 33.3824476 -81.9708429 11050 348.26900000000023
KHMN 16 1246.9368000000002 45.72 16 32.8666118 -106.1076996 34 32.8340116 -106.0993612 10890 167.87900000000081
KHMN 22 1246.9368000000002 45.72 22 32.8663363 -106.1071342 4 32.8468033 -106.1326412 11170 227.68099999999686
KMSL 30 166.72560000000001 45.72 30 34.7415041 -87.5966744 12 34.7490252 -87.6170074 10970 294.2069999999949
KCRG 32 12.4968 30.0 32 30.3359921 -81.5099786 14 30.3437858 -81.5189544 11170 315.17399999999907
ZSLG 03 5.486400000000001 45.0 03 34.401687 119.1716709 21 34.4244911 119.1853803 10955 26.441000000000713
ZSLG 21 5.486400000000001 45.0 21 34.4244911 119.1853803 03 34.401687 119.1716709 10955 206.44100000000617
HEBA 32R 52.1208 45.11 32R 30.9059195 29.7066087 14L 30.9303787 29.6851225 11130 322.997000000003
HEAZ 36 90.83040000000001 45.11 36 30.08345 31.359616 18 30.101939 31.3599483 10930 0.9529999999940628
HLGD 36 0.0 45.11 36 31.0435284 16.5942682 18 31.0760449 16.5937951 10990 359.320000000007
KGSP 22 291.9984 45.72 22 34.9084566 -82.2090819 4 34.8828926 -82.2286301 11070 212.10499999999593
RJFU 32 4.572 60.0 32 32.9069326 129.9241584 14 32.927005 129.9027203 11090 318.1359999999986
OETR 28 856.1832 45.11 28 31.6909995 38.7474702 10 31.6982915 38.7164576 10830 285.4759999999951
GMFO 13 467.86800000000005 45.11 13 34.8098554 -1.9522127 31 34.7921575 -1.9274297 10810 131.03800000000047
GMFO 06 467.86800000000005 45.11 06 34.7799334 -1.937841 24 34.7943703 -1.910122 11010 57.626000000000204
KBAD 15 50.292 60.66 15 32.5161182 -93.6717503 33 32.4877467 -93.6535194 10890 151.54699999999866
KBAD 33 50.292 60.66 33 32.4877467 -93.6535194 15 32.5161182 -93.6717503 10990 331.54700000000594
KBTR 22R 20.1168 45.72 22R 30.5395212 -91.1410051 4L 30.5245443 -91.1574115 10870 223.3350000000064
KBTR 13 20.1168 45.72 13 30.5407245 -91.1608863 31 30.5274705 -91.1447349 11030 133.6180000000022
KCRE 23 9.4488 29.87 23 33.817465 -78.7168273 5 33.8060375 -78.731051 11170 225.9429999999993
KDYS 16 545.2872 91.44 16 32.4389645 -99.8588261 34 32.402627 -99.8503804 10990 168.90400000000227
KDYS 34 545.2872 91.44 34 32.402627 -99.8503804 16 32.4389645 -99.8588261 10990 348.903999999995
ZSWX 03 4.8768 50.0 03 31.4838663 120.4247464 21 31.5109314 120.4364009 10990 20.15099999999984
ZSWX 21 4.8768 50.0 21 31.5109314 120.4364009 03 31.4838663 120.4247464 10890 200.15099999999802
KDMA 12 824.1792 60.96 12 32.1801758 -110.898106 30 32.1525436 -110.8682334 10930 137.54699999999866
KDMA 30 824.1792 60.96 30 32.1525436 -110.8682334 12 32.1801758 -110.898106 10930 317.54700000000594
VIDN 08 558.0888 45.0 08 30.1884499 78.1710481 26 30.191908 78.1929115 10890 79.58799999999974
KVQQ 36R 24.6888 60.96 36R 30.200644 -81.8737953 18L 30.235022 -81.8741078 10950 359.56399999999985
KFTW 16 215.79840000000002 45.72 16 32.830178 -97.3624849 34 32.809767 -97.3590459 10990 171.94200000000274
KFTW 34 215.79840000000002 45.72 34 32.809767 -97.3590459 16 32.830178 -97.3624849 10990 351.94199999999546
KSNA 20R 17.0688 45.72 20R 33.6816573 -117.8650825 2L 33.6678144 -117.8738545 11175 207.80299999999988
KMDQ 18 229.51440000000002 30.48 18 34.8682806 -86.5573381 36 34.850425 -86.5576901 10975 180.9210000000021
KAEX 14 26.5176 45.72 14 31.337878 -92.559228 32 31.317086 -92.5416129 11010 144.10899999999674
DAUO 13 61.8744 45.0 13 33.5273635 6.7619606 31 33.5100677 6.7867824 10830 129.88900000000285
KESF 27 33.8328 45.72 27 31.3942263 -92.2867831 9 31.3944761 -92.306 11150 270.877999999997
MMTJ 09 147.828 45.11 09 32.5431169 -116.9855492 27 32.5389961 -116.954369 11150 98.9330000000009
RJFR 18 6.096 79.25 18 33.856647 131.0327309 36 33.8344701 131.0373343 10915 170.35399999999936
KRIV 32 467.86800000000005 60.96 32 33.8649968 -117.2482663 14 33.8964309 -117.2706243 11010 329.44899999999325
KLBB 17R 1000.3536 45.72 17R 33.68236 -101.829036 35L 33.650762 -101.828817 11170 179.6690000000017
KLBB 26 1000.3536 45.72 26 33.662356 -101.796603 8 33.662228 -101.822899 11190 269.6729999999952
DAOR 18 811.0728 45.11 18 31.6588419 -2.2612194 36 31.6320654 -2.2611803 10810 179.98500000000058
ORMM 32 3.3528000000000002 45.11 32 30.5354681 47.6764225 14 30.5620563 47.6484949 11170 317.86599999999453
DAUK 01 84.73440000000001 45.11 01 33.060062 6.0872799 19 33.0867327 6.0920058 10870 8.498000000000047
ZSYA 17 4.8768 45.11 17 32.5809529 119.7149189 35 32.5528272 119.7226518 11070 166.8989999999976
ZSYA 35 4.8768 45.11 35 32.5528272 119.7226518 17 32.5809529 119.7149189 11010 346.8990000000049
KJVW 12 74.9808 30.48 12 32.3086917 -90.4179527 30 32.3003373 -90.4031155 10855 123.63199999999779
KPIB 18 90.52560000000001 45.72 18 31.476084 -89.3370685 36 31.45821 -89.3370465 10950 179.9389999999985
KLAX 24R 38.1 46.02 24R 33.9521084 -118.4020177 6L 33.9491219 -118.4311778 10850 262.97000000000116
KLAX 24L 38.1 46.02 24L 33.9504647 -118.3991176 6R 33.9468264 -118.4346837 11170 262.9750000000058
KLAX 25R 38.1 46.02 25R 33.9398827 -118.379835 7L 33.9355612 -118.422074 11110 262.9799999999959
KLAX 25L 38.1 60.96 25L 33.9373695 -118.3827247 7R 33.9336541 -118.4190394 10990 262.98099999999977
GMFK 31 1044.8544 45.11 31 31.9398933 -4.3867861 13 31.9564873 -4.4145248 10930 305.16999999999825
RJFS 29 1.2192 45.0 29 33.1482762 130.3127473 11 33.1511613 130.2915886 11015 279.2939999999944
RJFF 16 9.7536 60.05 16 33.5969151 130.443187 34 33.5749815 130.4581709 11170 150.3550000000032
RJFF 34 9.7536 60.05 34 33.5749815 130.4581709 16 33.5969151 130.443187 10890 330.3549999999959
KNBC 23 11.277600000000001 67.06 23 32.495536 -80.704058 5 32.470556 -80.730461 11155 221.7329999999929
DAUH 36 140.8176 45.11 36 31.6593141 6.1392088 18 31.6863967 6.141558 10910 4.008000000000038
HECA 05R 114.30000000000001 60.05 05R 30.0971609 31.4190703 23L 30.1207964 31.4504766 10890 49.0619999999999
HECA 23L 114.30000000000001 60.05 23L 30.1207964 31.4504766 05R 30.0971609 31.4190703 10870 229.06200000000536
HECA 05C 114.30000000000001 60.05 05C 30.0997395 31.3982525 23C 30.1233225 31.4296479 10990 49.048000000000684
HECA 23C 114.30000000000001 60.05 23C 30.1233225 31.4296479 05C 30.0997395 31.3982525 10950 229.04799999999523
HECA 05L 114.30000000000001 60.05 05L 30.1197422 31.3802521 23R 30.1390684 31.4062154 11090 49.29999999999927
HECA 23R 114.30000000000001 60.05 23R 30.1390684 31.4062154 05L 30.1197422 31.3802521 11030 229.3000000000029
ZHXF 01 71.628 45.0 01 32.1398689 112.2886483 19 32.1629566 112.2933787 10935 9.884000000000015
ZHXF 19 71.628 45.0 19 32.1629566 112.2933787 01 32.1398689 112.2886483 11055 189.88400000000547
KVPS 30 25.2984 45.72 30 30.4724438 -86.5190902 12 30.4887982 -86.5522178 10910 299.8099999999977
KVPS 20 25.2984 45.72 20 30.4997978 -86.5111911 2 30.4729078 -86.5178936 10910 192.1380000000063
KARA 35 6.7056000000000004 60.96 35 30.0270366 -91.8811644 17 30.0484714 -91.8866222 10890 347.5709999999963
KMGM 10 67.3608 46.02 10 32.3024 -86.409978 28 32.299806 -86.380978 10990 96.05000000000291
KMGM 28 67.3608 46.02 28 32.299806 -86.380978 10 32.3024 -86.409978 10850 276.0500000000029
KADM 31 232.25760000000002 47.6 31 34.2971244 -97.0083281 13 34.3147778 -97.0292783 10890 315.5500000000029
ZHYC 14 204.5208 45.0 14 30.5644844 111.4702253 32 30.5447146 111.4945078 11050 133.3839999999982
ZHYC 32 204.5208 45.0 32 30.5447146 111.4945078 14 30.5644844 111.4702253 10895 313.38400000000547
KAHN 27 247.4976 30.48 27 33.9494056 -83.3180333 9 33.9489128 -83.3382192 11095 268.32300000000396
ZSNJ 06 14.630400000000002 45.0 06 31.7335725 118.8458783 24 31.7508044 118.8780804 11030 57.88000000000102
ZSNJ 24 14.630400000000002 45.0 24 31.7508044 118.8780804 06 31.7335725 118.8458783 11090 237.88000000000466
ZSNJ 07 14.630400000000002 60.0 07 31.7134871 118.8480613 25 31.730719 118.8803142 10870 57.891999999999825
ZSNJ 25 14.630400000000002 60.0 25 31.730719 118.8803142 07 31.7134871 118.8480613 11130 237.8920000000071
KGGG 13 111.25200000000001 45.72 13 32.392544 -94.720122 31 32.373528 -94.696739 10950 133.9230000000025
KNMM 19L 96.3168 60.96 19L 32.5813759 -88.5483561 1R 32.5596983 -88.5524211 10970 189.01499999999942
RJFG 31 234.08640000000003 44.81 31 30.6001904 131.0002873 13 30.6099776 130.9828625 10895 303.1009999999951
OICI 32 1341.4248 45.11 32 33.574154 46.4164416 14 33.5968753 46.3952029 10910 322.1490000000049
ZLXY 05R 477.6216 60.0 05R 34.4209457 108.7510326 23L 34.4435157 108.7821814 10930 48.705000000001746
ZLXY 23L 477.6216 60.0 23L 34.4435157 108.7821814 05R 34.4209457 108.7510326 11110 228.70500000000175
ZLXY 05L 477.6216 45.0 05L 34.4421518 108.7356097 23R 34.4647112 108.7667446 10990 48.69800000000032
ZLXY 23R 477.6216 45.0 23R 34.4647112 108.7667446 05L 34.4421518 108.7356097 11030 228.69800000000396
KGPT 14 7.62 45.72 14 30.4149332 -89.0823253 32 30.3974639 -89.0621119 11090 135.0699999999997
KGPT 32 7.62 45.72 32 30.3974639 -89.0621119 14 30.4149332 -89.0823253 10830 315.070000000007
OIAA 32L 5.7912 45.11 32L 30.3559539 48.2399056 14R 30.3787568 48.2212102 10990 324.7299999999959
KGRK 15 309.372 60.96 15 31.079922 -97.835078 33 31.054556 -97.822778 11110 157.44900000000052
KGRK 33 309.372 60.96 33 31.054556 -97.822778 15 31.079922 -97.835078 10935 337.44899999999325
ORAA 09L 188.3664 60.05 09L 33.789489 42.432975 27R 33.790425 42.476153 10890 88.51800000000003
ORAA 27R 188.3664 60.05 27R 33.790425 42.476153 09L 33.789489 42.432975 10890 268.5179999999964
KPDK 21L 304.8 29.87 21L 33.8840404 -84.297082 3R 33.8686056 -84.3040022 11110 200.4149999999936
KCRX 18 128.93040000000002 30.48 18 34.9238293 -88.6047021 36 34.9060903 -88.6022676 11110 173.57800000000134
KMEI 19 90.22080000000001 45.72 19 32.34485 -88.751181 1 32.317719 -88.756403 11135 189.2320000000036
ZSYN 04 3.048 55.0 04 33.4184582 120.1958319 22 33.4381893 120.2146108 11090 38.44000000000051
ZSYN 22 3.048 55.0 22 33.4381893 120.2146108 04 33.4184582 120.1958319 11130 218.44000000000233
KEGI 18 57.607200000000006 45.72 18 30.6613557 -86.5226694 36 30.6393463 -86.5230891 11170 180.91800000000512
RJFK 34 271.8816 45.0 34 31.7916803 130.7273087 16 31.8151083 130.7114637 11170 330.11500000000524
KLAW 35 337.71840000000003 45.72 35 34.554961 -98.415619 17 34.578553 -98.417153 10910 356.9320000000007
OIAW 30 19.2024 45.11 30 31.3288583 48.7767484 12 31.3460473 48.7471844 10990 304.25199999999313
RJDC 07 6.096 45.72 07 33.9246683 131.2667975 25 33.9351567 131.2907428 11010 62.172999999998865
KLCH 15 4.572 46.02 15 30.128728 -93.227919 33 30.112572 -93.219131 10910 154.80599999999686
LLBG 12 39.9288 45.11 12 32.0142172 34.8668048 30 31.9996272 34.8948504 11030 121.52900000000227
LLBG 30 39.9288 45.11 30 31.9996272 34.8948504 12 32.0142172 34.8668048 11190 301.6530000000057
LLBG 08 39.9288 45.0 08 32.0122097 34.8566815 26 32.0187002 34.8989913 11090 79.78800000000047
LLBG 26 39.9288 45.0 26 32.0187002 34.8989913 08 32.0122097 34.8566815 10870 259.78800000000047
LLBG 21 39.9288 60.0 21 32.0181273 34.9002228 03 31.9962176 34.8861256 10970 208.70299999999406
GMFF 27 578.5104 45.11 27 33.9272351 -4.9605781 09 33.9273728 -4.9951881 10970 270.2649999999994
OPMT 36 122.5296 46.02 36 30.1908268 71.418276 18 30.2196122 71.4202164 11030 3.3349999999999795
KUTA 35 58.8264 45.72 35 34.6737038 -90.344605 17 34.6964272 -90.3509536 11095 347.06699999999546
DAUG 30 460.85760000000005 60.05 30 32.3692094 3.822891 12 32.3841341 3.7950564 10950 302.33000000000175
ZHCC 12R 151.1808 45.0 12R 34.5251783 113.8240122 30L 34.513499 113.8583362 11030 112.4320000000007
ZHCC 30L 151.1808 45.0 30L 34.513499 113.8583362 12R 34.5251783 113.8240122 10930 292.4320000000007
ZHCC 12L 151.1808 60.0 12L 34.5395534 113.8405268 30R 34.5271836 113.8768742 10850 112.44499999999971
ZHCC 30R 151.1808 60.0 30R 34.5271836 113.8768742 12L 34.5395534 113.8405268 11070 292.445000000007
TXKF 30 3.6576000000000004 45.72 30 32.361386 -64.663264 12 32.366691 -64.694103 10990 281.51900000000023
KDCU 18 179.83200000000002 30.48 18 34.6624403 -86.9451804 36 34.645664 -86.9455775 11055 181.11599999999453
KSMS 23 55.473600000000005 30.48 23 34.0012163 -80.3552871 5 33.9901816 -80.3677194 10935 223.04099999999744
KSVN 28 12.4968 60.96 28 32.009422 -81.127653 10 32.010614 -81.164322 10950 272.2039999999979
KLUF 21L 330.0984 45.72 21L 33.546861 -112.367908 3R 33.526822 -112.389892 11090 222.52499999999418
OICK 29 1152.7536 45.11 29 33.4297178 48.298724 11 33.4420051 48.264212 11050 293.13700000000244
DTTZ 09 87.47760000000001 45.11 09 33.939631 8.083683 27 33.939589 8.118536 11050 90.09200000000055
KPQL 17 5.1816 30.48 17 30.4714596 -88.5317292 35 30.4541044 -88.5267481 11010 166.1180000000022
KNTD 21 3.9624 60.96 21 34.130455 -119.1091061 3 34.10844 -119.1344962 10930 223.69500000000698
DAUU 36 149.9616 45.11 36 31.9021111 5.4166417 18 31.9291587 5.416164 10890 0.3840000000054715
DAUB 31 88.08720000000001 45.0 31 34.7850031 5.7505577 13 34.8016637 5.7263892 11090 309.62399999999616
KDTO 18L 195.9864 45.72 18L 33.2117226 -97.197745 36R 33.192479 -97.1981745 10910 181.05299999999988
LCPH 29 12.4968 45.11 29 34.7139418 32.4986716 11 34.7223613 32.4709994 10890 290.320000000007
KSBO 14 99.6696 30.48 14 32.6144137 -82.3775245 32 32.6038801 -82.3624239 10935 129.63100000000122
KCEW 17 63.7032 45.72 17 30.7897005 -86.5241081 35 30.767962 -86.5201177 11190 171.03600000000006
ZSXZ 09 32.9184 42.67 09 34.0581453 117.5380659 27 34.0605446 117.574786 11135 85.48400000000038
ZSXZ 27 32.9184 42.67 27 34.0605446 117.574786 09 34.0581453 117.5380659 10890 265.48399999999674
ZSCG 11 6.096 48.0 11 31.9257974 119.758302 29 31.9152526 119.7920313 11150 110.20100000000093
ZSCG 29 6.096 48.0 29 31.9152526 119.7920313 11 31.9257974 119.758302 10850 290.20100000000093
LCRA 28 23.1648 45.11 28 34.5866626 33.0020153 10 34.5941714 32.9734834 10970 287.7360000000044
KPHX 26 344.72880000000004 46.02 26 33.4408228 -111.9921362 8 33.4408612 -112.0297938 11175 270.0810000000056
KPHX 25L 344.72880000000004 46.02 25L 33.4288436 -112.001539 7R 33.4288584 -112.027103 11075 270.0439999999944
KGKY 34 190.5 30.48 34 32.6557188 -97.0921963 16 32.6720365 -97.0962885 11155 348.0789999999979
ORNI 10 31.3944 45.0 10 31.9931532 44.388859 28 31.9865622 44.4197131 10830 104.15200000000186
ORNI 28 31.3944 45.0 28 31.9865622 44.4197131 10 31.9931532 44.388859 10890 284.15200000000186
RJFM 27 6.096 45.11 27 31.8780249 131.4616295 09 31.8761341 131.4353036 10890 265.1779999999999
RJFO 01 5.7912 45.72 01 33.465964 131.736998 19 33.493022 131.737239 11150 0.42200000000002547
DTTJ 09 5.486400000000001 45.11 09 33.875031 10.760342 27 33.875864 10.793964 10950 88.29899999999907
OPLA 36R 215.79840000000002 46.02 36R 31.5063999 74.4043026 18L 31.5367338 74.4048411 10990 0.8730000000068685
OPLA 36L 215.79840000000002 46.02 36L 31.5091947 74.4023976 18R 31.5339031 74.4028309 10970 0.8720000000030268
KPRC 21L 1536.4968000000001 45.72 21L 34.6622063 -112.4112834 3R 34.6464574 -112.4280148 10850 221.15700000000652
ZSOF 15 63.3984 45.0 15 32.0017164 116.9675966 33 31.9751732 116.9855691 10930 150.1429999999964
ZSOF 33 63.3984 45.0 33 31.9751732 116.9855691 15 32.0017164 116.9675966 10850 330.1429999999964
KCHS 15 12.8016 46.0 15 32.9130606 -80.0480959 33 32.8922229 -80.0323151 10970 147.54499999999825
KCHS 33 12.8016 46.0 33 32.8922229 -80.0323151 15 32.9130606 -80.0480959 10890 327.54499999999825
KOPN 30 242.9256 30.48 30 32.9509384 -84.2549214 12 32.9590673 -84.2732436 10975 297.87300000000687
KSAV 10 14.9352 45.72 10 32.1287533 -81.2188232 28 32.128483 -81.1886025 11135 90.62999999999738
KDAL 13R 147.2184 46.02 13R 32.851317 -96.863452 31L 32.834029 -96.843415 11110 135.7699999999968
KDAL 31L 147.2184 46.02 31L 32.834029 -96.843415 13R 32.851317 -96.863452 11110 315.7700000000041
KDAL 13L 147.2184 46.02 13L 32.857274 -96.856801 31R 32.842043 -96.839152 11150 135.77700000000186
KDAL 31R 147.2184 46.02 31R 32.842043 -96.839152 13L 32.857274 -96.856801 11150 315.77700000000186
KMEZ 27 328.8792 30.48 27 34.542383 -94.188186 9 34.543011 -94.208094 10870 272.2020000000048
KMGE 11 325.2216 91.44 11 33.9191269 -84.5322114 29 33.9114231 -84.5004884 10970 106.31300000000192
KMGE 29 325.2216 91.44 29 33.9114231 -84.5004884 11 33.9191269 -84.5322114 11135 286.31299999999464
KVDI 25 82.6008 30.48 25 32.1951526 -82.3619912 7 32.1875991 -82.3792767 11030 242.6820000000007
KADS 16 196.596 30.48 16 32.977841 -96.840513 34 32.959268 -96.832394 11010 159.85599999999977
KADS 34 196.596 30.48 34 32.959268 -96.832394 16 32.977841 -96.840513 11010 339.85599999999977
OSDI 05R 615.696 45.11 05R 33.3848231 36.4958704 23L 33.4063621 36.5248871 11110 48.35399999999936
OSDI 23R 615.696 45.11 23R 33.4363394 36.5328143 05L 33.4148164 36.5038379 10990 228.34500000000116
ZSNT 18 4.8768 45.0 18 32.0894396 120.9795403 36 32.0588546 120.980575 11050 178.36000000000058
ZSNT 36 4.8768 45.0 36 32.0588546 120.980575 18 32.0894396 120.9795403 10910 358.3599999999999
KLTS 18R 420.3192 45.72 18R 34.6824821 -99.2738133 36L 34.6455571 -99.2738212 11130 180.0
KLTS 36L 420.3192 45.72 36L 34.6455571 -99.2738212 18R 34.6824821 -99.2738133 11030 0.0
KLTS 18L 420.3192 45.72 18L 34.6824796 -99.2595416 36R 34.6577497 -99.2595259 11055 179.96300000000338
KLTS 36R 420.3192 45.72 36R 34.6577497 -99.2595259 18L 34.6824796 -99.2595416 11055 359.9630000000034
ORBI 15L 34.4424 60.05 15L 33.2838257 44.2311459 33R 33.2525659 44.2525938 11070 150.16500000000087
ORBI 33R 34.4424 60.05 33R 33.2525659 44.2525938 15L 33.2838257 44.2311459 11010 330.1649999999936
KEDW 23L 704.3928000000001 45.5 23L 34.9188563 -117.8573885 05R 34.8945535 -117.9050067 11010 238.125
RJFY 26L 64.92240000000001 45.11 26L 31.3686426 130.8506599 08R 31.3648778 130.8274139 11030 259.30100000000675
RJFN 28 78.6384 45.72 28 32.0812609 131.465756 10 32.0861959 131.4377045 11130 281.7829999999958
KLGB 30 18.288 60.96 30 33.8068604 -118.1381501 12 33.8261998 -118.1615542 11030 314.86500000000524
KNSE 14 60.6552 60.96 14 30.730169 -87.028334 32 30.718072 -87.015324 11175 137.25800000000163
KNKT 23R 7.9248 60.96 23R 34.9184512 -76.8625335 5L 34.9021228 -76.8827076 10890 225.4360000000015
KOCH 36 104.2416 23.0 36 31.5709181 -94.7107785 18 31.5846289 -94.7095195 11150 4.472999999998137
KSSC 04L 73.7616 45.72 04L 33.9617 -80.481514 22R 33.984322 -80.4627 11010 34.60200000000077
KSSC 22R 73.7616 45.72 22R 33.984322 -80.4627 04L 33.9617 -80.481514 10870 214.60199999999895
KCVS 22 1308.5064 45.72 22 34.3961832 -103.3083872 4 34.3767472 -103.3318422 10970 224.89500000000407
KCVS 13 1308.5064 45.72 13 34.3862351 -103.3340965 31 34.3703834 -103.3148161 11035 135.1469999999972
KCVS 31 1308.5064 45.72 31 34.3703834 -103.3148161 13 34.3862351 -103.3340965 10830 315.1469999999972
KTVI 22 80.4672 30.48 22 30.9068194 -83.8763111 4 30.894149 -83.8885779 11010 219.72000000000116
RKPD 01 357.83520000000004 45.0 01 33.3829083 126.7116167 19 33.4036417 126.7115 10830 359.7310000000002
KCXO 14 74.676 45.72 14 30.362699 -95.420449 32 30.345706 -95.406973 10870 145.61699999999837
KHKS 16 103.9368 45.72 16 32.342889 -90.226728 34 32.329092 -90.220403 11170 158.8289999999979
KTUS 12 805.5864 45.72 12 32.123349 -110.9479092 30 32.1019804 -110.9228053 11170 135.17199999999866
KMYR 18 7.315200000000001 45.72 18 33.6925461 -78.9315154 36 33.666976 -78.9251246 10950 168.262999999999
KMYR 36 7.315200000000001 45.72 36 33.666976 -78.9251246 18 33.6925461 -78.9315154 11190 348.2630000000063
KLSF 33 70.4088 45.72 33 32.3205661 -84.9778096 15 32.3429979 -84.9965037 11070 324.8399999999965
KLRU 30 1358.1888000000001 30.48 30 32.2846012 -106.912779 12 32.2991874 -106.9299438 10930 315.1469999999972
KNDZ 32 53.644800000000004 60.96 32 30.690862 -87.009975 14 30.702956 -87.022959 11055 317.275999999998
GMMW 08 174.95520000000002 45.72 08 34.986499 -3.0439177 26 34.9920607 -3.0117633 10870 78.12299999999959
KLGC 31 210.6168 30.0 31 33.0027243 -85.0645307 13 33.013408 -85.0815232 11090 306.8399999999965
KWRB 15 89.30640000000001 91.14 15 32.6535266 -83.6033664 33 32.6268244 -83.5805036 11170 144.17199999999866
KWRB 33 89.30640000000001 91.14 33 32.6268244 -83.5805036 15 32.6535266 -83.6033664 11010 324.17200000000594
RJBB 06R 7.010400000000001 60.0 06R 34.4173648 135.2292641 24L 34.4372347 135.2588478 10810 50.74699999999939
RJBB 24L 7.010400000000001 60.0 24L 34.4372347 135.2588478 06R 34.4173648 135.2292641 11070 230.87799999999697
RJBB 06L 7.010400000000001 60.0 06L 34.4285804 135.2062111 24R 34.4512743 135.2400037 10870 50.86899999999878
RJBB 24R 7.010400000000001 60.0 24R 34.4512743 135.2400037 06L 34.4285804 135.2062111 10850 230.86900000000605
KGVT 17 163.068 45.72 17 33.0788805 -96.0651826 35 33.0568561 -96.0655149 11050 180.72499999999854
KPXE 36 127.1016 30.48 36 32.5037062 -83.7672749 18 32.5174403 -83.7674242 10915 359.4830000000002
KPMD 25 774.8016 61.5 25 34.6327839 -118.073269 7 34.6306009 -118.113061 11070 266.18799999999464
KVNY 16R 243.84 45.72 16R 34.21891 -118.4912405 34L 34.196994 -118.4891688 11130 175.53300000000309
KMWL 31 296.8752 30.48 31 32.7756437 -98.0506249 13 32.7874233 -98.0642781 10955 315.74099999999453
KSEM 33 50.5968 45.72 33 32.3348415 -86.9805167 15 32.3530505 -86.9950928 11050 325.9360000000015
KHSA 18 6.4008 45.72 18 30.3794888 -89.4545318 36 30.3561218 -89.4546027 11035 180.15899999999965
KHSV 18R 191.1096 45.72 18R 34.652786 -86.7821 36L 34.618172 -86.782792 10930 180.94199999999546
KHSV 36L 191.1096 45.72 36L 34.618172 -86.782792 18R 34.652786 -86.7821 10850 0.9420000000000073
KHSV 18L 191.1096 45.72 18L 34.6531 -86.765464 36R 34.625611 -86.766017 11190 180.94800000000396
KHSV 36R 191.1096 45.72 36R 34.625611 -86.766017 18L 34.6531 -86.765464 10955 0.9480000000000928
KMMT 32 76.8096 45.72 32 33.910222 -80.789942 14 33.927417 -80.811269 11110 314.17600000000675
KATL 26R 310.896 46.0 26R 33.6495457 -84.4094375 8L 33.6495389 -84.4390426 11010 269.9890000000014
KATL 26L 310.896 46.0 26L 33.6467982 -84.4055122 8R 33.6467886 -84.438385 10870 269.99199999999837
KATL 27R 310.896 45.0 27R 33.6347185 -84.4072724 9L 33.6347106 -84.4479807 11130 270.01600000000326
KATL 27L 310.896 46.0 27L 33.6318279 -84.4184069 9R 33.6318193 -84.4479743 10850 269.9890000000014
KATL 10 310.896 46.0 10 33.620278 -84.4478888 28 33.6202892 -84.4183103 11155 89.97600000000239
KATL 28 310.896 46.0 28 33.6202892 -84.4183103 10 33.620278 -84.4478888 11175 269.9759999999951
KCNW 17L 143.256 45.72 17L 31.6515899 -97.0738251 35R 31.6280106 -97.0726421 11070 177.5639999999985
KTMA 34 107.89920000000001 30.48 34 31.4206991 -83.4857391 16 31.4360828 -83.4963393 10970 329.4679999999935
KMYF 28R 129.23520000000002 46.02 28R 32.8128249 -117.1311307 10L 32.8181752 -117.1447205 11195 295.1000000000058
KSRR 24 2076.6024 30.48 24 33.466409 -105.52214 6 33.459291 -105.547363 11070 251.32200000000012
KTUP 36 105.4608 45.72 36 34.2592249 -88.7698639 18 34.2788372 -88.7698639 10850 359.87300000000005
RJOS 29 11.277600000000001 45.0 29 34.1297977 134.6224752 11 34.1348012 134.5960612 10890 282.6079999999929
GMAD 27 76.5048 45.11 27 30.3222227 -9.3948679 09 30.3230214 -9.428185 11030 271.599000000002
RJNS 30 131.9784 60.0 30 34.7917596 138.2021229 12 34.8002088 138.176797 10930 292.09799999999814
RJOW 11 56.083200000000005 45.11 11 34.678693 131.779746 29 34.674087 131.800846 10810 104.8530000000028
KGLH 18L 39.624 45.72 18L 33.496872 -90.982089 36R 33.474886 -90.982089 10910 180.0
OPST 04 254.8128 45.11 04 32.5238732 74.3507178 22 32.5475729 74.3769186 10930 43.03299999999945
KMXF 15 51.816 45.72 15 32.3913459 -86.3730972 33 32.3725981 -86.3595432 10930 148.59199999999691
KCTJ 35 355.09200000000004 30.48 35 33.6244334 -85.1497487 17 33.6389561 -85.1547844 11170 343.903999999995
KCWF 15 5.1816 60.96 15 30.2238685 -93.1505283 33 30.1973424 -93.1359003 11070 154.54099999999744
KOLV 18 121.6152 30.48 18 34.9869997 -89.7869385 36 34.9705118 -89.7867764 10930 179.54099999999744
KVAD 18L 70.7136 45.72 18L 30.9818024 -83.1908328 36R 30.9562936 -83.1910822 10990 180.47999999999593
KVAD 36R 70.7136 45.72 36R 30.9562936 -83.1910822 18L 30.9818024 -83.1908328 10990 0.4800000000000182
ZSSH 04 10.972800000000001 60.0 04 33.7821076 119.1174977 22 33.8026073 119.1352081 10870 35.60499999999956
ZSSH 22 10.972800000000001 60.0 22 33.8026073 119.1352081 04 33.7821076 119.1174977 10915 215.60499999999593
ZSPD 16L 3.6576000000000004 60.0 16L 31.1601851 121.8161401 34R 31.1275908 121.8284469 11150 162.11099999999715
ZSPD 34R 3.6576000000000004 60.0 34R 31.1275908 121.8284469 16L 31.1601851 121.8161401 10890 342.1110000000044
ZSPD 16R 3.6576000000000004 60.0 16R 31.1589587 121.811758 34L 31.1263693 121.8240618 10870 162.1070000000036
ZSPD 34L 3.6576000000000004 60.0 34L 31.1263693 121.8240618 16R 31.1589587 121.811758 10830 342.1070000000036
ZSPD 17L 3.6576000000000004 60.0 17L 31.1612391 121.7859719 35R 31.1269347 121.7989359 11070 162.10599999999977
ZSPD 35R 3.6576000000000004 60.0 35R 31.1269347 121.7989359 17L 31.1612391 121.7859719 11190 342.10599999999977
ZSPD 17R 3.6576000000000004 60.0 17R 31.1548108 121.7833237 35L 31.1256682 121.7943358 11110 162.08699999999953
ZSPD 35L 3.6576000000000004 60.0 35L 31.1256682 121.7943358 17R 31.1548108 121.7833237 10810 342.08699999999953
KJKA 27 5.1816 30.48 27 30.290321 -87.658186 9 30.290283 -87.680244 11070 269.89800000000105
KMLU 22 24.0792 45.72 22 32.5184315 -92.0284508 4 32.5038838 -92.0456574 10950 224.9030000000057
KOXR 25 12.4968 30.6 25 34.2007297 -119.1973849 7 34.200881 -119.2170824 10870 270.52300000000105
RKPC 07 35.9664 45.11 07 33.4998675 126.4684286 25 33.5148671 126.4976579 10990 58.349999999998545
RKPC 25 35.9664 45.11 25 33.5148671 126.4976579 07 33.4998675 126.4684286 11130 238.35000000000582
ZSHC 06 6.4008 60.0 06 30.2381944 120.4083037 24 30.2521397 120.4397678 11050 62.836999999999534
ZSHC 24 6.4008 60.0 24 30.2521397 120.4397678 06 30.2381944 120.4083037 11150 242.83699999999953
ZSHC 07 6.4008 45.0 07 30.2221307 120.4177573 25 30.2368939 120.4510616 11035 62.836999999999534
ZSHC 25 6.4008 45.0 25 30.2368939 120.4510616 07 30.2221307 120.4177573 10850 242.83699999999953
RJOA 10 330.708 60.0 10 34.436025 132.903133 28 34.436025 132.935764 10870 90.0089999999982
KLFT 22L 12.4968 45.72 22L 30.2130969 -91.9779211 4R 30.1959492 -91.9937647 10950 218.61900000000605
RJOT 26 184.7088 60.0 26 34.2173687 134.0287466 08 34.2107372 134.0028086 10970 252.83000000000175
KLRF 25 94.7928 60.96 25 34.922147 -92.127631 7 34.911408 -92.165475 10990 250.92799999999988
HLLM 28 10.972800000000001 45.11 28 32.8878072 13.3049525 10 32.8957685 13.2702968 11050 285.3099999999977
KAUO 36 236.5248 30.48 36 32.6057171 -85.4363362 18 32.6202113 -85.436036 11010 1.0289999999999964
KSGT 36 68.2752 30.48 36 34.587661 -91.579125 18 34.6042329 -91.5784837 11055 1.847
RKJY 17 15.24 42.0 17 34.8510361 127.6129917 35 34.8334806 127.6215833 11150 158.11899999999878
RKJY 35 15.24 42.0 35 34.8334806 127.6215833 17 34.8510361 127.6129917 10970 338.1570000000065
KHRT 36 11.5824 45.72 36 30.415789 -86.6877628 18 30.442119 -86.6899038 11130 355.9890000000014
VICG 11 307.2384 57.0 11 30.679561 76.772948 29 30.6678401 76.8031621 11030 114.59799999999814
VICG 29 307.2384 57.0 29 30.6678401 76.8031621 11 30.679561 76.772948 11190 294.59799999999814
KMAF 10 875.0808000000001 45.72 10 31.947644 -102.216349 28 31.938513 -102.191827 11030 113.69499999999971
KACT 19 157.2768 46.0 19 31.6224757 -97.224346 1 31.6035309 -97.2299582 10970 194.1579999999958
KFHU 26 1438.3512 46.02 26 31.587624 -110.3285208 8 31.5875634 -110.3670494 10990 269.9079999999958
KNFW 18 197.8152 60.96 18 32.7856546 -97.4413514 36 32.7527232 -97.4417072 10870 180.52300000000105
KNFW 36 197.8152 60.96 36 32.7527232 -97.4417072 18 32.7856546 -97.4413514 10930 0.5230000000010477
GMME 21 82.6008 45.11 21 34.0649353 -6.7416356 03 34.0379822 -6.7613548 11090 211.221000000005
RJOB 07 239.268 45.0 07 34.7500154 133.8413606 25 34.7638557 133.8695194 11030 59.11999999999898
KBFM 32 7.315200000000001 45.72 32 30.613203 -88.059781 14 30.633083 -88.079942 10850 318.89800000000105
KECP 16 19.812 45.72 16 30.371105 -85.8011945 34 30.3453769 -85.7900125 11115 159.4519999999975
RJBE 09 6.096 55.0 09 34.6316366 135.2103131 27 34.6337636 135.2374586 10915 84.59399999999732
VABP 30 523.9512 45.11 30 23.2830828 77.3418623 12 23.2945831 77.3181224 10990 297.80199999999604
GMMH 03 10.972800000000001 39.8 03 23.7058719 -15.9376026 21 23.7308322 -15.9262457 10910 22.699000000000524
KDRT 13 304.4952 30.48 13 29.380889 -100.9334931 31 29.3675847 -100.9208895 11190 140.375
VIBY 29 176.78400000000002 45.11 29 28.417428 79.463786 11 28.426694 79.4379 10910 291.97900000000664
OMSJ 12 32.6136 60.0 12 25.3402607 55.5015687 30 25.320605 55.5356445 10855 122.5199999999968
OMSJ 30 32.6136 60.0 30 25.320605 55.5356445 12 25.3402607 55.5015687 11195 302.5200000000041
OMDB 12R 18.8976 60.0 12R 25.2561923 55.358318 30L 25.2353015 55.3960034 10950 121.51900000000023
OMDB 30L 18.8976 60.0 30L 25.2353015 55.3960034 12R 25.2561923 55.358318 11130 301.51900000000023
OMDB 12L 18.8976 60.0 12L 25.2667508 55.3465975 30R 25.2463009 55.3834627 11010 121.52300000000105
OMDB 30R 18.8976 60.0 30R 25.2463009 55.3834627 12L 25.2667508 55.3465975 11090 301.52300000000105
OMFJ 29 46.0248 45.11 29 25.1056955 56.3414444 11 25.1186125 56.3070724 11150 292.5529999999999
HEGN 34R 14.630400000000002 45.11 34R 27.1611692 33.8061236 16L 27.1960676 33.7958381 11030 345.27300000000105
GCTS 07 63.3984 45.11 07 28.039203 -16.5876367 25 28.049747 -16.5573393 10970 68.48600000000079
GCTS 25 63.3984 45.11 25 28.049747 -16.5573393 07 28.039203 -16.5876367 11090 248.48600000000442
OERF 29 449.27520000000004 45.11 29 29.620953 43.5048984 11 29.6317054 43.4764777 11150 293.5249999999942
VANP 32 314.8584 45.72 32 21.0859947 79.0523739 14 21.1088173 79.0343179 11030 323.5939999999973
GQPP 02 4.8768 45.11 02 20.9223445 -17.0327988 20 20.943512 -17.0270182 11030 14.329999999999927
VAAH 23 56.997600000000006 45.72 23 23.0885062 72.646458 05 23.0660173 72.6224505 11030 224.5170000000071
OEJB 35 7.9248 50.0 35 27.0214554 49.4096211 17 27.0565666 49.4006335 10950 347.18300000000454
RCQC 02 31.3944 45.11 02 23.5558376 119.6237407 20 23.5815014 119.6328852 10910 18.127000000000407
RCQC 20 31.3944 45.11 20 23.5815014 119.6328852 02 23.5558376 119.6237407 10810 198.12699999999313
KGLS 14 0.0 46.02 14 29.2717146 -94.8676448 32 29.2590584 -94.8555829 11170 140.262999999999
OMDW 12 51.816 60.05 12 24.907126 55.1420839 30 24.8860542 55.1801711 11175 121.39299999999639
OMDW 30 51.816 60.05 30 24.8860542 55.1801711 12 24.907126 55.1420839 10975 301.3929999999964
OMDW 31 51.816 29.87 31 24.8620508 55.1680112 13 24.8706585 55.1524525 11055 301.38300000000163
MUCC 08 3.9624 45.11 08 22.4565392 -78.342384 26 22.4653498 -78.314821 10890 70.92299999999886
KHRL 17R 10.972800000000001 45.72 17R 26.240383 -97.658572 35L 26.217547 -97.658853 11150 180.63100000000122
ZSQZ 03 6.096 50.0 03 24.7870612 118.5827246 21 24.8073313 118.595761 11170 30.298000000000684
ZSQZ 21 6.096 50.0 21 24.8073313 118.595761 03 24.7870612 118.5827246 10870 210.29799999999523
VEMN 05 110.03280000000001 45.11 05 27.4777739 95.0107714 23 27.489408 95.0239605 10950 45.11200000000099
OEGS 15 647.7 44.81 15 26.314839 43.7672816 33 26.290747 43.781031 11010 152.90699999999924
RODN 05L 43.586400000000005 91.44 05L 26.3462355 127.7514898 23R 26.3671748 127.7802467 10970 50.90599999999904
RODN 23R 43.586400000000005 91.44 23R 26.3671748 127.7802467 05L 26.3462355 127.7514898 10870 230.90600000000268
RCDC 09 23.7744 45.11 09 22.671975 120.450097 27 22.672761 120.473358 10895 87.82100000000355
KPTN 24 1.524 45.0 24 29.7146568 -91.3323924 6 29.7070086 -91.3470138 10830 238.97299999999814
HESH 04L 43.586400000000005 45.0 04L 27.9684791 34.382672 22R 27.9889338 34.4039562 10950 42.65799999999945
ZGOW 04 15.8496 45.0 04 23.5423001 116.4944963 22 23.5644265 116.5146032 10930 39.84599999999955
ZGOW 22 15.8496 45.0 22 23.5644265 116.5146032 04 23.5423001 116.4944963 10870 219.846000000005
RCKH 09 8.5344 60.05 09 22.5775299 120.3348637 27 22.5765888 120.3655204 10830 91.91999999999825
RCKH 27 8.5344 60.05 27 22.5765888 120.3655204 09 22.5775299 120.3348637 10970 271.91999999999825
VABV 25 13.1064 45.72 25 21.7554684 72.1942378 07 21.7489089 72.1770338 10990 247.78800000000047
MMGL 11 1527.6576 60.05 11 20.5287816 -103.3276929 29 20.514062 -103.2926496 11010 114.16199999999662
MMGL 29 1527.6576 60.05 29 20.514062 -103.2926496 11 20.5287816 -103.3276929 11130 294.1619999999966
VMMC 34 5.7912 45.11 34 22.135022 113.596692 16 22.1637362 113.5861199 10970 341.16999999999825
VEBS 14 42.976800000000004 45.72 14 20.2609071 85.8050488 32 20.2408726 85.8205561 10910 144.01400000000285
VEBD 36 125.5776 45.0 36 26.6688265 88.3275599 18 26.693663 88.3284086 10810 1.7250000000000227
KOCF 36 26.2128 45.72 36 29.1582946 -82.223051 18 29.1788265 -82.2230742 11150 359.933
OEDM 15 923.5440000000001 45.11 15 24.4621944 44.1145361 33 24.4374972 44.1278333 11070 153.89199999999983
OEJF 33 1.8288000000000002 45.11 33 21.336833 39.178506 15 21.359297 39.167614 10890 335.7020000000048
KIAH 33R 29.5656 46.02 33R 29.958764 -95.3400653 15L 29.9878869 -95.357881 11190 332.0850000000064
KIAH 27 29.5656 46.02 27 29.977616 -95.302523 9 29.977596 -95.334106 11090 269.9670000000042
KIAH 15R 29.5656 46.02 15R 29.987809 -95.361395 33L 29.963544 -95.346547 11115 152.07600000000093
KIAH 26L 29.5656 46.02 26L 29.993442 -95.325262 8R 29.993419 -95.354961 10970 269.9579999999987
KIAH 26R 29.5656 46.02 26R 30.007186 -95.330355 8L 30.007164 -95.358788 11155 269.95500000000175
VVCI 07 1.524 47.0 07 20.8127466 106.7091932 25 20.8211117 106.7371061 11010 72.2390000000014
ZPMS 23 876.9096000000001 45.11 23 24.4070194 98.541 05 24.3904222 98.522875 10970 225.846000000005
OERB 33 6.7056000000000004 32.0 33 22.693156 39.075136 15 22.7121 39.064628 10810 332.9079999999958
VHHH 07L 8.2296 60.05 07L 22.3210892 113.8806809 25R 22.3328383 113.9171357 11155 70.79899999999907
VHHH 25R 8.2296 60.05 25R 22.3328383 113.9171357 07L 22.3210892 113.8806809 10875 250.79899999999907
VHHH 07R 8.2296 60.05 07R 22.2961895 113.8979789 25L 22.3074327 113.9328435 11090 70.80400000000009
VHHH 25L 8.2296 60.05 25L 22.3074327 113.9328435 07R 22.2961895 113.8979789 11090 250.80400000000373
RORS 17 0.0 60.96 17 24.84004 125.141353 35 24.813764 125.148539 11150 166.7569999999978
OEHL 18 1015.2888 45.11 18 27.454664 41.6873707 36 27.4249193 41.6853267 11030 183.4820000000036
HLLS 13 434.64480000000003 45.11 13 27.0044975 14.4514096 31 26.9825244 14.4780564 11030 132.81900000000314
OBBI 12L 1.2192 60.05 12L 26.2805145 50.616969 30R 26.2611863 50.6503639 11150 122.77100000000064
OBBI 30R 1.2192 60.05 30R 26.2611863 50.6503639 12L 26.2805145 50.616969 11030 302.77099999999336
KMCF 23 4.2672 46.02 23 27.861286 -82.509744 5 27.837392 -82.532683 11170 223.06299999999464
VIAG 05 167.94480000000001 45.11 05 27.1487664 77.9506083 23 27.1668116 77.971422 11070 45.37299999999959
KSGJ 31 2.1336 45.72 31 29.9543795 -81.330372 13 29.9674225 -81.350746 11110 307.747000000003
OMRK 34 31.0896 45.11 34 25.5969539 55.9437057 16 25.6297289 55.9338557 11050 344.8390000000072
MYNN 14 4.8768 45.72 14 25.0517952 -77.4755979 32 25.0306662 -77.4521395 11010 134.82800000000134
MUVR 06 63.3984 45.1 06 23.0254994 -81.449388 24 23.0433653 -81.4211698 11130 55.477999999999156
VECC 01R 4.8768 46.02 01R 22.6422057 88.4463257 19L 22.6748154 88.4501454 10990 6.166000000000167
VECC 19L 4.8768 46.02 19L 22.6748154 88.4501454 01R 22.6422057 88.4463257 11030 186.16599999999744
VECC 19R 4.8768 46.02 19R 22.6656897 88.4469855 01L 22.6362924 88.4435522 11130 186.16999999999825
VIUT 20 152.4 45.72 20 25.8245221 71.4870434 02 25.801296 71.4775518 11110 200.24400000000605
MMRX 31 41.757600000000004 50.0 31 26.001884 -98.222216 13 26.015224 -98.234254 11050 321.0610000000015
GMML 02 63.0936 45.0 02 27.130214 -13.235392 20 27.153583 -13.22765 11070 16.434000000000196
HESN 35R 201.7776 45.0 35R 23.9494473 32.8240293 17L 23.9796588 32.8187456 10950 350.92699999999604
KRND 15L 232.25760000000002 60.96 15L 29.542747 -98.27595 33R 29.522853 -98.262861 10990 150.16799999999785
KRND 33R 232.25760000000002 60.96 33R 29.522853 -98.262861 15L 29.542747 -98.27595 10930 330.1680000000051
KRND 15R 232.25760000000002 60.96 15R 29.53495 -98.2932071 33L 29.515056 -98.2800911 11130 150.15499999999884
KRND 33L 232.25760000000002 60.96 33L 29.515056 -98.2800911 15R 29.53495 -98.2932071 11110 330.15499999999884
GCLP 03L 23.7744 45.11 03L 27.9188186 -15.3923662 21R 27.9449415 -15.3808142 10990 21.33300000000054
GCLP 21R 23.7744 45.11 21R 27.9449415 -15.3808142 03L 27.9188186 -15.3923662 11070 201.33299999999872
OERT 33 1.8288000000000002 29.87 33 26.714531 50.035833 15 26.731683 50.025792 10830 332.3429999999935
ZGHA 18R 66.7512 45.0 18R 28.2061615 113.2187225 36L 28.1774065 113.2205004 11030 176.88500000000204
ZGHA 36L 66.7512 45.0 36L 28.1774065 113.2205004 18R 28.2061615 113.2187225 10990 356.885
ZGHA 18L 66.7512 60.0 18L 28.2090555 113.2224176 36R 28.1749089 113.2245285 10930 176.90600000000268
ZGHA 36R 66.7512 60.0 36R 28.1749089 113.2245285 18L 28.2090555 113.2224176 11110 356.90599999999995
KPIE 18 1.2192 45.72 18 27.923414 -82.690706 36 27.896961 -82.686153 10910 171.3550000000032
KPIE 36 1.2192 45.72 36 27.896961 -82.686153 18 27.923414 -82.690706 10870 351.3549999999959
OMAL 01 264.8712 45.11 01 24.243786 55.6065701 19 24.2796403 55.6116751 11190 7.3960000000001855
KDLF 13C 329.4888 45.72 13C 29.367453 -100.787908 31C 29.350108 -100.768411 11030 135.58200000000215
KDLF 31C 329.4888 45.72 31C 29.350108 -100.768411 13C 29.367453 -100.787908 10890 315.5819999999949
VGEG 23 3.6576000000000004 45.72 23 22.2584712 91.8239598 05 22.240814 91.802653 11050 228.1750000000029
VIJP 26 386.4864 45.0 26 26.826228 75.833375 08 26.823025 75.799286 10990 263.99800000000687
ZSWZ 03 4.8768 45.0 03 27.8957811 120.8444935 21 27.9211853 120.8598406 11030 28.100000000000364
ZSWZ 21 4.8768 45.0 21 27.9211853 120.8598406 03 27.8957811 120.8444935 10870 208.10000000000582
KCRP 13 12.4968 45.72 13 27.7789713 -97.5155388 31 27.7641564 -97.4993527 11030 135.96600000000035
KCRP 36 12.4968 45.72 36 27.7644939 -97.4960585 18 27.7813154 -97.4963439 10950 359.1070000000036
KEFD 17R 9.7536 45.72 17R 29.6183157 -95.1644069 35L 29.5935688 -95.1638422 11030 178.84300000000076
KEFD 35L 9.7536 45.72 35L 29.5935688 -95.1638422 17R 29.6183157 -95.1644069 11110 358.8429999999935
KEFD 22 9.7536 45.72 22 29.6140329 -95.145548 4 29.5981624 -95.1629952 11010 223.71300000000338
ZGKL 01 173.43120000000002 45.0 01 25.2055683 110.0381212 19 25.2343417 110.0408777 11010 4.958999999999833
ZGKL 19 173.43120000000002 45.0 19 25.2343417 110.0408777 01 25.2055683 110.0381212 10850 184.95900000000256
OIBP 31 8.2296 45.11 31 27.368289 52.753414 13 27.390889 52.721917 11030 308.945000000007
GCRR 03 4.2672 45.11 03 28.9358257 -13.6108227 21 28.9551125 -13.599638 10910 26.907999999999447
MMCU 36R 1359.7128 45.11 36R 28.6916295 -105.9660349 18L 28.7146344 -105.9609843 11190 10.809999999999945
VEJH 24 227.99040000000002 45.0 24 21.9183062 84.061522 06 21.9084468 84.040925 10850 242.64400000000023
MUHG 05 109.72800000000001 50.0 05 20.7754409 -76.3263508 23 20.7956637 -76.3038647 11130 46.125
KMSY 11 0.0 45.72 11 29.996628 -90.281728 29 29.989211 -90.250972 10990 105.56100000000151
KMSY 29 0.0 45.72 29 29.989211 -90.250972 11 29.996628 -90.281728 10990 285.5610000000015
KHYI 13 181.05120000000002 30.48 13 29.8970232 -97.8700037 31 29.8865404 -97.8570508 10870 133.02700000000186
KDAB 25R 10.3632 46.0 25R 29.1846496 -81.0479218 7L 29.1725486 -81.0777939 10970 245.11699999999837
KMIA 27 0.0 45.72 27 25.787731 -80.27535 9 25.7860992 -80.3148475 10950 267.37300000000687
KMIA 12 0.0 45.72 12 25.799286 -80.302292 30 25.786625 -80.277539 10890 119.6050000000032
KMIA 30 0.0 45.72 30 25.786625 -80.277539 12 25.799286 -80.302292 11170 299.6049999999959
KMIA 26L 0.0 60.96 26L 25.8020175 -80.2695354 8R 25.8007005 -80.3014304 10910 267.37600000000384
VIDX 27 213.36 45.72 27 28.707628 77.372944 09 28.707781 77.344881 11170 270.6530000000057
VEGY 28 116.43360000000001 45.0 28 24.741722 84.961567 10 24.746594 84.9396 10930 283.72699999999895
KVDF 23 6.096 30.48 23 28.022275 -82.337253 5 28.0121222 -82.3477028 11135 222.2630000000063
KTPA 19R 6.4008 45.72 19R 27.9935411 -82.5413312 1L 27.9632929 -82.5423591 10850 181.71899999999732
KTPA 19L 6.4008 45.72 19L 27.9871317 -82.5282174 1R 27.9643145 -82.5289944 11030 181.72500000000582
DAAJ 12 967.1304 45.11 12 24.2924145 9.4528729 30 24.2768792 9.4770691 10990 125.26600000000326
GCFV 01 6.096 50.31 01 28.4328402 -13.8644238 19 28.4635716 -13.8634126 10950 1.663000000000011
GCFV 19 6.096 50.31 19 28.4635716 -13.8634126 01 28.4328402 -13.8644238 11130 181.66300000000047
MMUN 12L 6.096 45.0 12L 21.0547285 -86.8813975 30R 21.040683 -86.8589536 11070 123.84700000000157
MMUN 12R 6.096 60.0 12R 21.0453348 -86.8910179 30L 21.0277992 -86.8629903 11110 123.84900000000198
OEWJ 33 19.812 55.0 33 26.1865627 36.4836004 15 26.2106288 36.4685522 11070 330.70500000000175
OETF 25 1477.6704 45.11 25 21.4870547 40.5582083 07 21.478323 40.5238486 11090 254.5179999999964
OETF 35 1477.6704 45.16 35 21.4774104 40.5482534 17 21.5066666 40.5438675 11070 352.1619999999966
OIBB 31R 19.5072 43.0 31R 28.9321795 50.8524666 13L 28.9591388 50.8184664 10990 312.1319999999978
OETB 24 777.5448 45.11 24 28.382008 36.650867 06 28.369231 36.619892 10950 244.91199999999662
OETB 31 777.5448 45.11 31 28.362242 36.617086 13 28.381228 36.593981 11190 312.38300000000163
RCBS 06 17.0688 45.11 06 24.4218757 118.3456585 24 24.4340119 118.3721649 10890 63.22899999999936
RCBS 24 17.0688 45.11 24 24.4340119 118.3721649 06 24.4218757 118.3456585 11070 243.22900000000664
ZUXC 36 1559.0520000000001 50.0 36 27.9727222 102.184915 18 28.0051667 102.1836961 10930 358.0829999999987
ZGSZ 15 3.9624 45.0 15 22.6529509 113.8031479 33 22.6255849 113.8181426 11130 153.17799999999988
ZGSZ 33 3.9624 45.0 33 22.6255849 113.8181426 15 22.6529509 113.8031479 11070 333.1779999999999
ZGSZ 16 3.9624 60.0 16 22.6544526 113.7848617 34 22.6238783 113.8016192 10810 153.16199999999662
ZGSZ 34 3.9624 60.0 34 22.6238783 113.8016192 16 22.6544526 113.7848617 10910 333.1619999999966
KNOG 13 78.0288 60.96 13 27.905853 -98.050308 31 27.890372 -98.032708 11050 134.77700000000186
OTBD 15 11.277600000000001 46.02 15 25.2802023 51.556639 33 25.2419003 51.5735259 10850 158.26499999999942
OTBD 33 11.277600000000001 46.02 33 25.2419003 51.5735259 15 25.2802023 51.556639 10950 338.2649999999994
VEPT 25 51.2064 45.11 25 25.5941836 85.0970045 07 25.587308 85.077857 11030 248.41999999999825
KORL 25 33.2232 45.72 25 28.5493591 -81.3220982 7 28.5428282 -81.3392742 10935 246.60199999999895
ZSYW 02 82.9056 45.0 02 29.3298215 120.0267075 20 29.3555383 120.0364 11170 18.188000000000102
VEGK 29 78.9432 45.72 29 26.734861 83.462389 11 26.744556 83.437028 10830 293.0789999999979
ZSCN 03 43.586400000000005 45.0 03 28.8507707 115.8957905 21 28.8789139 115.9094393 11170 22.998999999999796
ZSCN 21 43.586400000000005 45.0 21 28.8789139 115.9094393 03 28.8507707 115.8957905 11050 202.99899999999616
OEMA 17 653.796 60.0 17 24.5764083 39.7033145 35 24.5379937 39.7114782 11170 169.06900000000314
OEMA 35 653.796 60.0 35 24.5379937 39.7114782 17 24.5764083 39.7033145 11130 349.06900000000314
OEMA 36 653.796 44.81 36 24.5360307 39.7019417 18 24.5635051 39.7039404 11050 3.777
MMAN 20 449.88480000000004 45.11 20 25.8714138 -100.2331619 02 25.8561323 -100.2438349 11070 212.1359999999986
VAID 25 563.88 45.11 25 22.7260778 75.8112611 07 22.7155917 75.7869556 11090 244.93799999999464
DAOF 26R 442.87440000000004 45.72 26R 27.7050376 -8.1528623 08L 27.6981404 -8.1822537 11010 255.5170000000071
RJKA 03 7.62 45.72 03 28.422525 129.708078 21 28.438744 129.717008 10930 25.82300000000032
VGSY 11 14.630400000000002 45.72 11 24.9692169 91.8511765 29 24.9582477 91.8796678 11150 113.0769999999975
MUHA 06 63.3984 45.0 06 22.9786385 -82.4249369 24 22.9996695 -82.3932351 11050 54.22699999999895
KHOU 13R 12.4968 46.02 13R 29.6509364 -95.2855109 31L 29.6364257 -95.2682845 11130 134.10599999999977
KHOU 31L 12.4968 46.02 31L 29.6364257 -95.2682845 13R 29.6509364 -95.2855109 11130 314.10599999999977
VGHS 14 7.315200000000001 45.0 14 23.855 90.388547 32 23.8316626 90.4070646 10950 144.01699999999983
VGHS 32 7.315200000000001 45.0 32 23.8316626 90.4070646 14 23.855 90.388547 10850 324.0170000000071
KOPF 27R 2.1336 45.72 27R 25.9138234 -80.2643341 9L 25.9126456 -80.2887018 11135 266.9290000000037
KOPF 12 2.1336 45.72 12 25.9106127 -80.2887894 30 25.9007373 -80.2711983 11155 121.98300000000017
KHUM 18 2.7432000000000003 46.02 18 29.5749501 -90.6602581 36 29.5570969 -90.6603748 10850 180.33299999999872
ZUCK 02L 414.8328 45.0 02L 29.7051727 106.6367252 20R 29.7328231 106.6462763 10970 16.717999999999847
ZUCK 20R 414.8328 45.0 20R 29.7328231 106.6462763 02L 29.7051727 106.6367252 10810 196.71799999999348
ZUCK 02R 414.8328 45.0 02R 29.7047049 106.6406657 20L 29.7358003 106.6514092 10890 16.78399999999965
ZUCK 20L 414.8328 45.0 20L 29.7358003 106.6514092 02R 29.7047049 106.6406657 11010 196.78399999999965
OENN 15 10.0584 50.0 15 27.9391905 35.2858624 33 27.9084528 35.3020061 10870 155.12000000000262
OENN 33 10.0584 50.0 33 27.9084528 35.3020061 15 27.9391905 35.2858624 10890 335.11999999999534
ZULS 28R 3570.4272 45.0 28R 29.3017448 90.9291902 10L 29.3011295 90.8879454 10870 269.03399999999965
ZULS 28L 3570.4272 45.0 28L 29.2983782 90.9328303 10R 29.2977652 90.8916901 11030 269.0430000000051
HELX 02 89.30640000000001 45.07 02 25.6585399 32.7006966 20 25.6835105 32.7122387 10850 22.639000000000124
HELX 20 89.30640000000001 45.07 20 25.6835105 32.7122387 02 25.6585399 32.7006966 11110 202.63899999999558
KISM 15 24.9936 30.48 15 28.2962552 -81.4417017 33 28.2822449 -81.4318435 10975 148.21600000000035
KLAL 10 42.976800000000004 46.0 10 27.9892504 -82.0338847 28 27.9893087 -82.0075522 11010 89.86200000000099
ZGGG 02R 13.411200000000001 60.0 02R 23.3695628 113.3076952 20L 23.4027497 113.3166849 10850 13.929000000000087
ZGGG 20L 13.411200000000001 60.0 20L 23.4027497 113.3166849 02R 23.3695628 113.3076952 11190 193.92900000000373
ZGGG 02L 13.411200000000001 60.0 02L 23.3756933 113.3053165 20R 23.4088845 113.314288 11035 13.925000000000182
ZGGG 20R 13.411200000000001 60.0 20R 23.4088845 113.314288 02L 23.3756933 113.3053165 11075 193.9250000000029
OPTU 26L 151.7904 50.0 26L 25.9857071 63.0427158 08R 25.9827202 63.0155253 11190 263.0599999999977
MMLP 18 19.812 45.11 18 24.0838983 -110.36093 36 24.0615431 -110.3641573 11050 187.53899999999703
KMFE 14 31.6992 45.72 14 26.182927 -98.2463296 32 26.1678037 -98.2325586 11170 140.7260000000024
KMFE 32 31.6992 45.72 32 26.1678037 -98.2325586 14 26.182927 -98.2463296 11170 320.7259999999951
OOMS 08R 6.7056000000000004 45.0 08R 23.5916758 58.2669031 26L 23.5948783 58.3067374 10830 84.99799999999959
OOMS 26L 6.7056000000000004 45.0 26L 23.5948783 58.3067374 08R 23.5916758 58.2669031 11030 264.99800000000687
OOMS 08L 6.7056000000000004 60.05 08L 23.6059083 58.2579356 26R 23.6090508 58.297023 10890 84.99799999999959
OOMS 26R 6.7056000000000004 60.05 26R 23.6090508 58.297023 08L 23.6059083 58.2579356 11070 264.99800000000687
VIJO 05 218.23680000000002 45.72 05 26.2425678 73.0385023 23 26.2601454 73.0578573 10890 44.90400000000045
OMAD 31 4.8768 46.02 31 24.4195726 54.470463 13 24.4373574 54.4455852 11070 308.1619999999966
KFLL 10L 0.3048 45.72 10L 26.076947 -80.166536 28R 26.076792 -80.139119 11010 90.37000000000262
KFLL 28R 0.3048 45.72 28R 26.076792 -80.139119 10L 26.076947 -80.166536 11070 270.36999999999534
KFLL 10R 0.3048 45.72 10R 26.0658881 -80.1583471 28L 26.0657456 -80.1339922 11175 90.38300000000163
KFLL 28L 0.3048 45.72 28L 26.0657456 -80.1339922 10R 26.0658881 -80.1583471 11175 270.38300000000163
VEJT 04 94.7928 45.72 04 26.72265 94.16585 22 26.740403 94.185225 10870 44.259000000000015
OEBA 25 1663.5984 45.11 25 20.3032879 41.6510373 07 20.2933731 41.6207549 11050 250.77499999999418
RCTP 05R 32.308800000000005 60.0 05R 25.0608389 121.223497 23L 25.0832667 121.2519944 11070 49.01800000000003
RCTP 23L 32.308800000000005 60.0 23L 25.0832667 121.2519944 05R 25.0608389 121.223497 11190 229.0179999999964
RCTP 05L 32.308800000000005 60.0 05L 25.0728944 121.215986 23R 25.0944972 121.2434417 11110 49.02300000000105
RCTP 23R 32.308800000000005 60.0 23R 25.0944972 121.2434417 05L 25.0728944 121.215986 10930 229.02300000000105
OIZH 35L 1390.4976000000001 45.11 35L 29.4564364 60.9077326 17R 29.4946164 60.9022636 10870 352.88400000000547
MMNL 14 147.2184 39.59 14 27.4512477 -99.5748512 32 27.4354825 -99.565006 10910 150.8510000000024
RCYU 03 15.5448 45.11 03 24.0125727 121.6109484 21 24.0347883 121.6229106 10990 26.186999999999898
OEAO 30 623.316 45.11 30 26.4761772 38.1320092 12 26.4897812 38.105406 11110 299.74199999999837
OEBT 32 78.3336 24.99 32 24.2092446 51.454447 14 24.2211968 51.4439325 11170 321.2459999999992
VEIM 04 774.192 45.5 04 24.7492914 93.889484 22 24.7700479 93.9048092 11030 34.46800000000076
OTBH 16R 39.0144 60.0 16R 25.1349621 51.3038934 34L 25.1035651 51.3177996 10830 158.15899999999965
OTBH 34L 39.0144 60.0 34L 25.1035651 51.3177996 16R 25.1349621 51.3038934 11110 338.15899999999965
OTBH 16L 39.0144 45.11 16L 25.133014 51.308036 34R 25.101617 51.321942 11055 158.04000000000087
OTBH 34R 39.0144 45.11 34R 25.101617 51.321942 16L 25.133014 51.308036 11130 338.0500000000029
VERP 24 317.2968 45.72 24 21.1909731 81.7574828 06 21.1758541 81.7306717 11030 238.83400000000256
VIDP 09 235.9152 45.0 09 28.5705694 77.0880762 27 28.5698962 77.116961 10850 91.49700000000303
VIDP 27 235.9152 45.0 27 28.5698962 77.116961 09 28.5705694 77.0880762 11050 271.497000000003
VIDP 10 235.9152 45.0 10 28.5672472 77.084831 28 28.5585752 77.122525 10950 104.72099999999773
VIDP 28 235.9152 45.0 28 28.5585752 77.122525 10 28.5672472 77.084831 11030 284.721000000005
VIDP 11R 235.9152 60.0 11R 28.54716 77.0655544 29L 28.537736 77.109537 11130 103.72099999999773
VIDP 29L 235.9152 60.0 29L 28.537736 77.109537 11R 28.54716 77.0655544 11090 283.721000000005
VIDP 11L 235.9152 45.72 11L 28.5501578 77.0681993 29R 28.5407358 77.1118843 10870 103.7280000000028
VIDP 29R 235.9152 45.72 29R 28.5407358 77.1118843 11L 28.5501578 77.0681993 11110 283.7280000000028
ROAH 18R 3.6576000000000004 60.0 18R 26.2030564 127.6324013 36L 26.1787064 127.6335485 11015 177.5789999999979
ROAH 36L 3.6576000000000004 60.0 36L 26.1787064 127.6335485 18R 26.2030564 127.6324013 11170 357.57899999999995
ROAH 36R 3.6576000000000004 45.72 36R 26.1822674 127.6464939 18L 26.2093017 127.6452379 11030 357.58899999999994
DAAT 20 1377.0864000000001 45.0 20 22.8264283 5.4575853 02 22.7971696 5.4448371 10850 201.92600000000675
DAAT 08 1377.0864000000001 45.0 08 22.8072044 5.4228251 26 22.8113049 5.4531898 10970 81.69900000000052
KLBX 17 6.4008 29.87 17 29.1182609 -95.4621013 35 29.0990113 -95.4620753 10910 179.92799999999988
RCMQ 18 202.692 61.0 18 24.28155 120.6196245 36 24.2485723 120.6218116 11170 176.54200000000128
RCMQ 36 202.692 61.0 36 24.2485723 120.6218116 18 24.28155 120.6196245 11150 356.54200000000003
HETB 04 736.092 45.11 04 29.5744676 34.7644132 22 29.6013551 34.7919503 10950 41.69599999999991
RCNN 18L 18.8976 45.11 18L 22.9641592 120.2071165 36R 22.9367181 120.2077783 11110 178.72299999999814
RCNN 36R 18.8976 45.11 36R 22.9367181 120.2077783 18L 22.9641592 120.2071165 11010 358.72299999999996
VASU 22 4.8768 45.0 22 21.1254818 72.7529247 04 21.1063002 72.7338805 10910 222.81299999999464
HEAT 31 234.696 45.0 31 27.0377744 31.0236727 13 27.0552328 31.0002993 11130 309.98799999999756
VEGT 02 49.3776 45.72 02 26.0948051 91.5797763 20 26.1206056 91.5916775 11030 22.613999999999578
ZSTX 13 134.112 45.0 13 29.7408946 118.2455983 31 29.7264689 118.2667856 10830 128.10899999999674
ZSZS 18 1.524 5.0 18 29.9466923 122.3621586 36 29.9242148 122.3644137 10875 175.03199999999924
ZSZS 36 1.524 5.0 36 29.9242148 122.3644137 18 29.9466923 122.3621586 11050 355.0320000000065
KSAT 13R 246.5832 45.72 13R 29.542726 -98.4855222 31L 29.527195 -98.465527 11090 131.76000000000204
KSAT 31L 246.5832 45.72 31L 29.527195 -98.465527 13R 29.542726 -98.4855222 11090 311.75999999999476
KTIX 36 10.3632 45.72 36 28.504489 -80.796553 18 28.524619 -80.796903 10870 359.12799999999993
VERC 31 654.4056 46.02 31 23.3065904 85.3318143 13 23.3229781 85.3116501 11050 311.45100000000093
ROMY 22 45.415200000000006 46.02 22 24.789906 125.301267 04 24.775736 125.289003 10890 218.16300000000047
MMMD 10 11.5824 46.02 10 20.9376885 -89.6602608 28 20.9300326 -89.6305369 11170 105.3839999999982
OKAS 12R 143.8656 44.5 12R 29.352544 47.506803 30L 29.338986 47.533406 10810 120.31900000000314
OKAS 30L 143.8656 44.5 30L 29.338986 47.533406 12R 29.352544 47.506803 10890 300.31900000000314
ZPJH 16 552.9072 45.11 16 21.9847769 100.758487 34 21.9643727 100.7661406 10850 160.77300000000105
ZPJH 34 552.9072 45.11 34 21.9643727 100.7661406 16 21.9847769 100.758487 11030 340.77300000000105
OEWD 10 628.4976 44.81 10 20.507131 45.185267 28 20.501419 45.213842 11050 102.03300000000309
ZGDY 08 216.71280000000002 45.0 08 29.1000677 110.4307034 26 29.1058514 110.4565854 10970 75.6939999999995
ZGDY 26 216.71280000000002 45.0 26 29.1058514 110.4565854 08 29.1000677 110.4307034 10890 255.69400000000314
DAUA 04 279.8064 45.11 04 27.8272262 -0.1961998 22 27.8480602 -0.1767558 10970 39.538000000000466
HEBL 33 187.7568 45.0 33 22.3643023 31.6189828 15 22.3877215 31.6044098 10970 330.099000000002
ZSNB 13 3.6576000000000004 45.0 13 29.8347049 121.4481276 31 29.8188767 121.4758274 10890 123.39199999999983
ZSNB 31 3.6576000000000004 45.0 31 29.8188767 121.4758274 13 29.8347049 121.4481276 11090 303.3920000000071
ZSAM 05 17.9832 45.0 05 24.5347012 118.1144225 23 24.5536014 118.140875 11030 51.84400000000096
ZSAM 23 17.9832 45.0 23 24.5536014 118.140875 05 24.5347012 118.1144225 10970 231.84399999999732
VYMD 17 90.83040000000001 60.96 17 21.7200615 95.9740231 35 21.6820305 95.9807532 11050 170.65800000000309
OMAA 13L 25.2984 60.05 13L 24.4650677 54.6382824 31R 24.4423825 54.6702151 11030 127.94799999999668
OMAA 31R 25.2984 60.05 31R 24.4423825 54.6702151 13L 24.4650677 54.6382824 10875 307.94800000000396
OMAA 13R 25.2984 60.05 13R 24.4443847 54.6352126 31L 24.4216953 54.6671758 10915 127.94700000000012
OMAA 31L 25.2984 60.05 31L 24.4216953 54.6671758 13R 24.4443847 54.6352126 10930 307.9470000000001
OEAH 34 178.61280000000002 45.11 34 25.2720322 49.4891871 16 25.2987158 49.4813238 11090 344.9470000000001
ZPPP 04 2103.4248000000002 60.0 04 25.0896552 102.9306657 22 25.1215073 102.9584205 10930 38.2440000000006
ZPPP 22 2103.4248000000002 60.0 22 25.1215073 102.9584205 04 25.0896552 102.9306657 10850 218.24400000000605
ZPPP 03 2103.4248000000002 45.0 03 25.1022231 102.9169515 21 25.1304857 102.9415785 11130 38.23500000000058
ZPPP 21 2103.4248000000002 45.0 21 25.1304857 102.9415785 03 25.1022231 102.9169515 11010 218.23500000000058
OEYN 28 13.1064 50.0 28 24.1408629 38.0789231 10 24.1474927 38.0481642 11150 283.29099999999744
VAJB 24 494.9952 45.72 24 23.1860009 80.0666369 06 23.1731058 80.0436743 11110 238.54700000000594
OPKC 25R 30.48 45.0 25R 24.9124447 67.178103 07L 24.9046835 67.1474209 11010 254.41700000000128
OPKC 25L 30.48 45.0 25L 24.9088235 67.1750794 07R 24.9006189 67.1426524 10970 254.35599999999977
GCXO 12 632.7648 45.11 12 28.4877556 -16.3569083 30 28.4776972 -16.3265861 10870 110.68299999999726
GCXO 30 632.7648 45.11 30 28.4776972 -16.3265861 12 28.4877556 -16.3569083 11030 290.68300000000454
VEMR 12 148.1328 45.11 12 25.8888202 93.7615382 30 25.879056 93.781675 10930 118.2300000000032
KCOF 21 1.524 45.72 21 28.2444312 -80.6054953 3 28.2211465 -80.6150352 11090 199.83199999999488
KSFB 27R 16.764 45.72 27R 28.781783 -81.221612 9L 28.781736 -81.255955 11015 269.90899999999965
KSRQ 14 8.8392 45.72 14 27.4046638 -82.565681 32 27.3863454 -82.5447167 11130 134.53699999999662
KSRQ 32 8.8392 45.72 32 27.3863454 -82.5447167 14 27.4046638 -82.565681 10970 314.5369999999966
KPBI 10L 5.7912 45.72 10L 26.6832114 -80.1083859 28R 26.6818748 -80.0777686 11190 92.80200000000332
KPBI 28R 5.7912 45.72 28R 26.6818748 -80.0777686 10L 26.6832114 -80.1083859 11190 272.80199999999604
OBBS 33R 41.4528 45.0 33R 25.9029967 50.5989727 15L 25.9337902 50.5822418 11015 333.9499999999971
VABO 22 39.0144 45.72 22 22.344165 73.2346068 04 22.3282493 73.2178823 11050 224.12799999999697
MMSP 14 1839.468 45.11 14 22.2735414 -100.9430952 32 22.2502194 -100.9281592 11150 149.4300000000003
OESK 28 689.1528000000001 45.11 28 29.7822941 40.1186795 10 29.7879281 40.0813695 10990 279.877999999997
OERM 34 3.9624 60.96 34 28.0652246 48.615971 16 28.0928959 48.6064026 11110 343.02099999999336
OIKB 21L 6.096 45.11 21L 27.232409 56.3875638 03R 27.203181 56.3703508 10990 207.6380000000063
KBRO 13 6.096 45.72 13 25.9127897 -97.4312953 31 25.898316 -97.4155137 11030 135.5610000000015
VAUD 26 513.2832000000001 45.72 26 24.6193856 73.9096751 08 24.6157531 73.882908 10990 261.5109999999986
OISS 29L 1498.7016 43.0 29L 29.5292161 52.6092177 11R 29.5451126 52.5690751 10990 294.58699999999953
ZUGY 01L 1138.428 45.0 01L 26.5239969 106.7984147 19R 26.5550264 106.8044612 11110 9.890999999999622
ZUGY 19R 1138.428 45.0 19R 26.5550264 106.8044612 01L 26.5239969 106.7984147 10930 189.89100000000326
ZUGY 01R 1138.428 45.0 01R 26.5234597 106.8020162 19L 26.5589208 106.8089442 11135 9.926000000000386
ZUGY 19L 1138.428 45.0 19L 26.5589208 106.8089442 01R 26.5234597 106.8020162 11155 189.92600000000675
OTHH 16L 3.9624 60.0 16L 25.2960924 51.6088588 34R 25.2554577 51.6267583 10870 158.28600000000006
OTHH 34R 3.9624 60.0 34R 25.2554577 51.6267583 16L 25.2960924 51.6088588 11010 338.2859999999928
OTHH 16R 3.9624 60.0 16R 25.2909713 51.5897198 34L 25.2553654 51.6054183 10810 158.27799999999843
OTHH 34L 3.9624 60.0 34L 25.2553654 51.6054183 16R 25.2909713 51.5897198 11190 338.2780000000057
VEBI 22 890.9304000000001 45.0 22 25.7101282 91.9836619 04 25.6973301 91.9722202 10890 218.87699999999313
KSKF 16 209.3976 45.72 16 29.399353 -98.5866774 34 29.3691145 -98.5755822 11010 162.23799999999756
KSKF 34 209.3976 45.72 34 29.3691145 -98.5755822 16 29.399353 -98.5866774 11070 342.23799999999756
KSGR 35 24.9936 30.48 35 29.611286 -95.6555 17 29.633211 -95.657569 11070 355.30800000000454
ZSFZ 03 14.020800000000001 45.0 03 25.9203829 119.6553047 21 25.9493305 119.6716229 11070 26.884000000000015
ZSFZ 21 14.020800000000001 45.0 21 25.9493305 119.6716229 03 25.9203829 119.6553047 11030 206.88400000000547
VVVD 03 7.315200000000001 45.0 03 21.1058136 107.4077557 21 21.1350681 107.4228894 10990 25.75300000000061
RCPO 05 7.62 45.11 05 24.8063088 120.9267489 23 24.8296574 120.9524466 10870 44.96800000000076
OEPS 17R 503.2248 45.0 17R 24.0958155 47.5421401 35L 24.0598199 47.5453225 10970 175.39199999999983
OEPS 35L 503.2248 45.0 35L 24.0598199 47.5453225 17R 24.0958155 47.5421401 10850 355.3920000000071
OEPS 17L 503.2248 45.0 17L 24.0810362 47.579066 35R 24.0450385 47.5822313 11070 175.3989999999976
OEPS 35R 503.2248 45.0 35R 24.0450385 47.5822313 17L 24.0810362 47.579066 11130 355.3990000000049
VVNB 11L 11.8872 45.11 11L 21.2252535 105.7925699 29R 21.2167376 105.8220307 11050 107.23799999999756
VVNB 29R 11.8872 45.11 29R 21.2167376 105.8220307 11L 21.2252535 105.7925699 10930 287.23799999999756
VVNB 11R 11.8872 45.0 11R 21.2246926 105.7863405 29L 21.2145736 105.8213462 10830 107.2300000000032
VVNB 29L 11.8872 45.0 29L 21.2145736 105.8213462 11R 21.2246926 105.7863405 11190 287.2299999999959
LLER 01 87.78240000000001 45.0 01 29.7114314 35.0096676 19 29.7428975 35.0185671 10870 13.659000000000106
LLER 19 87.78240000000001 45.0 19 29.7428975 35.0185671 01 29.7114314 35.0096676 11050 193.65899999999965
OEJN 16R 13.716000000000001 50.0 16R 21.7027526 39.1268684 34L 21.6705621 39.1395788 10930 159.8570000000036
OEJN 34L 13.716000000000001 50.0 34L 21.6705621 39.1395788 16R 21.7027526 39.1268684 10910 339.8570000000036
OEJN 16C 13.716000000000001 50.0 16C 21.6950688 39.1515304 34C 21.6611769 39.1649071 10970 159.86699999999837
OEJN 34C 13.716000000000001 50.0 34C 21.6611769 39.1649071 16C 21.6950688 39.1515304 10950 339.86699999999837
OEJN 16L 13.716000000000001 50.0 16L 21.7004415 39.1671194 34R 21.6665418 39.1804806 10850 159.87799999999697
OEJN 34R 13.716000000000001 50.0 34R 21.6665418 39.1804806 16L 21.7004415 39.1671194 10830 339.877999999997
OEDR 16R 25.2984 45.11 16R 26.2686012 50.1326061 34L 26.236692 50.142094 10910 165.08200000000215
OEDR 34L 25.2984 45.11 34L 26.236692 50.142094 16R 26.2686012 50.1326061 10970 345.0819999999949
OEDR 16L 25.2984 45.11 16L 26.2881833 50.1640963 34R 26.2567902 50.1734214 10930 165.09799999999814
OEDR 34R 25.2984 45.11 34R 26.2567902 50.1734214 16L 26.2881833 50.1640963 10990 345.09799999999814
KGAO 36 0.0 30.48 36 29.4322163 -90.2612365 18 29.4500446 -90.2610221 10910 0.5890000000072177
OJAQ 01 52.7304 45.11 01 29.5980554 35.0133176 19 29.6239535 35.0223737 11010 16.98999999999978
OJAQ 19 52.7304 45.11 19 29.6239535 35.0223737 01 29.5980554 35.0133176 11090 196.9149999999936
VELP 17 425.8056 45.11 17 23.851831 92.6176158 35 23.8301081 92.6213656 10830 171.43800000000192
VILK 27 123.1392 45.11 27 26.7607553 80.9027296 09 26.7603876 80.8751474 10990 269.1420000000071
OMDM 09 50.292 45.11 09 25.026547 55.346608 27 25.027167 55.385778 10990 88.9320000000007
OMDM 27 50.292 45.11 27 25.027167 55.385778 09 25.026547 55.346608 10990 268.9320000000007
MMIO 17 1456.0296 45.11 17 25.5514825 -100.9283789 35 25.5254928 -100.9283387 11010 179.9340000000011
KLRD 18R 153.924 45.72 18R 27.5565083 -99.4624345 36L 27.5324952 -99.4636412 11190 182.54699999999866
KNGP 13R 5.7912 60.96 13R 27.700736 -97.301589 31L 27.685175 -97.284094 11130 135.13300000000163
OEKK 31 412.0896 45.11 31 27.890306 45.542472 13 27.9115 45.513917 10870 310.14599999999336
KGNV 29 45.72 45.72 29 29.686169 -82.257508 11 29.690558 -82.2806 11130 282.34799999999814
KBPT 12 4.572 46.02 12 29.9552917 -94.0277794 30 29.9457718 -94.0095223 11015 121.08800000000338
OEPA 34 357.22560000000004 45.72 34 28.323285 46.1328095 16 28.3488294 46.121242 10850 338.24000000000524
ZGNN 05 127.7112 45.0 05 22.5985882 108.1641414 23 22.6183518 108.186828 10890 46.66900000000169
ZGNN 23 127.7112 45.0 23 22.6183518 108.186828 05 22.5985882 108.1641414 11090 226.71899999999732
OERK 15R 622.4016 60.05 15R 24.9709614 46.6748815 33L 24.9380247 46.6957374 11050 150.16700000000128
OERK 33L 622.4016 60.05 33L 24.9380247 46.6957374 15R 24.9709614 46.6748815 11010 330.1670000000013
OERK 15L 622.4016 60.05 15L 24.976855 46.702009 33R 24.9439791 46.7228237 10950 150.17700000000332
OERK 33R 622.4016 60.05 33R 24.9439791 46.7228237 15L 24.976855 46.702009 10910 330.17699999999604
RCKU 18 25.6032 45.11 18 23.4773331 120.390389 36 23.4498889 120.390722 11030 179.3619999999937
RCKU 36 25.6032 45.11 36 23.4498889 120.390722 18 23.4773331 120.390389 10990 359.3620000000001
GMAG 05 341.07120000000003 45.11 05 29.0168781 -10.0617808 23 29.0360109 -10.039416 11050 45.63300000000163
RCSS 10 17.9832 60.0 10 25.070057 121.5395544 28 25.0691285 121.5654146 10890 92.24500000000262
ROIG 04 30.7848 45.0 04 24.3891194 124.2393014 22 24.403791 124.2509033 11075 35.725000000000364
OEDF 16L 20.4216 60.05 16L 26.4885503 49.8037418 34R 26.4537425 49.8144889 11170 164.55299999999988
OEDF 34R 20.4216 60.05 34R 26.4537425 49.8144889 16L 26.4885503 49.8037418 11070 344.5529999999999
OEDF 16R 20.4216 60.05 16R 26.4885699 49.7813899 34L 26.453773 49.7921409 10810 164.54299999999785
OEDF 34L 20.4216 60.05 34L 26.453773 49.7921409 16R 26.4885699 49.7813899 10890 344.5430000000051
VEAT 18 14.020800000000001 45.11 18 23.8974722 91.2417082 36 23.8768889 91.2400195 11030 184.2899999999936
KFPR 10R 6.7056000000000004 45.72 10R 27.4972581 -80.3794014 28L 27.4971192 -80.3593284 11055 90.47899999999936
KMCO 36R 29.260800000000003 60.96 36R 28.4153166 -81.3219612 18L 28.4483352 -81.3223001 11070 359.4659999999999
KMCO 18R 29.260800000000003 60.96 18R 28.4482926 -81.3269753 36L 28.415282 -81.3266195 11190 179.45699999999488
KMCO 17R 29.260800000000003 45.72 17R 28.4356136 -81.295878 35L 28.4081097 -81.2955927 11175 179.471000000005
KMCO 35L 29.260800000000003 45.72 35L 28.4081097 -81.2955927 17R 28.4356136 -81.295878 11050 359.471
KMCO 17L 29.260800000000003 46.0 17L 28.4436992 -81.2825804 35R 28.4189467 -81.282327 11095 179.48600000000442
KMCO 35R 29.260800000000003 46.0 35R 28.4189467 -81.282327 17L 28.4436992 -81.2825804 11115 359.4859999999999
VEAB 30 97.2312 45.72 30 25.4329793 81.7483245 12 25.443971 81.7261344 11030 298.6689999999944
PHLI 35 45.72 46.02 35 21.963792 -159.335883 17 21.981683 -159.335878 11090 0.01600000000325963
VABJ 23 81.6864 45.72 23 23.295847 69.678897 05 23.279847 69.661475 11070 224.87600000000384
KNQI 13R 14.9352 60.96 13R 27.5125763 -97.8167495 31L 27.4971873 -97.7991025 11090 134.53100000000268
ZPLJ 02 2242.7184 45.0 02 26.6641123 100.2403391 20 26.6900019 100.2491531 10850 16.952000000000226
ZPLJ 20 2242.7184 45.0 20 26.6900019 100.2491531 02 26.6641123 100.2403391 10970 196.95200000000477
VAOZ 27 578.8152 45.0 27 20.1209805 73.9276578 09 20.1182371 73.8991001 11070 264.06299999999464
VTUV 36 137.4648 45.11 36 16.1072865 103.7733956 18 16.1262674 103.7742392 10950 2.4529999999999745
VOCL 10 103.3272 45.0 10 11.1384467 75.9427198 28 11.1335654 75.9684441 11070 100.96899999999732
VOCL 28 103.3272 45.0 28 11.1335654 75.9684441 10 11.1384467 75.9427198 10950 280.9689999999973
SKUI 31 62.1792 29.87 31 5.6874081 -76.6358835 13 5.6941502 -76.6465189 11070 302.54099999999744
SENL 06 299.0088 45.11 06 0.086072 -76.877628 24 0.098528 -76.861 11030 53.168000000001484
VOVZ 28 4.572 45.72 28 17.7218563 83.247305 10 17.7242564 83.2186666 11110 274.9079999999958
VOTR 27 87.78240000000001 45.11 27 10.7670713 78.7287974 09 10.7653385 78.7067047 11090 265.42699999999604
DNAS 11 92.964 60.0 11 6.2085467 6.6520362 29 6.1988857 6.6812395 10830 108.3550000000032
SVMI 10L 69.7992 45.11 10L 10.6037577 -67.0127077 28R 10.6047762 -66.9807792 11010 88.12700000000041
WMKM 03 10.668000000000001 45.0 03 2.2572229 102.2479718 21 2.2739261 102.2575871 11170 29.941000000000713
WMKL 03 7.9248 45.0 03 6.3155433 99.7188834 21 6.343987 99.7383396 11070 34.1830000000009
SOCA 08 7.62 45.11 08 4.8140145 -52.3742309 26 4.8261041 -52.3479738 11030 65.17900000000009
DGSI 20 287.1216 45.11 20 6.725472 -1.588606 2 6.703789 -1.593063 10890 191.43399999999383
FGSL 22 23.1648 45.0 22 3.7651909 8.717549 04 3.7454187 8.6998554 10970 221.74000000000524
GOBD 01 88.39200000000001 60.05 01 14.6551721 -17.0726647 19 14.6868071 -17.0729615 11010 359.4789999999998
OYAA 08 1.524 45.11 08 12.8263918 45.0149222 26 12.8325867 45.0428199 11030 77.24799999999959
VDPP 23 12.192 43.89 23 11.556002 104.8539818 05 11.5370722 104.8342778 10970 225.58699999999953
VTUW 15 178.61280000000002 45.11 15 17.393042 104.636233 33 17.374547 104.649811 10970 144.98599999999715
VTUU 23 123.444 45.11 23 15.259728 104.881167 05 15.242825 104.859294 11010 231.30800000000454
VOMD 27 139.5984 45.11 27 9.835053 78.101694 09 9.8337278 78.0808417 11050 265.78800000000047
VVTS 25R 10.0584 46.5 25R 10.8248464 106.6631549 07L 10.815035 106.6371644 11050 248.97500000000582
VVTS 07R 10.0584 46.5 07R 10.8113588 106.6368252 25L 10.8237094 106.6695249 11170 68.98400000000038
VVTS 25L 10.0584 46.5 25L 10.8237094 106.6695249 07R 10.8113588 106.6368252 10830 248.98399999999674
SKCG 01 0.0 45.0 01 10.4308708 -75.513362 19 10.4524708 -75.5124772 11130 2.3090000000001965
FKKR 09 241.4016 45.11 09 9.3350035 13.354516 27 9.3369705 13.3854528 10950 86.3169999999991
VTBK 21 8.2296 45.11 21 14.1128344 99.9235476 03 14.0912244 99.9109977 10990 209.40200000000186
WMKN 04 6.096 45.72 04 5.3697538 103.0906825 22 5.3922167 103.1126606 10810 44.326999999999316
MGGT 02 1509.3696 59.74 02 14.570397 -90.531614 20 14.596147 -90.523333 11010 17.287999999999556
MUCU 10 75.8952 45.0 10 19.9696971 -75.8547136 28 19.9700708 -75.8164229 11070 86.33200000000215
HDAM 27 14.630400000000002 45.72 27 11.547131 43.1739019 09 11.5475366 43.1450011 11030 270.82600000000093
SVVA 10 431.59680000000003 49.99 10 10.1504182 -67.942184 28 10.1491538 -67.914806 11030 92.07400000000052
FKKD 30 10.0584 39.93 30 4.0002448 9.7309693 12 4.0118642 9.7080495 11030 296.94100000000617
VOTP 26 106.68 52.39 26 13.6341615 79.554066 08 13.6311105 79.5330678 11130 261.52999999999884
VTCN 02 208.788 45.11 02 18.799511 100.780086 20 18.816317 100.786753 11030 20.58600000000024
WIDD 04 38.1 45.11 04 1.1073893 104.1068176 22 1.1345626 104.1307787 11010 41.41200000000026
MMSM 04L 2243.6328000000003 45.0 04L 19.7340727 -99.039686 22R 19.7606454 -99.0072049 10930 49.004000000000815
MMSM 22R 2243.6328000000003 45.0 22R 19.7606454 -99.0072049 04L 19.7340727 -99.039686 11030 229.00400000000081
MMSM 04C 2243.6328000000003 45.0 04C 19.7285525 -99.0230948 22C 19.7551242 -98.9906187 11130 49.01000000000022
MMSM 22C 2243.6328000000003 45.0 22C 19.7551242 -98.9906187 04C 19.7285525 -99.0230948 11090 229.00999999999476
MTPP 10 37.1856 43.0 10 18.5793229 -72.3070118 28 18.5807814 -72.2780737 11150 86.96600000000035
SKBQ 05 29.8704 45.0 05 10.8791983 -74.7898007 23 10.8999321 -74.77195 10990 40.095000000001164
SKLM 10 105.156 45.0 10 11.2325861 -72.49705 28 11.232583 -72.48148 11030 90.00200000000041
HHAS 07 2335.0728 45.11 07 15.2841287 38.8944301 25 15.2914873 38.9213939 11030 74.20400000000154
RPSP 21 12.4968 45.11 21 9.5836578 123.7764693 03 9.5642002 123.764859 11110 210.50900000000547
DNMA 05 334.97520000000003 60.05 05 11.845939 13.071264 23 11.864547 13.091306 11030 46.509000000000015
SVCS 10 653.796 30.0 10 10.2875284 -66.8251901 28 10.2863041 -66.8069778 10970 93.94600000000355
WMKK 14L 20.7264 60.0 14L 2.7784774 101.7018528 32R 2.7483417 101.7220583 10850 146.19400000000314
WMKK 32R 20.7264 60.0 32R 2.7483417 101.7220583 14L 2.7784774 101.7018528 10910 326.19400000000314
WMKK 15 20.7264 60.0 15 2.7382139 101.6774917 33 2.7085194 101.6974028 11010 146.18699999999808
WMKK 33 20.7264 60.0 33 2.7085194 101.6974028 15 2.7382139 101.6774917 11150 326.18700000000536
WMKK 14R 20.7264 60.0 14R 2.7432889 101.6979528 32L 2.7132944 101.7180639 11070 146.19000000000233
WMKK 32L 20.7264 60.0 32L 2.7132944 101.7180639 14R 2.7432889 101.6979528 11190 326.1900000000023
WMKJ 16 40.8432 45.0 16 1.6555028 103.6639755 34 1.6232361 103.675725 10990 160.00400000000081
DBBB 24 5.7912 44.0 24 6.3637227 2.3931157 06 6.3506721 2.3757561 10950 232.87300000000687
VVVH 17 6.4008 45.11 17 18.7483554 105.6692876 35 18.7268662 105.6722027 10830 172.6229999999996
SKCC 16 334.36560000000003 45.0 16 7.9397849 -72.5191571 34 7.9224263 -72.5086019 10990 148.9360000000015
SKCC 21 334.36560000000003 45.11 21 7.9343759 -72.5094678 03 7.9177501 -72.5145997 11030 197.01399999999558
SKBG 35 1188.72 45.11 35 7.1164559 -73.1809743 17 7.1365538 -73.1885487 11070 339.5320000000065
VVBM 09 528.828 45.11 09 12.668528 108.106472 27 12.668094 108.134069 10970 90.97200000000157
PGSN 07 64.92240000000001 60.96 07 15.1144691 145.7179209 25 15.1235339 145.7407901 10990 67.67799999999988
VTUQ 06 233.17200000000003 45.0 06 14.9449417 102.3041853 24 14.9540531 102.3213092 10970 61.18500000000131
VTUD 30 176.47920000000002 45.11 30 17.380172 102.801036 12 17.3927 102.775458 11010 297.1729999999952
VOCI 09 8.2296 50.0 09 10.1505005 76.3849994 27 10.1516672 76.4159995 11110 87.87199999999939
VOCI 27 8.2296 50.0 27 10.1516672 76.4159995 09 10.1505005 76.3849994 11030 267.872000000003
VOBZ 26 24.9936 45.72 26 16.5335833 80.8108056 08 16.528894 80.788831 10950 257.68099999999686
VABB 09 11.8872 60.0 09 19.0884275 72.8479407 27 19.0888835 72.8806849 10950 89.15699999999924
VABB 27 11.8872 60.0 27 19.0888835 72.8806849 09 19.0884275 72.8479407 11030 269.1570000000065
VABB 14 11.8872 45.72 14 19.0985115 72.8572171 32 19.0804634 72.8768111 11010 134.2719999999972
DNAA 04 342.29040000000003 45.11 04 8.9934299 7.2537296 22 9.0201511 7.2726131 11190 34.917999999999665
DNAA 22 342.29040000000003 45.11 22 9.0201511 7.2726131 04 8.9934299 7.2537296 10930 214.91800000000512
HHMS 07 58.8264 44.0 07 15.6657854 39.3538651 25 15.674172 39.3863716 11050 75.00800000000163
ZJQH 15 16.154400000000003 45.0 15 19.1540236 110.4451987 33 19.1289085 110.4603048 10970 150.3570000000036
ZJQH 33 16.154400000000003 45.0 33 19.1289085 110.4603048 15 19.1540236 110.4451987 10930 330.3570000000036
WMKI 04 39.0144 36.88 04 4.5610947 101.0860091 22 4.5746621 101.0979385 11050 41.259000000000015
ZJHK 09 22.555200000000003 45.11 09 19.9347332 110.441697 27 19.9348348 110.4761103 11150 89.82400000000052
ZJHK 27 22.555200000000003 45.11 27 19.9348348 110.4761103 09 19.9347332 110.441697 10850 269.82399999999325
ZJHK 10 22.555200000000003 60.96 10 19.9537217 110.4483089 28 19.9538233 110.4827231 10895 89.82400000000052
ZJHK 28 22.555200000000003 60.96 28 19.9538233 110.4827231 10 19.9537217 110.4483089 10935 269.82399999999325
SVVG 09 76.2 45.11 09 8.6220671 -71.6874104 27 8.6255516 -71.662647 11030 81.90000000000146
MPSM 35 36.8808 45.0 35 8.3694312 -80.1266102 17 8.3906741 -80.1326452 11030 344.2939999999944
VOTV 32 4.8768 45.72 32 8.4712769 76.9304956 14 8.4931754 76.9091676 10990 316.0399999999936
HKEL 08 2115.0072 45.11 08 0.400914 35.221294 26 0.407108 35.252119 11050 78.63300000000163
MHLM 22 27.432000000000002 45.11 22 15.4616144 -87.9157211 04 15.4422996 -87.9325842 11070 220.0789999999979
VOBL 27L 914.4000000000001 54.86 27L 13.1894486 77.726826 9R 13.1897453 77.6899534 11150 270.5139999999956
VOBL 09L 914.4000000000001 45.0 09L 13.2071615 77.6860768 27R 13.2068435 77.7229555 10930 90.5089999999982
VOBL 27R 914.4000000000001 45.0 27R 13.2068435 77.7229555 09L 13.2071615 77.6860768 10830 270.50900000000547
VTSB 22 6.096 45.11 22 9.1423149 99.1451385 04 9.1228265 99.1260428 10950 223.98600000000442
WBGB 17 22.555200000000003 55.0 17 3.1362058 113.0170905 35 3.1119698 113.0224108 10870 167.6489999999976
SKPQ 19 172.51680000000002 49.99 19 5.4972119 -74.6567385 01 5.4697461 -74.6580255 10930 182.66599999999744
RPMD 05 28.956000000000003 45.11 05 7.116681 125.6354981 23 7.134363 125.656055 10910 49.08499999999913
RPMD 23 28.956000000000003 45.11 23 7.134363 125.656055 05 7.116681 125.6354981 10990 229.0850000000064
VLLB 23 291.084 45.11 23 19.9136217 102.1782251 05 19.8965595 102.1573157 10870 229.0460000000021
HAMK 29 2255.52 45.11 29 13.4612579 39.5491089 11 13.4732907 39.5182311 11170 291.81900000000314
DNIL 05 342.90000000000003 60.0 05 8.430969 4.483306 23 8.449261 4.504631 10990 49.07900000000154
DNIM 17 113.99520000000001 45.0 17 5.4390072 7.2033163 35 5.4153139 7.2087279 11090 167.1909999999989
DNEN 26 141.4272 45.11 26 6.4758856 7.5722983 08 6.4712308 7.5455618 10830 260.09100000000035
DNPO 21 26.2128 60.05 21 5.027408 6.955933 03 5.003503 6.943125 11030 208.10000000000582
MPTO 03R 40.5384 45.11 03R 9.0475612 -79.3926318 21L 9.0715622 -79.3789929 11070 29.33100000000013
OEBH 18 1184.7576000000001 44.81 18 19.997861 42.624333 36 19.970417 42.621358 11010 185.78599999999278
HUEN 17 1152.7536 45.0 17 0.0556106 32.4362327 35 0.0228576 32.4407722 11070 172.09500000000116
MMVA 08 13.411200000000001 45.11 08 17.9962823 -92.827585 26 17.9974877 -92.806744 11050 86.52600000000166
VVDH 29 0.0 45.0 29 17.5089962 106.6053804 11 17.5178792 106.584737 11030 294.2170000000042
VTSC 02 5.486400000000001 45.11 02 6.5074972 101.7380139 20 6.5282333 101.7470056 11010 23.337999999999738
WBKW 24 17.3736 47.24 24 4.319722 118.132222 06 4.306944 118.111667 11130 238.19500000000698
VTST 08 20.1168 45.11 08 7.507222 99.6071667 26 7.5105367 99.6279438 11030 80.85299999999916
VTPO 36 54.559200000000004 45.11 36 17.228506 99.818 18 17.247478 99.818364 10950 1.1130000000000564
SKPE 08 1345.9968000000001 45.11 08 4.8095583 -75.7492308 26 4.8155746 -75.7307042 10950 71.98300000000017
RPLC 02 146.9136 60.96 02 15.1743756 120.5578383 20 15.201382 120.5685415 10930 20.92699999999968
RPLC 20 146.9136 60.96 20 15.201382 120.5685415 02 15.1743756 120.5578383 11010 200.92699999999604
VYYY 21 32.6136 60.96 21 16.9237462 96.1445169 03 16.8979199 96.1269242 10990 213.08699999999953
TIST 10 6.096 46.0 10 18.3368727 -64.9834414 28 18.3377273 -64.9632589 11010 87.42799999999988
DXNG 03 461.77200000000005 45.11 03 9.75598 1.086405 21 9.778362 1.0960767 11030 22.886000000000422
SKPS 20 1815.9984000000002 45.1 20 1.4058995 -77.2885045 02 1.386989 -77.293523 11070 194.85400000000664
VCRI 23 48.1584 60.0 23 6.29545 81.1355111 05 6.2734801 81.1127442 10950 225.85000000000582
MDST 11 171.60240000000002 46.0 11 19.4087636 -70.6168889 29 19.4034138 -70.5925426 10930 103.09300000000076
VTSS 26 27.127200000000002 45.11 26 6.934424 100.40786 08 6.930988 100.380512 10990 262.78800000000047
WBGS 13 37.1856 45.72 13 2.2699063 111.9759133 31 2.2539074 111.9948584 11050 130.21600000000035
VOHY 27 530.9616 45.11 27 17.4534284 78.4840401 09 17.4528545 78.453637 11010 268.88499999999476
DIAP 21 6.096 45.0 21 5.2737882 -3.9207049 03 5.2487068 -3.9310457 11030 202.32799999999406
HSPN 34 42.976800000000004 45.11 34 19.4226088 37.2366659 16 19.4446572 37.2314757 11030 347.49199999999837
VYNT 16 89.61120000000001 60.96 16 19.6387823 96.1942755 34 19.608304 96.2077534 11010 157.37999999999738
RPVI 20 50.5968 45.0 20 10.8436333 122.497283 02 10.8224001 122.4894304 11150 199.96400000000722
WIMM 05 7.010400000000001 60.0 05 3.6258724 98.8586292 23 3.6498464 98.8824922 10930 44.84300000000076
WIMM 23 7.010400000000001 60.0 23 3.6498464 98.8824922 05 3.6258724 98.8586292 11090 224.84299999999348
OEAB 13 2090.0136 45.11 13 18.2499406 42.6441708 31 18.2309104 42.6687809 10990 129.2039999999979
VVPK 27 743.712 45.0 27 14.0043007 108.0257646 09 14.0046586 108.0035483 10910 270.9630000000034
WIBB 36 31.0896 45.11 36 0.4474913 101.4441268 18 0.4709761 101.444791 11110 1.6330000000000382
DXXX 22 21.640800000000002 45.11 22 6.1763286 1.2626177 04 6.1550683 1.2456896 11010 218.39599999999336
MMTO 15 2579.2176 45.11 15 19.3545058 -99.5739101 33 19.3196205 -99.5581566 10950 156.84500000000116
VVDN 35R 10.0584 45.11 35R 16.0290376 108.2025276 17L 16.0603656 108.1980043 11150 352.05899999999383
VVDN 35L 10.0584 45.11 35L 16.030125 108.200392 17R 16.057408 108.196433 11050 352.0570000000007
WBGR 02 17.9832 60.05 02 4.3113887 113.9818595 20 4.3337918 113.9923351 11010 24.846999999999753
PGUM 06L 92.6592 45.72 06L 13.4777358 144.7814199 24R 13.4917612 144.812089 11030 64.82300000000032
PGUM 06R 92.6592 45.72 06R 13.477161 144.784817 24L 13.488839 144.810358 11090 64.8179999999993
VTSR 02 17.3736 45.11 02 9.769342 98.581808 20 9.785903 98.589158 11050 23.615999999999985
VTPI 18 32.6136 45.11 18 15.290919 100.296175 36 15.263686 100.295522 10870 181.2719999999972
VTPI 18 32.6136 20.42 18 15.1145811 145.701946 36 15.1143069 145.701942 10870 181.2719999999972
VTSE 24 5.486400000000001 45.11 24 10.7159102 99.370022 06 10.7064195 99.3533788 10990 239.89999999999418
WBKS 08 14.020800000000001 46.02 08 5.8992037 118.0468911 26 5.9028443 118.0691649 10930 80.73600000000079
VTSG 32 24.9936 45.0 32 8.0854833 98.9974056 14 8.106467 98.980119 11010 320.80100000000675
VTSP 27 24.9936 45.11 27 8.1145913 98.3313074 09 8.1118965 98.3032652 10990 266.00999999999476
WBGG 25 26.822400000000002 46.02 25 1.4935545 110.3685189 07 1.4809959 110.3369135 11030 248.3249999999971
VVDL 09 960.7296 45.0 09 11.7523342 108.3469115 27 11.7538417 108.376693 11090 86.90399999999863
MZBZ 07 4.572 45.72 07 17.5369095 -88.318157 25 17.542878 -88.2910025 10890 76.98099999999977
WBSB 03 22.250400000000003 46.02 03 4.930037 114.9198429 21 4.9583368 114.9368642 10890 30.912000000000262
WBSB 21 22.250400000000003 46.02 21 4.9583368 114.9368642 03 4.930037 114.9198429 10970 210.91199999999662
MMMX 05R 2223.8208 45.11 05R 19.4264917 -99.0868051 23L 19.445323 -99.0532398 10910 59.266999999999825
MMMX 23L 2223.8208 45.11 23L 19.445323 -99.0532398 05R 19.4264917 -99.0868051 10970 239.2670000000071
MROC 07 920.4960000000001 46.0 07 9.9890554 -84.2217884 25 9.9986962 -84.1960719 10950 69.20400000000154
GBYD 32 28.956000000000003 45.11 32 13.3272342 -16.6396279 14 13.3484357 -16.6648757 10950 310.8530000000028
DNKA 05 631.8504 60.05 05 10.6871229 7.3096801 23 10.7046368 7.3306213 11010 49.543000000001484
FOOL 16 11.8872 45.11 16 0.4708492 9.4063573 34 0.4464623 9.4181573 10950 154.19200000000274
WAMG 27 17.9832 45.0 27 0.6357547 122.8602889 09 0.638534 122.8380039 11010 277.2810000000027
WIMN 27 1237.1832000000002 28.96 27 2.2591348 98.9980973 09 2.2602326 98.9742856 10870 272.61599999999453
FGBT 21 4.8768 60.05 21 1.9158733 9.8125614 3 1.8892028 9.7992856 10910 206.45500000000175
FKYS 19 693.7248000000001 45.0 19 3.7377234 11.555999 01 3.7073977 11.5507031 10990 189.9140000000043
SYCJ 06 28.956000000000003 46.02 06 6.4874348 -58.2652697 24 6.5089568 -58.2437652 10930 44.772000000000844
VTSF 19 3.9624 45.0 19 8.5490392 99.9457555 01 8.5301542 99.9437625 10970 185.95900000000256
VTPP 32 44.196000000000005 45.0 32 16.7719936 100.2874203 14 16.7939237 100.2708066 11010 324.0639999999985
TNCC 11 7.010400000000001 60.05 11 12.1921677 -68.9751158 29 12.1856845 -68.9443557 11190 102.18000000000029
SKRG 01 2140.0008000000003 45.11 01 6.1492613 -75.4230259 19 6.1803635 -75.4232232 11090 359.6289999999999
SMJP 11 17.9832 45.11 11 5.4527356 -55.203494 29 5.4528467 -55.1719832 10990 89.66599999999744
RPVP 27 20.7264 45.11 27 9.7415978 118.7705795 09 9.7426373 118.746896 11010 272.5310000000027
FTTJ 05 294.7416 45.11 05 12.1249009 15.0247536 23 12.142521 15.043227 10990 45.722999999999956
DNGO 05 483.108 45.0 05 10.2891341 10.887069 23 10.3071665 10.9110254 10810 52.57600000000093
WSSS 02L 6.4008 60.05 02L 1.3490249 103.9774702 20R 1.3821632 103.9914665 11090 22.884000000000015
WSSS 20R 6.4008 60.05 20R 1.3821632 103.9914665 02L 1.3490249 103.9774702 10890 202.88400000000547
WSSS 02R 6.4008 60.05 02R 1.3224584 103.9998818 20L 1.355601 104.0138678 11050 22.881999999999607
WSSS 20L 6.4008 60.05 20L 1.355601 104.0138678 02R 1.3224584 103.9998818 10855 203.00999999999476
WSSS 02C 6.4008 60.05 02C 1.3288183 103.9850061 20C 1.3619639 103.998985 10830 22.881999999999607
WSSS 20C 6.4008 60.05 20C 1.3619639 103.998985 02C 1.3288183 103.9850061 10970 202.8819999999978
MRLB 07 82.296 45.0 07 10.5891721 -85.5562848 25 10.5976187 -85.5326895 11130 69.98500000000058
DIYO 05 213.0552 45.11 05 6.892982 -5.3751685 23 6.9132538 -5.357072 10950 41.53900000000067
OYSN 18 2171.7000000000003 45.11 18 15.4909773 44.2196765 36 15.4615747 44.2198538 11090 179.65499999999884
MMAA 10 4.8768 45.0 10 16.7599917 -99.7630878 28 16.7507755 -99.7336406 11190 108.11200000000099
MMAA 28 4.8768 45.0 28 16.7507755 -99.7336406 10 16.7599917 -99.7630878 10990 288.1119999999937
GFLL 30 25.2984 45.72 30 8.6121975 -13.1816269 12 8.620679 -13.2094507 10990 287.1499999999942
VOGO 08 56.997600000000006 45.11 08 15.3778055 73.8170983 26 15.3838673 73.8483912 10830 78.65199999999822
VOGO 26 56.997600000000006 45.11 26 15.3838673 73.8483912 08 15.3778055 73.8170983 11030 258.65200000000186
WBKK 02 2.1336 45.0 02 5.9182045 116.0431837 20 5.9496007 116.0564436 10810 22.781999999999243
WBKK 20 2.1336 45.0 20 5.9496007 116.0564436 02 5.9182045 116.0431837 11110 202.78200000000652
VOKN 25 104.8512 45.0 25 11.9224891 75.5574167 07 11.9126749 75.5312671 10890 249.04899999999907
VVPQ 10 7.010400000000001 50.0 10 10.1711916 103.9794725 28 10.1685047 104.0067664 10810 95.74700000000303
VVPQ 28 7.010400000000001 50.0 28 10.1685047 104.0067664 10 10.1711916 103.9794725 10870 275.747000000003
RPMY 27 57.912000000000006 45.0 27 8.6129463 124.4660021 09 8.6114676 124.446999 11130 265.525999999998
DNKN 06 476.0976 60.05 06 12.041617 8.50665 24 12.056025 8.533203 10950 60.98400000000038
DNKN 24 476.0976 60.05 24 12.056025 8.533203 06 12.041617 8.50665 11110 240.98399999999674
HAAB 25L 2332.9392000000003 45.11 25L 8.982006 38.8166456 07R 8.9723303 38.7834797 11150 253.56200000000536
SBBV 08 82.9056 45.11 08 2.8407698 -60.7009004 26 2.8518522 -60.6792355 10930 62.85599999999977
WITT 17 19.2024 45.11 17 5.5389938 95.4170997 35 5.5124743 95.4225593 11130 168.39100000000326
PGUA 06L 188.0616 65.53 06L 13.5791898 144.9130179 24R 13.5929259 144.9444025 10930 65.75600000000122
PGUA 24R 188.0616 65.53 24R 13.5929259 144.9444025 06L 13.5791898 144.9130179 10930 245.82799999999406
PGUA 06R 188.0616 60.96 06R 13.5742016 144.9139579 24L 13.5879001 144.9452304 11010 65.73500000000058
PGUA 24L 188.0616 60.96 24L 13.5879001 144.9452304 06R 13.5742016 144.9139579 11010 245.73500000000058
TNCA 11 18.288 45.11 11 12.5044935 -70.0282697 29 12.4984472 -70.0029707 10870 103.72499999999854
VVPC 33 24.384 45.11 33 13.943464 109.050022 15 13.966506 109.034511 11010 326.8289999999979
VLVT 13 167.94480000000001 45.11 13 17.9979673 102.5532497 31 17.9787181 102.5731937 10990 135.4190000000017
DNJO 10 1288.9992 45.0 10 9.6410587 8.8554529 28 9.6385694 8.8826864 11070 95.28899999999703
DGAA 21 62.1792 60.96 21 5.6190625 -0.1615055 03 5.5906289 -0.1732141 10990 202.2630000000063
WAMM 18 80.4672 45.11 18 1.5612639 124.9267505 36 1.5373303 124.9259377 11110 181.89999999999418
WAMM 36 80.4672 45.11 36 1.5373303 124.9259377 18 1.5612639 124.9267505 11050 1.8999999999999773
TISX 10 18.8976 46.02 10 17.7000565 -64.8162901 28 17.7029551 -64.7876776 10950 83.93800000000192
GQNO 06 2.4384 45.11 06 18.2947845 -15.992401 24 18.3088135 -15.9750852 10910 49.52100000000064
GQNO 34 2.4384 60.05 34 18.2898054 -15.9573522 16 18.316328 -15.9735907 11090 329.849000000002
VAPO 28 591.9216 45.0 28 18.581596 73.9304646 10 18.5830797 73.9064012 10870 274.2130000000034
VVPB 27 14.325600000000001 39.62 27 16.3999473 107.7163734 09 16.4012933 107.6910836 10950 273.1999999999971
DFFD 04 316.0776 45.11 04 12.3417242 -1.519969 22 12.3644988 -1.5048048 11010 33.20900000000074
VTPB 36 137.16 45.0 36 16.6665295 101.1950995 18 16.6855031 101.1951168 10910 0.04800000000000182
MDSI 21 33.8328 60.96 21 18.512311 -69.757261 03 18.495097 -69.766147 10910 205.87200000000303
VOHS 09L 616.3056 45.72 09L 17.2306557 78.4121175 27R 17.2311938 78.4534526 10890 89.17799999999988
VOHS 09R 616.3056 60.96 09R 17.2285898 78.4127989 27L 17.2291438 78.4528828 10850 89.1820000000007
VOHS 27L 616.3056 60.96 27L 17.2291438 78.4528828 09R 17.2285898 78.4127989 11090 269.1820000000007
VOPB 04 4.2672 45.0 04 11.6293108 92.7207271 22 11.6531814 92.738608 11010 36.21800000000076
RPLL 06 74.9808 60.0 06 14.4981046 121.0005947 24 14.513837 121.0289049 10910 60.15399999999863
RPLL 24 74.9808 60.0 24 14.513837 121.0289049 06 14.4981046 121.0005947 10990 240.153999999995
PHKO 17 13.1064 45.72 17 19.7537822 -156.0443419 35 19.7236868 -156.04701 10970 184.8199999999997
RPVB 03 6.7056000000000004 45.0 03 10.7688017 123.0145451 21 10.784432 123.0236416 10970 29.81500000000051
TTPP 10 17.3736 46.02 10 10.5952864 -61.3518554 28 10.5953718 -61.3225686 10970 89.83699999999953
DGLE 23 168.55440000000002 46.02 23 9.5482683 -0.8721106 5 9.5664253 -0.854213 11190 224.25500000000466
GUCY 06 21.031200000000002 48.0 06 9.5672434 -13.6233222 24 9.5865373 -13.6005104 11030 49.383999999998196
DNSO 08 307.5432 60.05 08 12.912775 5.193442 26 12.919017 5.220347 10950 76.61699999999837
OENG 06 1213.7136 45.11 06 17.6045931 44.4066931 24 17.6183591 44.4315802 10930 59.85399999999936
WBKL 14 30.7848 45.11 14 5.3126972 115.241975 32 5.292164 115.255997 11110 145.81300000000192
DFOO 06 460.55280000000005 54.86 06 11.1507778 -4.3432083 24 11.168997 -4.319025 10970 52.57500000000073
VAAU 27 582.4728 45.11 27 19.8633671 75.4091018 09 19.8627743 75.381958 11010 269.42399999999907
SKAR 20 1215.5424 36.0 20 4.4617816 -75.7639273 02 4.441376 -75.7688218 11030 193.43399999999383
OOSA 07 22.250400000000003 60.0 07 17.0343526 54.0697063 25 17.0462512 54.1051642 10870 70.67299999999886
OOSA 25 22.250400000000003 60.0 25 17.0462512 54.1051642 07 17.0343526 54.0697063 11090 250.67299999999523
TFFR 12 10.668000000000001 45.3 12 16.268065 -61.5467548 30 16.2627207 -61.5179745 11030 100.92199999999866
WMKD 36 17.6784 45.72 36 3.7628244 103.2082742 18 3.7875921 103.2096278 10950 3.1059999999999945
WMKE 34 5.486400000000001 30.0 34 4.5313383 103.4285138 16 4.5430639 103.4248405 10870 342.6499999999942
GLRB 04 7.9248 45.72 04 6.2208108 -10.3701712 22 6.2468032 -10.354475 11030 30.90600000000086
GVAC 01 54.559200000000004 45.11 01 16.7239465 -22.9488681 19 16.7510597 -22.9490558 10990 359.61799999999994
OEGN 33 6.096 45.11 33 16.889142 42.592942 15 16.913019 42.578622 10990 330.2079999999987
FEFF 34 368.1984 45.11 34 4.3879937 18.5222775 16 4.4107794 18.516369 11030 345.4780000000028
OEKM 24 2065.9344 45.11 24 18.30475 42.804722 06 18.287694 42.773361 10950 240.23799999999756
OEKM 14 2065.9344 45.11 14 18.311528 42.806525 32 18.284917 42.829333 10870 141.1860000000015
SKCL 02 963.7776 45.0 02 3.5298083 -76.3840083 20 3.5565417 -76.3793694 10990 9.82800000000043
SKUA 07 86.86800000000001 44.2 07 5.520306 -68.693939 25 5.528658 -68.677258 10930 63.32900000000154
VTUI 23 160.9344 45.11 23 17.2034401 104.1272943 05 17.1868005 104.109984 11030 224.83699999999953
VOMM 07 15.24 45.11 07 12.984139 80.152953 25 12.995992 80.184442 11030 68.9320000000007
VOMM 25 15.24 45.11 25 12.995992 80.184442 07 12.984139 80.152953 10970 248.9320000000007
VTBU 18 17.9832 60.05 18 12.6955778 101.0062798 36 12.664075 101.003717 11190 184.60499999999593
SKMR 32 12.4968 45.0 32 8.8155531 -75.8185076 14 8.8309919 -75.8325993 11090 317.9520000000048
GGOV 21 38.7096 45.11 21 11.9085594 -15.6489702 03 11.8811463 -15.6583887 10930 198.55999999999767
WMSA 15 26.2128 47.0 15 3.1453601 101.5407516 33 3.1158835 101.5580278 11030 149.6730000000025
SVMC 03L 79.5528 45.11 03L 10.545913 -71.7341473 21R 10.5709106 -71.7235113 11010 22.701999999999316
WMKP 04 3.3528000000000002 46.0 04 5.2859618 100.266689 22 5.3084047 100.2870118 10990 42.050999999999476
DNMM 18L 42.062400000000004 45.0 18L 6.5970061 3.3288352 36R 6.5722197 3.3291375 11030 179.28600000000006
DNMM 18R 42.062400000000004 60.0 18R 6.5877854 3.3131278 36L 6.5525179 3.3135589 10810 179.3090000000011
TFFF 10 4.2672 45.0 10 14.5884622 -61.0183166 28 14.5931711 -60.990873 10990 79.95700000000215
TJSJ 08 1.524 60.96 08 18.4383284 -66.0159307 26 18.4495241 -65.9882852 11030 66.87099999999919
TJSJ 10 1.524 46.02 10 18.4335603 -66.013728 28 18.4335094 -65.9906 10970 90.14899999999761
ZJSY 08 28.346400000000003 45.0 08 18.3008653 109.3963389 26 18.3050132 109.4281967 10950 82.22999999999956
ZJSY 26 28.346400000000003 45.0 26 18.3050132 109.4281967 08 18.3008653 109.3963389 10850 262.2299999999959
SVBM 09 622.7064 45.0 09 10.040587 -69.3713862 27 10.0439073 -69.3499021 11050 81.09100000000035
VLPS 15 106.9848 45.0 15 15.1438585 105.7735031 33 15.1256753 105.7856991 10890 147.12200000000303
SKAP 28 373.9896 49.99 28 4.075066 -73.5514919 10 4.077096 -73.5739189 10890 275.1959999999963
VOML 24 102.4128 46.02 24 12.9602041 74.8959502 06 12.9485217 74.8766687 11010 238.2280000000028
VVCR 02L 12.192 45.72 02L 11.985089 109.214822 20R 12.011169 109.223864 11070 18.730999999999767
VVCR 02R 12.192 45.0 02R 11.9816055 109.216553 20L 12.0076319 109.2255782 11190 18.725000000000364
VVCR 20L 12.192 45.0 20L 12.0076319 109.2255782 02R 11.9816055 109.216553 11030 198.72500000000582
SKTQ 25 178.00320000000002 24.08 25 0.7497052 -75.2263695 07 0.7420948 -75.2416805 10930 243.63300000000163
OESH 08 719.9376000000001 44.81 08 17.4653421 47.1042261 26 17.4684085 47.1385363 10970 84.63000000000102
VDSV 21 10.0584 34.14 21 10.584361 103.639572 03 10.5646778 103.6287861 10910 207.78100000000268
VOBG 27 887.5776000000001 60.96 27 12.9515804 77.684325 09 12.9488006 77.6538168 11050 264.6689999999944
VTUN 24 222.19920000000002 45.11 24 14.9408721 102.0909682 06 14.9282228 102.0662619 10990 242.09100000000035
VVCA 32 2.4384 45.0 32 15.3963494 108.7159747 14 15.4156729 108.6957177 10850 314.71600000000035
VVTH 21 7.315200000000001 45.0 21 13.0597853 109.3406291 03 13.0370996 109.3273665 11110 209.6820000000007
SKBO 14L 2547.2136 45.11 14L 4.7133921 -74.1520606 32R 4.6927059 -74.1247255 11130 127.20999999999913
SKBO 14R 2547.2136 45.11 14R 4.710494 -74.1691581 32L 4.6898004 -74.1418329 11070 127.23200000000361
VTCC 36 315.7728 45.11 36 18.7530486 98.9628763 18 18.7837878 98.9629489 10990 0.13999999999998636
VTCT 03 389.2296 45.11 03 19.9404712 99.8760272 21 19.9641669 99.8899393 10950 28.85200000000077
HSMN 02 273.7104 60.05 02 18.4264158 31.8360807 20 18.4597688 31.8511716 10850 23.24200000000019
HSMN 20 273.7104 60.05 20 18.4597688 31.8511716 02 18.4264158 31.8360807 10950 203.24199999999837
MKJS 07 0.9144000000000001 49.07 07 18.4986571 -77.92483 25 18.5086169 -77.9018877 10950 65.33599999999933
WMKC 10 4.8768 45.0 10 6.1682286 102.2848314 28 6.1645949 102.3062053 10930 99.71600000000035
SVMG 09 22.555200000000003 45.72 09 10.9096712 -63.9808508 27 10.9152549 -63.9536916 11010 78.28899999999703
TTCP 11 11.5824 45.11 11 11.1505918 -60.8447753 29 11.1487817 -60.8196933 10930 94.22499999999854
GABS 06 379.7808 45.0 06 12.5268241 -7.9603542 24 12.5427198 -7.9357332 10950 56.513999999999214
MSLP 07 30.7848 46.0 07 13.4359922 -89.0696272 25 13.4459028 -89.0418271 11030 69.86200000000099
MSLP 25 30.7848 46.0 25 13.4459028 -89.0418271 07 13.4359922 -89.0696272 10990 249.8619999999937
VTUO 04 178.91760000000002 45.11 04 15.221753 103.247594 22 15.237322 103.258867 10930 34.931000000000495
VOCB 23 403.5552 45.72 23 11.0411936 77.0544211 05 11.0223192 77.0348368 10910 225.5390000000043
SETN 19 9.7536 45.11 19 0.989367 -79.626192 01 0.966311 -79.627164 11070 182.4140000000043
VTBD 03L 2.4384 60.0 03L 13.8970111 100.5959389 21R 13.9263528 100.6123944 10970 28.56500000000051
VTBD 21R 2.4384 60.0 21R 13.9263528 100.6123944 03L 13.8970111 100.5959389 10930 208.56500000000233
VTBD 21L 2.4384 45.11 21L 13.927268 100.6170539 03R 13.8995703 100.6015221 11030 208.5679999999993
VCBI 04 8.2296 47.0 04 7.1691837 79.8745848 22 7.1932446 79.8930207 10990 37.245999999999185
VCBI 22 8.2296 47.0 22 7.1932446 79.8930207 04 7.1691837 79.8745848 11030 217.24599999999919
VRMM 18 1.2192 60.05 18 4.2126079 73.5310019 36 4.1818664 73.5310288 10970 179.94599999999627
VRMM 36 1.2192 60.05 36 4.1818664 73.5310288 18 4.2126079 73.5310019 10990 359.9459999999999
MKJP 12 2.1336 46.0 12 17.940276 -76.7994435 30 17.9310915 -76.7756575 10910 114.74300000000221
WMKA 04 4.572 46.02 04 6.1806585 100.3900622 22 6.200274 100.4080208 11170 42.298000000000684
MNMG 10 58.216800000000006 46.0 10 12.1428189 -86.1795132 28 12.1403497 -86.157207 10910 96.52900000000227
WSAP 02 19.2024 60.96 02 1.3420495 103.9017663 20 1.3787565 103.9172839 10930 23.022000000000844
WSAP 20 19.2024 60.96 20 1.3787565 103.9172839 02 1.3420495 103.9017663 11150 203.0219999999972
PHTO 26 11.5824 46.02 26 19.721359 -155.029302 8 19.72138 -155.0578595 11070 270.0109999999986
DNAI 21 51.5112 45.0 21 4.886705 8.100734 03 4.8575308 8.0863767 10890 206.1119999999937
DNCA 21 63.3984 45.11 21 4.9858943 8.3522949 03 4.9661642 8.3422987 10910 206.77099999999336
DRRN 09R 222.50400000000002 45.11 09R 13.4816014 2.1694161 27L 13.4832364 2.2045204 10990 87.28199999999924
DNBE 23 78.0288 45.11 23 6.324147 5.606772 05 6.309008 5.591244 10970 225.47500000000582
DNYO 17 182.5752 45.0 17 9.2710948 12.4281292 35 9.244342 12.4326722 10990 170.55099999999948
VVCT 06 2.7432000000000003 45.11 06 10.0769232 105.6975996 24 10.0904983 105.7213531 10930 59.85900000000038
SKYP 05 312.7248 36.0 05 5.3116058 -72.3916398 23 5.3263447 -72.3769284 11090 44.815999999998894
VOBR 08 663.8544 45.72 08 17.904725 77.470361 26 17.908522 77.489408 11170 78.3849999999984
SBKG 15 501.396 44.0 15 -7.2655983 -35.9018982 33 -7.2739427 -35.8899867 10910 125.21899999999732
SBSV 10 19.812 45.72 10 -12.911308 -38.33612 28 -12.905859 -38.308984 11190 78.36800000000221
SBSV 28 19.812 45.72 28 -12.905859 -38.308984 10 -12.911308 -38.33612 11090 258.3680000000022
SPTN 02 468.7824 45.11 02 -18.0639266 -70.2797619 20 -18.0426625 -70.2719025 10970 19.365999999999985
SEMT 24 14.020800000000001 45.11 24 -0.938825 -80.668189 06 -0.9533168 -80.6894274 11010 235.61699999999837
WADL 13 95.4024 45.0 13 -8.7494059 116.2655496 31 -8.7681796 116.2888629 10990 129.13999999999942
WARA 35 526.0848 39.62 35 -7.9400063 112.7169907 17 -7.9181707 112.7116693 10970 346.45299999999406
FZQA 07 1308.2016 49.99 07 -11.5971526 27.5173058 25 -11.5855639 27.5441824 10990 66.24599999999919
FCPP 17 16.764 45.11 17 -4.8046092 11.8837607 35 -4.8274925 11.8894229 10930 166.0679999999993
SBRF 18 10.0584 45.5 18 -8.115554 -34.9267508 36 -8.1391864 -34.9189482 11030 161.91599999999744
SBRB 06 192.6336 45.11 06 -9.8743164 -67.9021671 24 -9.8637691 -67.8856701 10930 56.95799999999872
NSFA 08 17.6784 45.11 08 -13.8302041 -172.0222747 26 -13.829873 -171.9945205 10990 89.30099999999948
NFFN 02 17.9832 46.02 02 -17.7727813 177.4290957 20 -17.7498943 177.4475213 11190 37.487999999999374
FVFA 12 1063.752 45.0 12 -18.0908272 25.8180391 30 -18.103244 25.8535378 11070 110.15200000000186
WARR 10 1.8288000000000002 45.11 10 -7.3776623 112.7734948 28 -7.3820191 112.80032 11010 99.28899999999703
WIEE 33 5.486400000000001 45.11 33 -0.7982644 100.2861097 15 -0.7756548 100.2756472 11150 335.2219999999943
SELT 19 2805.684 45.11 19 -0.890181 -78.614508 01 -0.923019 -78.616969 10870 184.28100000000268
FWCL 10 778.764 29.87 10 -15.6772955 34.9585719 28 -15.6796772 34.9802001 11030 96.83099999999831
SBSG 12 87.78240000000001 60.0 12 -5.7676692 -35.3799663 30 -5.7720112 -35.3531842 10970 99.29099999999744
WAHI 11 6.4008 45.0 11 -7.900053 110.042881 29 -7.9102742 110.0710813 11070 110.22299999999814
SECO 16 253.8984 27.43 16 -0.448697 -76.9938434 34 -0.467071 -76.984831 10850 153.89800000000105
HBBA 17 786.9936 45.11 17 -3.3078928 29.3160295 35 -3.340095 29.3210981 11010 171.09100000000035
WIPP 11 11.277600000000001 45.11 11 -2.8921875 104.6853885 29 -2.9026626 104.7102421 11110 112.84500000000116
WIPP 29 11.277600000000001 45.11 29 -2.9026626 104.7102421 11 -2.8921875 104.6853885 11050 292.84500000000116
FNLU 23 74.0664 45.11 23 -8.8539158 13.2383198 05 -8.8768521 13.2137509 11030 226.61599999999453
NTAA 04 0.6096 45.0 04 -17.56268 -149.6202456 22 -17.5446139 -149.594082 10990 54.097999999999956
SEQM 18 2388.7176 45.11 18 -0.1056034 -78.3552141 36 -0.1425799 -78.3536178 11110 177.55199999999604
SEQM 36 2388.7176 45.11 36 -0.1425799 -78.3536178 18 -0.1056034 -78.3552141 10930 357.5519999999999
WICA 14 40.5384 60.0 14 -6.6404463 108.1597378 32 -6.6577421 108.1742781 10950 140.12799999999697
SPQU 10 2559.7104 45.11 10 -16.3398314 -71.5847156 28 -16.3413157 -71.5568878 10970 93.1710000000021
SBCY 35 188.0616 45.11 35 -15.6622364 -56.1117439 17 -15.6437136 -56.1215996 10930 332.8929999999964
FMCH 02 27.432000000000002 45.11 02 -11.5465051 43.2695676 20 -11.5206764 43.2741653 11030 9.911000000000058
FMMT 19 6.4008 39.93 19 -18.099708 49.3914978 01 -18.1193811 49.3937113 11030 173.82200000000012
FCBB 05 319.1256 45.11 05 -4.2587963 15.2416589 23 -4.2396322 15.2644966 11170 49.90799999999945
WAAA 03 13.411200000000001 45.0 03 -5.0922861 119.5439751 21 -5.0680356 119.5579584 11050 29.86499999999978
WAAA 21 13.411200000000001 45.0 21 -5.0680356 119.5579584 03 -5.0922861 119.5439751 11010 209.86500000000524
WAAA 13 13.411200000000001 45.11 13 -5.054289 119.5454225 31 -5.068972 119.5625525 11130 130.71100000000297
AYPY 14L 38.1 45.11 14L -9.4308652 147.2139164 32R -9.4520719 147.2269925 11010 148.62200000000303
AYPY 32R 38.1 45.11 32R -9.4520719 147.2269925 14L -9.4308652 147.2139164 10950 328.622000000003
SPQT 06 93.2688 45.11 06 -3.790956 -73.3182189 24 -3.7785293 -73.2993826 10970 56.522000000000844
NFNA 10 5.1816 29.87 10 -18.0408835 178.5519399 28 -18.0472792 178.5711375 11050 109.29099999999744
YPTN 14 134.7216 45.11 14 -14.512195 132.368844 32 -14.530875 132.385566 11070 139.0789999999979
NSTU 05 0.0 46.02 05 -14.340495 -170.7252888 23 -14.3267865 -170.700776 11030 58.38100000000122
SEGU 21 5.7912 45.11 21 -2.147289 -79.8778408 03 -2.1683132 -79.889939 11030 209.94000000000233
HRYR 28 1488.0336 45.0 28 -1.9713399 30.1549012 10 -1.965908 30.1238698 10990 279.945000000007
FOON 15 441.96000000000004 45.11 15 -1.6449411 13.4297242 33 -1.6673575 13.4461459 11010 143.7390000000014
SLVR 34 373.38 45.11 34 -17.658047 -63.1264261 16 -17.6314653 -63.1443063 11090 327.33699999999953
SPSO 22 11.8872 45.11 22 -13.7342717 -76.2115181 04 -13.7553283 -76.229305 10970 219.37200000000303
SLAL 36 3104.0832 47.0 36 -19.2547776 -65.1457813 18 -19.2228771 -65.1523734 10990 348.9799999999959
WAOO 10 19.2024 50.0 10 -3.4402814 114.7516095 28 -3.4443657 114.7737205 11070 100.47600000000239
SBCJ 10 628.8024 45.0 10 -6.1189594 -50.012443 28 -6.1168205 -49.9944822 10930 83.18000000000029
SEGS 14 63.0936 38.1 14 -0.4449915 -90.2722577 32 -0.4625344 -90.2595303 11090 144.0109999999986
SESA 31 5.486400000000001 45.11 31 -2.2175912 -80.9759014 13 -2.2036498 -80.9927881 10870 309.6180000000022
SPHI 19 29.5656 45.11 19 -6.7762697 -79.8262953 01 -6.7987145 -79.8295296 10970 185.50599999999395
SLLP 10 4057.8024 48.0 10 -16.5127639 -68.2110221 28 -16.5139317 -68.173516 11030 91.88300000000163
SBAN 24R 1136.2944 45.11 24R -16.215303 -48.953822 06L -16.238486 -48.973267 11110 218.9320000000007
SBCF 16 829.3608 45.11 16 -19.6235148 -43.9781846 34 -19.6480023 -43.9555552 10970 138.95300000000134
SBCF 34 829.3608 45.11 34 -19.6480023 -43.9555552 16 -19.6235148 -43.9781846 11030 318.95299999999406
FLKK 10 1151.8392000000001 45.72 10 -15.329175 28.4342675 28 -15.332381 28.4709085 11030 95.17599999999948
FWKI 14 1227.1248 45.0 14 -13.7791097 33.7684001 32 -13.7996608 33.7936165 10990 130.0020000000004
SBMO 12 118.2624 45.11 12 -9.5086358 -35.8033063 30 -9.5130122 -35.7800006 10970 100.76600000000326
SBNT 16L 50.5968 45.0 16L -5.9018603 -35.2515863 34R -5.9200647 -35.2368084 10930 141.10199999999895
FMMI 11 1278.636 45.0 11 -18.7947799 47.4642712 29 -18.7991163 47.4933344 10950 98.94999999999709
WALL 25 3.6576000000000004 45.0 25 -1.2639538 116.9048743 07 -1.2727336 116.8841551 11090 247.0280000000057
SBMN 09 78.0288 45.0 09 -3.1483581 -59.995764 27 -3.1439131 -59.9779511 10930 75.9910000000018
SPJC 16R 33.2232 45.0 16R -12.00675 -77.133725 34L -12.035039 -77.1197694 10890 154.23999999999796
SPJC 16L 33.2232 45.0 16L -12.0076756 -77.1213241 34R -12.036091 -77.1073121 10970 154.25
SBUL 04 943.0512 45.0 04 -18.8922648 -48.2297438 22 -18.8747569 -48.2220452 10930 22.554000000000087
SBBR 11R 1066.1904 47.0 11R -15.880648 -47.9399854 29L -15.8786803 -47.9092657 10990 86.1730000000025
SBBR 29L 1066.1904 47.0 29L -15.8786803 -47.9092657 11R -15.880648 -47.9399854 11090 266.1729999999952
SBBR 11L 1066.1904 47.0 11L -15.863574 -47.9275644 29R -15.8616532 -47.8977365 11030 86.15800000000309
SBBR 29R 1066.1904 47.0 29R -15.8616532 -47.8977365 11L -15.863574 -47.9275644 10930 266.1579999999958
HKMO 21 60.96 46.02 21 -4.0130597 39.6064673 03 -4.0394428 39.5916916 11010 209.1600000000035
SBBE 06 16.4592 45.11 06 -1.388083 -48.484969 24 -1.370322 -48.467014 10930 45.25500000000102
FOOG 21 3.9624 43.59 21 -0.7039092 8.7576189 03 -0.725662 8.748735 10910 202.2060000000056
WABB 11 13.411200000000001 44.0 11 -1.1847706 136.0927192 29 -1.195375 136.1230263 11050 109.26499999999942
FSIA 31 2.4384 46.02 31 -4.6820858 55.53293 13 -4.6666011 55.5108182 11030 305.0819999999949
SPHY 21 3443.9352000000003 45.0 21 -13.6992885 -73.3452941 03 -13.7184251 -73.3575338 10970 211.8469999999943
SERO 07 51.2064 45.0 07 -3.4461072 -80.0069146 25 -3.4376713 -79.9863029 11110 67.70599999999831
SPRU 02 31.6992 44.2 02 -8.0946708 -79.1126444 20 -8.068758 -79.1046 10970 17.1850000000004
FZAA 24 311.8104 60.05 24 -4.377396 15.4573991 06 -4.3969322 15.4270772 11030 237.12799999999697
HTZA 18 16.4592 45.11 18 -6.2109286 39.2237655 36 -6.2381302 39.2264868 11150 174.30799999999726
WAWW 26 57.302400000000006 45.0 26 -4.0795876 122.4308156 08 -4.0835458 122.408628 10990 259.7869999999966
FJDG 31 2.1336 60.96 31 -7.3219525 72.4251622 13 -7.3045659 72.3969544 10930 301.86900000000605
WIOO 15 2.7432000000000003 45.0 15 -0.1414605 109.4001309 33 -0.160225 109.4077579 11130 157.86000000000058
SBCC 12 537.0576 45.11 12 -9.3313588 -54.9769335 30 -9.3361396 -54.9537216 10970 101.81399999999849
YBTL 01 5.486400000000001 45.0 01 -19.2582869 146.7647205 19 -19.238185 146.7742059 10930 24.029999999999745
HTDA 05 55.473600000000005 46.02 05 -6.8828043 39.1979389 23 -6.8637303 39.2170402 11050 44.800999999999476
FQNC 19 124.968 45.11 19 -14.4724685 40.7135669 01 -14.5003806 40.7112599 11030 184.65600000000268
WAHS 13 3.9624 45.11 13 -6.9624688 110.3635224 31 -6.9779674 110.3819079 10990 130.36499999999796
WIII 07R 10.3632 60.0 07R -6.1425342 106.6436685 25L -6.1303014 106.674406 11050 68.14400000000023
WIII 25L 10.3632 60.0 25L -6.1303014 106.674406 07R -6.1425342 106.6436685 11110 248.14400000000023
WIII 07L 10.3632 60.0 07L -6.1210047 106.6388436 25R -6.1089604 106.6690811 11150 68.15199999999822
WIII 25R 10.3632 60.0 25R -6.1089604 106.6690811 07L -6.1210047 106.6388436 11090 248.15200000000186
WIII 24 10.3632 60.0 24 -6.1038321 106.6697712 06 -6.1139297 106.6446284 10930 248.13499999999476
YBCS 15 1.524 45.11 15 -16.8658275 145.7435744 33 -16.8922961 145.7555411 10990 156.60599999999977
AYXM 16 1538.6304 45.0 16 -6.0492668 142.873564 34 -6.0653889 142.8772652 10810 167.0590000000011
SBEG 11 80.4672 45.11 11 -3.0385597 -60.061889 29 -3.0386157 -60.037556 11030 90.12400000000343
WADD 27 4.2672 45.0 27 -8.7478619 115.1810653 09 -8.7489431 115.1538292 11030 267.7360000000044
SPTU 01 200.8632 45.11 01 -12.6295587 -69.2293281 19 -12.5979355 -69.2280327 10970 2.380999999999858
YPDN 29 31.3944 60.0 29 -12.419232 130.8944388 11 -12.409409 130.8652641 10970 289.0170000000071
WAJJ 30 88.08720000000001 45.11 30 -2.5872533 140.5302491 12 -2.5711054 140.5085866 11030 306.7569999999978
SBSN 10 60.3504 45.11 10 -2.4241856 -54.803485 28 -2.4206927 -54.782152 11090 80.71600000000035
SBSL 06 54.254400000000004 45.11 06 -2.5971732 -44.2434982 24 -2.5803358 -44.2299569 10930 38.84400000000096
HKJK 06 1624.584 45.11 06 -1.3275688 36.9163805 24 -1.3057105 36.9462696 11030 53.8169999999991
SBFZ 13 24.9936 45.0 13 -3.7730096 -38.5449466 31 -3.7794324 -38.5209654 11030 105.01900000000023
FQBR 12 10.0584 45.11 12 -19.793644 34.896508 30 -19.799192 34.918603 11030 105.05599999999686
WAPP 04 10.0584 45.11 04 -3.7182816 128.0816616 22 -3.7023122 128.0976297 11110 44.840000000000146
HTKJ 09 893.6736000000001 45.11 09 -3.430104 37.0583473 27 -3.4287027 37.0906095 11090 87.51800000000003
WIHH 24 25.2984 45.0 24 -6.2609234 106.9034717 06 -6.2722317 106.8788244 11170 245.24400000000605
SBPV 19 88.69680000000001 46.0 19 -8.6984845 -63.9029888 01 -8.7201805 -63.9017002 10930 176.62900000000081
YBAS 12 545.2872 45.0 12 -23.8010234 133.8933608 30 -23.8121095 133.9140164 10990 120.3859999999986
SBGR 10L 749.1984 45.0 10L -23.434287 -46.483381 28R -23.424898 -46.448634 11070 73.58699999999953
SBGR 28R 749.1984 45.0 28R -23.424898 -46.448634 10L -23.434287 -46.483381 11190 253.58699999999953
SBGR 10R 749.1984 45.0 10R -23.4388029 -46.4870261 28L -23.4311946 -46.4588542 11170 73.59300000000076
SBGR 28L 749.1984 45.0 28L -23.4311946 -46.4588542 10R -23.4388029 -46.4870261 11110 253.59299999999348
NZWP 03 30.48 45.11 03 -36.7961331 174.6208732 21 -36.7851068 174.6390363 11070 52.832000000000335
NZWP 21 30.48 45.11 21 -36.7851068 174.6390363 03 -36.7961331 174.6208732 11110 232.83199999999488
FAPP 05 1242.3648 45.0 05 -23.858832 29.447136 23 -23.836118 29.466355 10870 37.74799999999959
SAZM 13 21.031200000000002 45.0 13 -37.9288499 -57.5838049 31 -37.9395621 -57.5627151 10950 122.77700000000186
YSNW 21 121.6152 45.11 21 -34.9356181 150.5521429 03 -34.9488322 150.5364412 10850 224.25100000000384
SACO 19 488.8992 45.11 19 -31.2956513 -64.2085644 01 -31.3245067 -64.2081126 11030 179.1999999999971
SAAP 20 74.0664 44.81 20 -31.7854 -60.4787333 02 -31.8041111 -60.4819889 11030 188.38700000000244
YMIA 09 50.5968 45.0 09 -34.2262158 142.0726065 27 -34.2297581 142.0933502 11090 101.67199999999866
SCVM 05 140.208 29.87 05 -32.954442 -71.4859574 23 -32.9451016 -71.4717106 11070 52.36200000000099
SAME 36 704.0880000000001 54.0 36 -32.8447391 -68.7930503 18 -32.8191926 -68.7926469 10990 0.7180000000000177
YPED 18 19.5072 46.02 18 -34.6919383 138.6180338 36 -34.7183692 138.6132351 11070 188.48300000000017
SBKP 15 660.1968 45.0 15 -22.9984204 -47.1470716 33 -23.0164163 -47.1219284 11030 127.87599999999657
YWLM 12 7.9248 45.0 12 -32.7871225 151.8225811 30 -32.8049759 151.8474748 11050 130.42599999999948
SBJV 33 4.572 45.11 33 -26.2290769 -48.7910041 15 -26.2198108 -48.8038113 11110 308.89400000000023
SAZN 09 272.796 45.63 09 -38.9490031 -68.1705501 27 -38.9490031 -68.1408401 11030 90.21900000000096
FAKN 05 862.2792000000001 45.0 05 -25.395324 31.09646 23 -25.370972 31.114694 10910 34.03099999999904
SAAR 20 25.2984 45.0 20 -32.8902057 -60.781644 02 -32.9167587 -60.7876771 10990 190.81699999999546
FAPE 08 68.8848 46.0 08 -33.9938588 25.6000153 26 -33.984441 25.618156 11110 58.004000000000815
FAPE 26 68.8848 46.0 26 -33.984441 25.618156 08 -33.9938588 25.6000153 10950 238.00400000000081
YBBN 01L 3.6576000000000004 60.0 01L -27.3830957 153.106741 19R -27.3565512 153.1220046 11150 26.91700000000037
YBBN 19R 3.6576000000000004 60.0 19R -27.3565512 153.1220046 01L -27.3830957 153.106741 10930 206.91700000000128
YBBN 01R 3.6576000000000004 45.11 01R -27.4033216 153.1179417 19L -27.374654 153.1343263 10950 26.912999999999556
YBBN 19L 3.6576000000000004 45.11 19L -27.374654 153.1343263 01R -27.4033216 153.1179417 11010 206.91300000000047
SUDU 21 92.964 45.11 21 -33.350503 -56.494933 03 -33.369394 -56.504619 10990 203.17999999999302
SCAT 17 203.9112 45.11 17 -27.2515012 -70.7801149 35 -27.2713147 -70.7783501 11010 175.4559999999983
SAAV 21 17.9832 32.0 21 -31.7011695 -60.8065278 03 -31.7204922 -60.816058 10950 202.7670000000071
FQMA 23 44.500800000000005 45.11 23 -25.8958265 32.5878455 05 -25.9246933 32.5702092 11030 208.80999999999767
YMES 27 6.4008 46.02 27 -38.0987468 147.1534595 09 -38.0956346 147.1283061 11070 278.92600000000675
SGME 01 168.55440000000002 40.0 01 -22.0607538 -60.62106 19 -22.0291629 -60.6223678 11130 357.8249999999998
SBSP 17R 802.8432 45.0 17R -23.6201748 -46.6609597 35L -23.6345538 -46.6510149 10930 147.6270000000004
SBSP 35L 802.8432 45.0 35L -23.6345538 -46.6510149 17R -23.6201748 -46.6609597 10970 327.62699999999313
SGAS 20 88.69680000000001 46.02 20 -25.225072 -57.515542 02 -25.254628 -57.522728 10950 192.40099999999802
YSWG 23 220.67520000000002 45.0 23 -35.1596008 147.4773038 05 -35.1670555 147.4601392 11110 242.0130000000063
FAHS 18 531.2664 46.0 18 -24.3412501 31.047069 36 -24.3733202 31.0571184 10950 164.06199999999808
YSCB 35 575.1576 45.0 35 -35.3174753 149.1944496 17 -35.290649 149.19445 10950 359.99499999999534
SANL 21 436.77840000000003 32.0 21 -29.3693077 -66.7888813 03 -29.3915923 -66.8025816 11010 208.1820000000007
YPEA 18L 44.196000000000005 50.0 18L -31.6624103 116.0137111 36R -31.6842727 116.0166188 11070 173.5089999999982
YPEA 36R 44.196000000000005 50.0 36R -31.6842727 116.0166188 18L -31.6624103 116.0137111 11190 353.50900000000547
YBOK 14 406.908 31.09 14 -27.4027697 151.7369808 32 -27.4149563 151.7464862 11050 145.24199999999837
FIMP 14 56.692800000000005 45.0 14 -20.4233182 57.669205 32 -20.4371688 57.6979692 10990 117.19400000000314
SARE 21 52.4256 50.0 21 -27.438245 -59.0510933 03 -27.4616012 -59.061089 11030 200.79200000000128
SASA 02 1245.1080000000002 45.11 02 -24.8728328 -65.4899415 20 -24.8463783 -65.4841541 11030 11.230999999999767
FXMM 22 1630.0704 45.11 22 -29.4416463 27.558945 04 -29.4695078 27.5502845 10890 195.18799999999464
SAEZ 11 19.2024 60.97 11 -34.8190504 -58.5534958 29 -34.8253781 -58.5181758 11010 102.30500000000029
SAEZ 35 19.2024 45.97 35 -34.8351763 -58.5246037 17 -34.8083229 -58.5339319 10870 344.0810000000056
FBSK 08 1004.9256 45.0 08 -24.561659 25.905455 26 -24.544545 25.940078 10990 61.477999999999156
SARF 22 58.8264 32.0 22 -26.2053947 -58.2243388 04 -26.2201089 -58.2319488 11090 204.87799999999697
FAOR 03L 1694.0784 60.96 03L -26.1464649 28.2343225 21R -26.1080231 28.2462171 11030 15.528000000000247
FAOR 21R 1694.0784 60.96 21R -26.1080231 28.2462171 03L -26.1464649 28.2343225 11090 195.5280000000057
FAOR 03R 1694.0784 60.96 03R -26.164818 28.24811 21L -26.1352236 28.2572497 10910 15.528000000000247
FAOR 21L 1694.0784 60.96 21L -26.1352236 28.2572497 03R -26.164818 28.24811 10990 195.5280000000057
SCEL 17L 473.964 55.0 17L -33.3760605 -70.7867314 35R -33.409835 -70.7849086 11030 177.42700000000332
SCEL 17R 473.964 45.11 17R -33.371902 -70.8037285 35L -33.4061578 -70.8019013 11110 177.43499999999767
SBMG 10 544.9824 44.81 10 -23.4781632 -52.0265409 28 -23.4741598 -52.0064046 11050 77.78800000000047
SARC 20 61.8744 45.11 20 -27.4348421 -58.7601493 02 -27.4549778 -58.7632671 10970 187.82799999999406
FACT 01 44.196000000000005 60.96 01 -33.9877466 18.6089191 19 -33.9598336 18.6000607 11030 345.27599999999984
FACT 19 44.196000000000005 60.96 19 -33.9598336 18.6000607 01 -33.9877466 18.6089191 10910 165.27599999999802
YMML 16 131.9784 60.0 16 -37.6531739 144.8349263 34 -37.6857683 144.8410358 10970 171.59100000000035
YMML 27 131.9784 45.0 27 -37.662252 144.8480944 09 -37.6607383 144.8222615 10930 274.2020000000048
FALM 10 935.4312000000001 45.72 10 -23.160034 29.6771804 28 -23.1598714 29.7162282 11110 89.71699999999691
FDSK 20 332.5368 44.79 20 -26.3425621 31.7170163 02 -26.3747807 31.7172109 11150 179.6820000000007
YSSY 16R 6.096 45.0 16R -33.9293426 151.1715901 34L -33.9642672 151.1806464 10950 167.85599999999977
YSSY 34L 6.096 45.0 34L -33.9642672 151.1806464 16R -33.9293426 151.1715901 11010 347.85599999999977
YSSY 07 6.096 45.0 07 -33.9437475 151.1635955 25 -33.9375253 151.1899754 10990 74.11899999999878
YSSY 25 6.096 45.0 25 -33.9375253 151.1899754 07 -33.9437475 151.1635955 10970 254.11900000000605
YSSY 16L 6.096 45.0 16L -33.9496014 151.1883224 34R -33.9710902 151.1939002 11090 167.84599999999773
YSSY 34R 6.096 45.0 34R -33.9710902 151.1939002 16L -33.9496014 151.1883224 10930 347.846000000005
FAOB 35 15.24 46.0 35 -34.577242 20.2695371 17 -34.5541461 20.2502843 11090 325.5390000000043
YSRI 28 19.812 45.0 28 -33.6073198 150.7932588 10 -33.6016538 150.7712668 11190 287.18099999999686
YAMB 15 27.432000000000002 46.02 15 -27.6217037 152.7052939 33 -27.6473243 152.7164776 11070 158.83200000000215
SBYS 02C 598.932 45.11 02C -21.9940797 -47.3411932 20C -21.9750463 -47.3412505 10930 359.8060000000005
SBCG 06 558.6984 42.98 06 -20.478717 -54.682358 24 -20.461354 -54.665602 11030 42.08899999999994
NWWW 11 15.24 45.0 11 -22.0069576 166.1995363 29 -22.0221108 166.2264844 10990 121.24599999999919
YMAV 18 10.668000000000001 45.0 18 -38.027246 144.4694054 36 -38.0544425 144.4648592 10950 187.5610000000015
SCIE 02 7.010400000000001 45.0 02 -36.782033 -73.0685675 20 -36.7608086 -73.0562176 10990 25.037000000000262
SUMU 19 31.6992 45.11 19 -34.8216702 -56.0310273 01 -34.8419736 -56.0307442 11110 179.4140000000043
SUMU 25 31.6992 45.11 25 -34.8268565 -56.0118896 07 -34.84398 -56.040042 10990 233.403999999995
YPAD 23 6.096 45.0 23 -34.940619 138.543264 05 -34.9585295 138.517195 10970 230.02700000000186
SCIP 10 68.8848 45.0 10 -27.158025 -109.4366556 28 -27.1715667 -109.40695 11030 118.09900000000198
FALA 07 1376.7816 45.0 07 -25.9482828 27.9154304 25 -25.9299885 27.937457 11070 47.27899999999863
SCDA 19 46.6344 45.11 19 -20.5201097 -70.180482 01 -20.5503474 -70.1821017 10990 182.87099999999919
SASJ 34 920.1912000000001 40.0 34 -24.4042541 -65.0906049 16 -24.3812186 -65.105045 11010 330.26900000000023
FAWK 01 1505.4072 45.11 01 -25.8438426 28.2247946 19 -25.8139634 28.2201294 11130 352.0430000000001
FALE 06 91.44 60.0 06 -29.625041 31.1077481 24 -29.5984816 31.1308767 11130 37.120999999999185
FALE 24 91.44 60.0 24 -29.5984816 31.1308767 06 -29.625041 31.1077481 10970 217.12099999999919
SADF 05 1.524 39.93 05 -34.4591578 -58.5962265 23 -34.4481741 -58.583414 10910 44.052999999999884
SGES 23 257.86080000000004 45.11 23 -25.4438879 -54.8325775 05 -25.467054 -54.8545954 11130 220.62799999999697
SBVT 24 3.3528000000000002 45.11 24 -20.2511331 -40.2823336 06 -20.2645296 -40.2911496 10930 211.7060000000056
SARI 31 279.1968 45.11 31 -25.743517 -54.458511 13 -25.731042 -54.488378 11090 294.875
SCQP 01 97.536 45.0 01 -38.9364 -72.6557444 19 -38.9154028 -72.6474306 11030 17.117999999999938
SCSN 23 74.9808 17.98 23 -33.6546391 -71.6121163 05 -33.6586654 -71.6192877 10990 236.1490000000049
SBCT 15 909.5232000000001 45.11 15 -25.522081 -49.1829448 33 -25.5361217 -49.1671936 10930 134.7019999999975
SBCT 33 909.5232000000001 45.11 33 -25.5361217 -49.1671936 15 -25.522081 -49.1829448 11030 314.7020000000048
NCRG 08 5.7912 45.0 08 -21.2025706 -159.8169567 26 -21.202563 -159.7945161 10990 90.00500000000102
NCRG 26 5.7912 45.0 26 -21.202563 -159.7945161 08 -21.2025706 -159.8169567 11030 270.00500000000466
FYWH 26 1719.3768 45.0 26 -22.4713875 17.4893501 08 -22.489733 17.4495287 11030 243.4930000000022
SBGL 10 7.010400000000001 50.0 10 -22.801846 -43.255218 28 -22.7921711 -43.2176336 10930 74.375
SBGL 28 7.010400000000001 50.0 28 -22.7921711 -43.2176336 10 -22.801846 -43.255218 11150 254.375
SBGL 15 7.010400000000001 50.0 15 -22.8124163 -43.2637261 33 -22.8291396 -43.2384552 11050 125.67899999999645
SAOR 06 484.3272 50.0 06 -33.7306754 -65.3890106 24 -33.7195273 -65.3672709 10950 58.38300000000163
FAGG 11 196.596 45.11 11 -34.0059174 22.366403 29 -34.0052353 22.3880227 10950 87.80299999999988
FAGG 29 196.596 45.11 29 -34.0052353 22.3880227 11 -34.0059174 22.366403 11010 267.8029999999999
SCVD 35 21.945600000000002 45.0 35 -39.6592889 -73.0859422 17 -39.6403417 -73.0866382 11050 358.31200000000536
SAZR 19 191.4144 32.0 19 -36.5780301 -64.2731045 01 -36.5983448 -64.2780942 11030 191.2100000000064
SBFI 15 239.8776 45.11 15 -25.5893755 -54.4955701 33 -25.6022905 -54.479015 10910 130.82299999999668
SBSJ 16 646.176 45.11 16 -23.2196632 -45.8719611 34 -23.2367337 -45.8534549 11030 135.0500000000029
SANU 18 596.7984 45.11 18 -31.5603618 -68.4183869 36 -31.5825431 -68.4181639 11030 179.5109999999986
FAEL 11 132.588 45.72 11 -33.037211 27.811922 29 -33.034769 27.832475 11090 81.91900000000169
FAEL 29 132.588 45.72 29 -33.034769 27.832475 11 -33.037211 27.811922 10990 261.9189999999944
SANT 02 455.67600000000004 45.0 02 -26.8537739 -65.1073365 20 -26.8226403 -65.1013514 10990 9.721999999999753
YBCG 14 6.096 45.0 14 -28.1565072 153.5007116 32 -28.1760982 153.5131686 11110 150.71699999999691
NZAA 05R 6.096 46.33 05R -37.017035 174.7681715 23L -37.0066293 174.8057608 11030 70.89900000000125
NZAA 23L 6.096 46.33 23L -37.0066293 174.8057608 05R -37.017035 174.7681715 10990 250.8990000000049
SAZB 17L 74.9808 45.0 17L -38.7166758 -62.1573783 35R -38.7375163 -62.1495882 10970 163.76499999999942
SAOC 05 419.7096 49.99 05 -33.0994468 -64.2778168 23 -33.0848503 -64.2608852 11090 44.177999999999884
SABE 13 5.486400000000001 45.0 13 -34.5539245 -58.4252652 31 -34.5657712 -58.4040134 10950 124.11699999999837
SAZT 19 174.95520000000002 48.0 19 -37.2229333 -59.2273111 01 -37.2458222 -59.2298639 10990 185.07399999999325
YSTW 30R 406.6032 45.0 30R -31.0845481 150.8538582 12L -31.0710545 150.8369573 10990 313.0
FMEE 14 19.5072 45.11 14 -20.8841933 55.5041541 32 -20.8949562 55.5271289 11030 116.56399999999849
YPPH 03 20.1168 45.0 03 -31.958719 115.9596966 21 -31.9285921 115.9684704 11010 13.881000000000313
YPPH 21 20.1168 45.0 21 -31.9285921 115.9684704 03 -31.958719 115.9596966 10950 193.88099999999395
YPPH 24 20.1168 46.02 24 -31.9308937 115.9787987 06 -31.9409684 115.9592258 10990 238.7630000000063
YMEN 26 85.95360000000001 45.0 26 -37.73079 144.9146626 08 -37.731383 144.8928522 10990 268.025999999998
FDMS 07 632.46 45.11 07 -26.5361019 31.2971265 25 -26.5221379 31.3180872 10970 53.30500000000029
SBFL 14 5.7912 45.0 14 -27.6657288 -48.5512194 32 -27.676939 -48.5303926 11030 121.3289999999979
SBPA 11 3.3528000000000002 43.0 11 -29.994368 -51.1830204 29 -29.9948467 -51.1593355 11030 91.29400000000169
SBSM 11 87.47760000000001 45.0 11 -29.7105709 -53.7039283 29 -29.7120501 -53.6760041 11030 93.28800000000047
SCTE 35 88.69680000000001 45.0 35 -41.4508389 -73.0943806 17 -41.4269361 -73.0935306 11010 1.5270000000018626
SAWH 25 29.260800000000003 45.0 25 -54.8424563 -68.2737716 07 -54.8441493 -68.3174597 11130 266.14400000000023
YMHB 12 3.6576000000000004 45.0 12 -42.8282235 147.5010241 30 -42.8455863 147.5246001 10990 135.11699999999837
SCCI 25 42.367200000000004 44.0 25 -53.0006161 -70.8337933 07 -53.0011596 -70.8754167 10990 268.7630000000063
EGYP 28 74.3712 46.02 28 -51.823892 -58.438814 10 -51.817756 -58.475042 11190 285.2899999999936
SCPQ 35 160.9344 45.0 35 -42.3493695 -73.7166474 17 -42.3314362 -73.7146698 10990 4.657000000006519
NZDN 03 0.9144000000000001 45.72 03 -45.93387 170.1875008 21 -45.9243121 170.2078097 11030 55.94599999999991
NZDN 21 0.9144000000000001 45.72 21 -45.9243121 170.2078097 03 -45.93387 170.1875008 10990 235.94599999999627
YMLT 32L 171.29760000000002 45.0 32L -41.5520733 147.2169328 14R -41.5370582 147.2041027 10950 327.372000000003
NZOH 09 49.9872 45.11 09 -40.2021581 175.3725679 27 -40.2093018 175.3997329 11070 109.03499999999985
NZOH 27 49.9872 45.11 27 -40.2093018 175.3997329 09 -40.2021581 175.3725679 11110 289.0350000000035
NZWN 16 12.4968 44.01 16 -41.3186246 174.8074544 34 -41.3349389 174.8063636 11030 182.8989999999976
NZWN 34 12.4968 44.01 34 -41.3349389 174.8063636 16 -41.3186246 174.8074544 10990 2.8990000000048894
SAWC 25 202.9968 44.81 25 -50.2791762 -72.0353975 07 -50.2813108 -72.0710074 10890 264.65200000000186
SAZS 29 845.2104 47.85 29 -41.155483 -71.1451233 11 -41.1466763 -71.1705636 10950 294.8070000000007
NZCH 02 37.4904 45.0 02 -43.4976449 172.5220949 20 -43.4749759 172.5482842 10990 39.97699999999986
NZCH 20 37.4904 45.0 20 -43.4749759 172.5482842 02 -43.4976449 172.5220949 11030 219.97699999999895
SAVE 23 798.8808 39.93 23 -42.8979608 -71.1232284 05 -42.9096596 -71.1478341 10970 237.0109999999986
SAWE 26 19.2024 45.0 26 -53.7771918 -67.734377 08 -53.7779815 -67.7646605 10950 267.4569999999949
SAWG 25 18.8976 45.0 25 -51.607598 -69.2871566 07 -51.6100485 -69.3382352 11030 265.55800000000454
SAVC 25 57.302400000000006 50.0 25 -45.7829065 -67.4479263 07 -45.7875204 -67.4827771 11030 259.35400000000664
SAVT 25 42.976800000000004 44.81 25 -43.2063778 -65.2556887 07 -43.2145598 -65.2850838 10950 249.09299999999348
